"Distribution of the biomass (tonne) of prey species (in columns) in the diet of Goosefish by Age class (year). For class i, the preyed biomass in [i,i+1[ is reported."
"Time","Age","AtlanticHerring","AtlanticMackerel","BlackSeaBass","Scup","SpinyDogfish","StripedBass","Goosefish","WinterFlounder","Squids","Flounders","SkateRays","Hakes","Benthopelagics","MiscellaneousDemersals","ShallowDemersal","WhitePerch","AtlanticTomcod","Diazotrophs","LargePhytoplankton","LargeZooplankton","MediumPhytoplankton","MediumZooplankton","SmallPhytoplankton","SmallZooplankton","Benthos"
1.0,0.0,0.6922717,0.005672366,0.003934363,0.025197752,0.0,1.02634566E-7,2.3893021E-4,0.027504137,1.1581273,0.062118445,0.04803148,0.025778102,1.645372,0.1549985,0.1431661,0.0,0.0,0.0013575058,0.046872903,1.1516373,0.1272079,1.849327,0.022326553,0.49014825,3.927384
1.0,2.0,8.628647,1.3725162,0.087754056,1.0547503,0.20292291,0.046395004,0.04069425,0.49895304,12.866397,0.983642,2.1133773,0.78967315,3.86456,2.6710825,3.7879727,0.0,0.0,0.0,0.0,0.0,0.0,0.0,0.0,0.0,1.1554649
1.0,4.0,5.7852716,3.2648487,0.09117957,1.2886215,0.7090923,0.27644333,0.046375733,0.3244791,8.171406,1.2107987,4.7949734,1.28804,0.11427988,4.694988,3.11707,0.0,0.0,0.0,0.0,0.0,0.0,0.0,0.0,0.0,0.0
1.0,6.0,3.3546495,1.9235799,0.052926157,0.6026933,0.66238534,0.43064374,0.03599668,0.16755085,3.682157,0.9473257,7.129227,1.1886132,0.0,3.3676543,1.7182131,0.0,0.0,0.0,0.0,0.0,0.0,0.0,0.0,0.0,0.0
1.0,8.0,2.1166124,1.4015157,0.036656324,0.40649182,0.5832466,0.3744576,0.03584688,0.097303085,1.315077,0.7710797,6.085323,0.82736444,0.0,2.3670192,1.1765211,0.0,0.0,0.0,0.0,0.0,0.0,0.0,0.0,0.0,0.0
1.0,10.0,1.2022814,1.067858,0.028527198,0.3214449,0.6044114,0.3544781,0.037583757,0.07003908,0.56377023,0.67099464,4.8087044,0.62506,0.0,1.7553486,0.8702517,0.0,0.0,0.0,0.0,0.0,0.0,0.0,0.0,0.0,0.0
1.0,12.0,0.75810415,0.7789073,0.018043775,0.21902913,0.52116156,0.2779783,0.03242816,0.050067008,0.17539507,0.5037831,3.414679,0.45915285,0.0,1.1715503,0.5476929,0.0,0.0,0.0,0.0,0.0,0.0,0.0,0.0,0.0,0.0
1.0,14.0,0.39879525,0.5391613,0.013783881,0.15312342,0.4641152,0.19353022,0.024034787,0.028884266,0.05505062,0.32690302,2.3359437,0.30196247,0.0,0.767491,0.34475324,0.0,0.0,0.0,0.0,0.0,0.0,0.0,0.0,0.0,0.0
1.0,16.0,0.20465784,0.42204124,0.01020481,0.106161,0.41163385,0.16508298,0.018885924,0.020866651,0.011887452,0.2552529,1.7267958,0.22751306,0.0,0.56338423,0.2512928,0.0,0.0,0.0,0.0,0.0,0.0,0.0,0.0,0.0,0.0
1.0,18.0,0.12285381,0.2966067,0.007233375,0.0797645,0.35531616,0.12379239,0.016097514,0.015838195,0.006058447,0.19097364,1.3290658,0.18128096,0.0,0.39366722,0.17839548,0.0,0.0,0.0,0.0,0.0,0.0,0.0,0.0,0.0,0.0
1.0,20.0,0.077256456,0.22356756,0.0052668774,0.061063144,0.28580695,0.09750853,0.011757378,0.012182723,0.0,0.14099701,0.9572636,0.12526512,0.0,0.3090727,0.12273504,0.0,0.0,0.0,0.0,0.0,0.0,0.0,0.0,0.0,0.0
1.0,22.0,0.05863618,0.17202231,0.0037874572,0.042447742,0.24090947,0.0668778,0.009393931,0.007868147,0.0,0.10218865,0.67246604,0.08969254,0.0,0.21395017,0.08306782,0.0,0.0,0.0,0.0,0.0,0.0,0.0,0.0,0.0,0.0
1.0,24.0,0.03813322,0.11407963,0.0029070273,0.030245341,0.18544938,0.053079836,0.0065662013,0.0046545146,0.0,0.07336787,0.4806586,0.06345727,0.0,0.15476525,0.056978658,0.0,0.0,0.0,0.0,0.0,0.0,0.0,0.0,0.0,0.0
1.0,26.0,0.022281617,0.07094132,0.0017084178,0.016884899,0.12254738,0.035397876,0.004238874,0.003832537,0.0,0.041844178,0.31210816,0.040282983,0.0,0.085868225,0.031774927,0.0,0.0,0.0,0.0,0.0,0.0,0.0,0.0,0.0,0.0
1.0,28.0,0.0062766145,0.033224043,6.5995933E-4,0.0070596933,0.05454086,0.011902491,0.0018346761,0.0011438591,0.0,0.018539077,0.1195197,0.01644285,0.0,0.035170387,0.011370868,0.0,0.0,0.0,0.0,0.0,0.0,0.0,0.0,0.0,0.0
1.0,30.0,2.559888E-5,7.500096E-4,1.3790843E-5,1.469884E-4,8.5045723E-4,3.7221363E-4,3.1243308E-5,4.6474424E-6,0.0,5.5457634E-4,0.0015561947,2.9901913E-4,0.0,3.125336E-4,4.958407E-4,0.0,0.0,0.0,0.0,0.0,0.0,0.0,0.0,0.0,0.0
1.0,32.0,0.0,0.0,0.0,0.0,0.0,0.0,0.0,0.0,0.0,0.0,0.0,0.0,0.0,0.0,0.0,0.0,0.0,0.0,0.0,0.0,0.0,0.0,0.0,0.0,0.0
1.0,34.0,0.0,0.0,0.0,0.0,0.0,0.0,0.0,0.0,0.0,0.0,0.0,0.0,0.0,0.0,0.0,0.0,0.0,0.0,0.0,0.0,0.0,0.0,0.0,0.0,0.0
1.0,36.0,0.0,0.0,0.0,0.0,0.0,0.0,0.0,0.0,0.0,0.0,0.0,0.0,0.0,0.0,0.0,0.0,0.0,0.0,0.0,0.0,0.0,0.0,0.0,0.0,0.0
1.0,38.0,0.0,0.0,0.0,0.0,0.0,0.0,0.0,0.0,0.0,0.0,0.0,0.0,0.0,0.0,0.0,0.0,0.0,0.0,0.0,0.0,0.0,0.0,0.0,0.0,0.0
1.0,40.0,0.0,0.0,0.0,0.0,0.0,0.0,0.0,0.0,0.0,0.0,0.0,0.0,0.0,0.0,0.0,0.0,0.0,0.0,0.0,0.0,0.0,0.0,0.0,0.0,0.0
2.0,0.0,0.10031019,0.0141293565,4.0095035E-4,0.0113976,0.0,0.0,3.54793E-5,0.013470402,0.507214,0.011987389,0.008379451,0.010021942,0.36606315,0.4694299,0.11745776,0.0,0.0,2.5832406E-4,0.08424497,3.5261981,0.24687022,4.6207094,0.026821261,0.59402484,3.9347954
2.0,2.0,5.124736,3.1458452,0.07944826,0.39204583,0.54082084,0.0,0.012857792,0.5790788,10.177913,1.1159576,2.0738993,0.6013231,0.23490156,2.8508697,2.3283777,0.0,0.0,0.0,0.0,0.0,0.0,0.0,0.0,0.0,0.0018754764
2.0,4.0,5.5514817,4.8413024,0.24232611,0.8789121,2.8804743,1.4084346E-4,0.061286103,0.7828434,11.8407135,2.195949,6.9641695,1.8074424,0.030178497,5.1509814,3.0511942,0.0,0.0,0.0,0.0,0.0,0.0,0.0,0.0,0.0,0.0
2.0,6.0,2.844077,3.183373,0.15870737,0.33773154,2.7342238,0.31905326,0.08872704,0.46919483,5.8638477,1.5580536,11.960897,1.7519908,0.0,3.0148718,1.3892723,0.0,0.0,0.0,0.0,0.0,0.0,0.0,0.0,0.0,0.0
2.0,8.0,1.32618,1.8050567,0.06572508,0.17454447,1.9807037,0.71512276,0.07710975,0.23240371,1.7418842,0.89991075,10.059701,0.8734,0.0,1.7936835,0.60857934,0.0,0.0,0.0,0.0,0.0,0.0,0.0,0.0,0.0,0.0
2.0,10.0,0.85205615,1.1375091,0.037913788,0.14080119,1.7748421,0.72797924,0.07823156,0.19027933,0.41464886,0.62194604,7.869425,0.5906136,0.0,1.1956801,0.3386328,0.0,0.0,0.0,0.0,0.0,0.0,0.0,0.0,0.0,0.0
2.0,12.0,0.48887023,0.7461503,0.024531504,0.09842701,1.51158,0.58770806,0.07312672,0.10713993,0.070300624,0.33922905,5.598904,0.39337444,0.0,0.79074997,0.19847928,0.0,0.0,0.0,0.0,0.0,0.0,0.0,0.0,0.0,0.0
2.0,14.0,0.23969567,0.4085901,0.013954675,0.069053136,1.092948,0.46483812,0.056239538,0.059444606,0.010737351,0.20389286,3.7656667,0.23509611,0.0,0.51287764,0.11529374,0.0,0.0,0.0,0.0,0.0,0.0,0.0,0.0,0.0,0.0
2.0,16.0,0.08310289,0.2421495,0.007360147,0.04288394,0.85540414,0.33962706,0.04729046,0.02402164,0.003818662,0.13550712,2.582735,0.15212779,0.0,0.36180037,0.074107334,0.0,0.0,0.0,0.0,0.0,0.0,0.0,0.0,0.0,0.0
2.0,18.0,0.035156503,0.14294064,0.0072666463,0.035695173,0.7302487,0.25902614,0.03855048,0.015756577,8.990301E-5,0.09055704,1.9278009,0.120218426,0.0,0.2577498,0.054887105,0.0,0.0,0.0,0.0,0.0,0.0,0.0,0.0,0.0,0.0
2.0,20.0,0.015883755,0.09083678,0.0052079335,0.023892328,0.58597815,0.2056662,0.025765346,0.012743162,0.0,0.056258306,1.3895673,0.0814418,0.0,0.20499463,0.038360085,0.0,0.0,0.0,0.0,0.0,0.0,0.0,0.0,0.0,0.0
2.0,22.0,0.009522025,0.062580846,0.0030675181,0.01451593,0.44927943,0.15694188,0.020032974,0.004499224,0.0,0.036348395,1.0114719,0.055353068,0.0,0.1383768,0.025506577,0.0,0.0,0.0,0.0,0.0,0.0,0.0,0.0,0.0,0.0
2.0,24.0,0.0075569935,0.037914485,0.0022018172,0.010635987,0.35862103,0.10798288,0.01320142,0.0026822812,0.0,0.02484293,0.7169631,0.038528193,0.0,0.08749478,0.017459098,0.0,0.0,0.0,0.0,0.0,0.0,0.0,0.0,0.0,0.0
2.0,26.0,0.004305901,0.02497658,0.0014189286,0.0071101543,0.2520601,0.07385405,0.0098797195,0.0015806913,0.0,0.015210409,0.49460748,0.029027477,0.0,0.06600668,0.012329193,0.0,0.0,0.0,0.0,0.0,0.0,0.0,0.0,0.0,0.0
2.0,28.0,0.0018992723,0.010724611,5.285939E-4,0.0026919115,0.101589955,0.029461732,0.00414307,8.4124104E-4,0.0,0.0070090136,0.18753196,0.01007194,0.0,0.02474057,0.0041179643,0.0,0.0,0.0,0.0,0.0,0.0,0.0,0.0,0.0,0.0
2.0,30.0,5.3555494E-5,2.3347572E-4,1.765129E-5,6.366638E-5,0.0015570966,6.244445E-4,6.884314E-5,1.0784415E-5,0.0,1.060206E-4,0.0022925795,3.6727134E-4,0.0,4.7096817E-4,2.476063E-4,0.0,0.0,0.0,0.0,0.0,0.0,0.0,0.0,0.0,0.0
2.0,32.0,0.0,0.0,0.0,0.0,0.0,0.0,0.0,0.0,0.0,0.0,0.0,0.0,0.0,0.0,0.0,0.0,0.0,0.0,0.0,0.0,0.0,0.0,0.0,0.0,0.0
2.0,34.0,0.0,0.0,0.0,0.0,0.0,0.0,0.0,0.0,0.0,0.0,0.0,0.0,0.0,0.0,0.0,0.0,0.0,0.0,0.0,0.0,0.0,0.0,0.0,0.0,0.0
2.0,36.0,0.0,0.0,0.0,0.0,0.0,0.0,0.0,0.0,0.0,0.0,0.0,0.0,0.0,0.0,0.0,0.0,0.0,0.0,0.0,0.0,0.0,0.0,0.0,0.0,0.0
2.0,38.0,0.0,0.0,0.0,0.0,0.0,0.0,0.0,0.0,0.0,0.0,0.0,0.0,0.0,0.0,0.0,0.0,0.0,0.0,0.0,0.0,0.0,0.0,0.0,0.0,0.0
2.0,40.0,0.0,0.0,0.0,0.0,0.0,0.0,0.0,0.0,0.0,0.0,0.0,0.0,0.0,0.0,0.0,0.0,0.0,0.0,0.0,0.0,0.0,0.0,0.0,0.0,0.0
3.0,0.0,1.8383914,1.1201901,0.04243807,0.014831223,0.0,1.7606193E-14,2.2974964E-4,0.051993277,4.6961417,0.00980444,0.01750522,0.36381975,1.0076118,2.2575567,0.24552047,0.0,0.0,1.20309E-4,0.08450405,3.8913567,0.32701463,5.6517177,0.033729173,0.7590064,16.369873
3.0,2.0,0.7983781,0.8160725,0.028480837,0.043155648,0.34484082,0.0,0.012891316,0.18152404,1.8313779,0.33709416,0.6787997,0.28898546,0.03591343,0.74872273,0.5082978,0.0,0.0,0.0,0.0,0.0,0.0,0.0,0.0,0.0,0.024267837
3.0,4.0,3.828781,5.064582,0.36892754,0.41310677,3.1818705,0.0,0.043186065,0.96112543,10.716604,3.2836173,7.334995,2.1248672,0.024765925,4.6232495,2.9456766,0.0,0.0,0.0,0.0,0.0,0.0,0.0,0.0,0.0,0.0
3.0,6.0,2.2808592,4.5371895,0.23897253,0.19211885,5.1564937,0.0039636265,0.08198634,0.6978624,6.157927,2.9662528,14.59386,2.4273934,0.0,2.7268171,2.2744353,0.0,0.0,0.0,0.0,0.0,0.0,0.0,0.0,0.0,0.0
3.0,8.0,0.88953435,2.8676124,0.13967194,0.069781214,3.8945665,0.2989434,0.09764359,0.41807,1.9576404,1.9386635,13.424556,1.3244022,0.0,1.2417618,1.0644875,0.0,0.0,0.0,0.0,0.0,0.0,0.0,0.0,0.0,0.0
3.0,10.0,0.3231673,1.8731178,0.07314243,0.03141158,2.995589,0.639697,0.12666433,0.2562229,0.43962196,1.1985483,9.178059,0.79761636,0.0,0.57440215,0.38782427,0.0,0.0,0.0,0.0,0.0,0.0,0.0,0.0,0.0,0.0
3.0,12.0,0.2054082,1.2645918,0.04696976,0.015379992,2.3807828,0.6227997,0.13991901,0.16936632,0.11131098,0.7997014,6.521763,0.46088183,0.0,0.28286514,0.11723055,0.0,0.0,0.0,0.0,0.0,0.0,0.0,0.0,0.0,0.0
3.0,14.0,0.10407835,0.85813344,0.020325601,0.0077877035,1.7522757,0.4871757,0.09896063,0.099652365,0.013844013,0.48929197,4.2565246,0.26868138,0.0,0.17542821,0.038489427,0.0,0.0,0.0,0.0,0.0,0.0,0.0,0.0,0.0,0.0
3.0,16.0,0.033396326,0.5263721,0.011665438,0.0057640723,1.2897791,0.34388578,0.064861774,0.044788197,0.007830657,0.28443652,2.7306864,0.13852356,0.0,0.10826024,0.011906655,0.0,0.0,0.0,0.0,0.0,0.0,0.0,0.0,0.0,0.0
3.0,18.0,0.008524767,0.3775552,0.007471013,0.003995876,0.9752501,0.27830073,0.053095087,0.033307526,5.4095016E-4,0.16892204,1.9798827,0.10022719,0.0,0.05783578,0.005949426,0.0,0.0,0.0,0.0,0.0,0.0,0.0,0.0,0.0,0.0
3.0,20.0,0.0025620237,0.27388632,0.0049548787,0.0024586488,0.7742156,0.22513953,0.035339165,0.012897654,0.0,0.113183066,1.4495639,0.055030633,0.0,0.04089741,0.0031755674,0.0,0.0,0.0,0.0,0.0,0.0,0.0,0.0,0.0,0.0
3.0,22.0,0.0020994225,0.18244042,0.0032466126,0.0025088596,0.5936113,0.16705647,0.030071342,0.011116946,0.0,0.0878907,1.021675,0.038042057,0.0,0.030343365,0.0026883,0.0,0.0,0.0,0.0,0.0,0.0,0.0,0.0,0.0,0.0
3.0,24.0,2.9714472E-4,0.12562001,0.0017788291,0.0010765011,0.43862078,0.13149977,0.017516157,0.0051133563,0.0,0.0653819,0.7282426,0.023175454,0.0,0.024121707,0.0011788848,0.0,0.0,0.0,0.0,0.0,0.0,0.0,0.0,0.0,0.0
3.0,26.0,1.4460112E-4,0.070572846,0.0011148888,6.3056184E-4,0.28572354,0.07027523,0.014409303,0.0027410975,0.0,0.034281522,0.43720177,0.0140526425,0.0,0.012949953,7.4475026E-4,0.0,0.0,0.0,0.0,0.0,0.0,0.0,0.0,0.0,0.0
3.0,28.0,4.427721E-5,0.042874362,7.411952E-4,5.091458E-4,0.15597388,0.039634567,0.007927515,7.5015397E-4,0.0,0.01633025,0.22705413,0.0068171863,0.0,0.006072981,2.4420733E-4,0.0,0.0,0.0,0.0,0.0,0.0,0.0,0.0,0.0,0.0
3.0,30.0,6.65273E-7,2.0152361E-4,2.7597325E-6,2.325154E-6,0.0020488584,7.365881E-4,5.0556228E-5,1.90607E-9,0.0,3.0648638E-4,0.003389252,1.1898822E-5,0.0,1.5197667E-5,4.422354E-7,0.0,0.0,0.0,0.0,0.0,0.0,0.0,0.0,0.0,0.0
3.0,32.0,0.0,0.0,0.0,0.0,0.0,0.0,0.0,0.0,0.0,0.0,0.0,0.0,0.0,0.0,0.0,0.0,0.0,0.0,0.0,0.0,0.0,0.0,0.0,0.0,0.0
3.0,34.0,0.0,0.0,0.0,0.0,0.0,0.0,0.0,0.0,0.0,0.0,0.0,0.0,0.0,0.0,0.0,0.0,0.0,0.0,0.0,0.0,0.0,0.0,0.0,0.0,0.0
3.0,36.0,0.0,0.0,0.0,0.0,0.0,0.0,0.0,0.0,0.0,0.0,0.0,0.0,0.0,0.0,0.0,0.0,0.0,0.0,0.0,0.0,0.0,0.0,0.0,0.0,0.0
3.0,38.0,0.0,0.0,0.0,0.0,0.0,0.0,0.0,0.0,0.0,0.0,0.0,0.0,0.0,0.0,0.0,0.0,0.0,0.0,0.0,0.0,0.0,0.0,0.0,0.0,0.0
3.0,40.0,0.0,0.0,0.0,0.0,0.0,0.0,0.0,0.0,0.0,0.0,0.0,0.0,0.0,0.0,0.0,0.0,0.0,0.0,0.0,0.0,0.0,0.0,0.0,0.0,0.0
4.0,0.0,2.8999004,1.1213704,0.033870075,0.020827895,0.0,0.0,0.001227024,0.30311438,8.430395,0.100795224,0.087745845,0.1778893,0.5837015,2.5835624,1.1876045,0.0,0.0,5.232332E-6,0.09696969,3.5328448,0.30361176,5.7993903,0.032013956,0.6730449,13.755351
4.0,2.0,1.1060834,1.2965152,3.3275544E-4,0.004142483,5.451494E-4,0.0,3.4273454E-4,0.18922691,10.703919,0.40234256,0.6313468,1.4905355,0.14543048,3.3262546,2.5214176,0.0,0.0,0.0,0.0,0.0,0.0,0.0,0.0,0.0,3.4445148
4.0,4.0,1.8916638,2.4202695,0.25206172,0.14464767,1.7492115,4.1029267E-8,0.028915904,0.5875438,5.1467204,1.6300169,3.9036474,1.4164057,0.0032773546,2.767552,1.4523259,0.0,0.0,0.0,0.0,0.0,0.0,0.0,0.0,0.0,0.0
4.0,6.0,2.6374612,3.9353735,0.33472472,0.3002966,6.5644107,7.651463E-9,0.047475994,0.8800386,6.021615,3.0777135,13.99304,2.6740808,0.0,3.7033365,2.774377,0.0,0.0,0.0,0.0,0.0,0.0,0.0,0.0,0.0,0.0
4.0,8.0,0.9161562,2.8587801,0.3359892,0.1988053,7.098933,0.0,0.07491275,0.597593,2.3499656,2.2265368,16.854261,1.9851077,0.0,2.0486042,1.636346,0.0,0.0,0.0,0.0,0.0,0.0,0.0,0.0,0.0,0.0
4.0,10.0,0.19098605,1.6686572,0.15166737,0.070349306,4.8916526,0.14062572,0.15245023,0.33948144,0.5513871,1.4583733,10.697909,1.1725279,0.0,0.55001235,0.5288168,0.0,0.0,0.0,0.0,0.0,0.0,0.0,0.0,0.0,0.0
4.0,12.0,0.07926528,1.1121781,0.093690045,0.015573258,3.598169,0.40461496,0.12597084,0.20636661,0.11328011,1.0066427,7.324238,0.7281804,0.0,0.23847982,0.19419226,0.0,0.0,0.0,0.0,0.0,0.0,0.0,0.0,0.0,0.0
4.0,14.0,0.039392047,0.697432,0.055551004,0.0034400953,2.6291716,0.4291136,0.12478416,0.12597673,0.016404644,0.6326121,4.7585835,0.4435528,0.0,0.11465533,0.06732508,0.0,0.0,0.0,0.0,0.0,0.0,0.0,0.0,0.0,0.0
4.0,16.0,0.009030701,0.39982122,0.04069783,6.5918796E-4,1.8159714,0.3256245,0.07685225,0.060319353,0.002654617,0.4207301,3.0334754,0.24074405,0.0,0.05988623,0.024679834,0.0,0.0,0.0,0.0,0.0,0.0,0.0,0.0,0.0,0.0
4.0,18.0,0.0025202392,0.27718437,0.025166564,6.884782E-4,1.2887782,0.25661436,0.061050545,0.042938806,3.0742292E-5,0.23782453,2.0082035,0.13925909,0.0,0.024276096,0.0051736827,0.0,0.0,0.0,0.0,0.0,0.0,0.0,0.0,0.0,0.0
4.0,20.0,0.0011147265,0.18948351,0.015797477,0.0012468299,1.0220647,0.1982967,0.047544744,0.027102351,5.75235E-4,0.16326018,1.4451954,0.10066838,0.0,0.0116596725,0.001649509,0.0,0.0,0.0,0.0,0.0,0.0,0.0,0.0,0.0,0.0
4.0,22.0,9.045541E-4,0.12283021,0.009944606,7.935678E-5,0.785823,0.15888788,0.036106434,0.01490232,0.0,0.10943932,1.0385942,0.06914295,0.0,0.0064430633,0.0011578067,0.0,0.0,0.0,0.0,0.0,0.0,0.0,0.0,0.0,0.0
4.0,24.0,1.18381315E-4,0.088022515,0.004800077,1.2427005E-4,0.579337,0.116030104,0.024174424,0.008002986,0.0,0.0886214,0.73495615,0.047632888,0.0,0.0038415499,3.2853815E-4,0.0,0.0,0.0,0.0,0.0,0.0,0.0,0.0,0.0,0.0
4.0,26.0,5.2359002E-5,0.057927582,0.0029585366,7.7643286E-5,0.38527676,0.067403086,0.016574737,0.0054287305,0.0,0.053269003,0.45372424,0.027258482,0.0,0.0032228108,1.1542013E-4,0.0,0.0,0.0,0.0,0.0,0.0,0.0,0.0,0.0,0.0
4.0,28.0,6.7705685E-7,0.025526509,7.8695564E-4,1.128453E-5,0.1844133,0.036516383,0.006591455,0.0015425873,0.0,0.02740226,0.2231497,0.014033473,0.0,0.0013597384,8.9708374E-5,0.0,0.0,0.0,0.0,0.0,0.0,0.0,0.0,0.0,0.0
4.0,30.0,0.0,3.3777943E-4,0.0,6.602979E-7,0.0029218076,6.676415E-4,8.379912E-5,5.9068607E-6,0.0,5.1078666E-4,0.0028193237,6.699813E-6,0.0,2.129857E-6,1.0638288E-8,0.0,0.0,0.0,0.0,0.0,0.0,0.0,0.0,0.0,0.0
4.0,32.0,0.0,0.0,0.0,0.0,0.0,0.0,0.0,0.0,0.0,0.0,0.0,0.0,0.0,0.0,0.0,0.0,0.0,0.0,0.0,0.0,0.0,0.0,0.0,0.0,0.0
4.0,34.0,0.0,0.0,0.0,0.0,0.0,0.0,0.0,0.0,0.0,0.0,0.0,0.0,0.0,0.0,0.0,0.0,0.0,0.0,0.0,0.0,0.0,0.0,0.0,0.0,0.0
4.0,36.0,0.0,0.0,0.0,0.0,0.0,0.0,0.0,0.0,0.0,0.0,0.0,0.0,0.0,0.0,0.0,0.0,0.0,0.0,0.0,0.0,0.0,0.0,0.0,0.0,0.0
4.0,38.0,0.0,0.0,0.0,0.0,0.0,0.0,0.0,0.0,0.0,0.0,0.0,0.0,0.0,0.0,0.0,0.0,0.0,0.0,0.0,0.0,0.0,0.0,0.0,0.0,0.0
4.0,40.0,0.0,0.0,0.0,0.0,0.0,0.0,0.0,0.0,0.0,0.0,0.0,0.0,0.0,0.0,0.0,0.0,0.0,0.0,0.0,0.0,0.0,0.0,0.0,0.0,0.0
5.0,0.0,1.7828532,1.2928455,0.0320427,0.5943226,0.0,0.0,0.0120990435,0.117271066,6.010158,1.0918938,0.036169805,1.0782955,0.6485908,0.6836259,0.2762704,0.0,0.0,4.5445104E-6,0.09742987,3.9362605,0.31248987,5.7746496,0.032902397,0.72767943,17.59712
5.0,2.0,7.784863,6.6501184,3.162147E-5,0.7089693,0.06204724,0.0,0.0,0.8706233,16.005764,1.9497861,2.0979037,5.3720136,0.5182664,5.567843,3.8832035,0.0,0.0,0.0,0.0,0.0,0.0,0.0,0.0,0.0,1.6288791
5.0,4.0,0.39843658,0.5604558,0.039738394,0.035203572,0.38712096,0.0,0.0062662316,0.10701794,0.9738564,0.22810425,0.77249044,0.36782628,1.3932854E-5,0.6556016,0.32951048,0.0,0.0,0.0,0.0,0.0,0.0,0.0,0.0,0.0,0.0
5.0,6.0,3.5489423,4.1116295,0.48310196,0.42513368,4.963626,0.0,0.06319577,0.7253947,4.6016665,2.442862,9.996511,2.823295,2.9190917E-7,3.9708498,1.933901,0.0,0.0,0.0,0.0,0.0,0.0,0.0,0.0,0.0,0.0
5.0,8.0,1.7279885,4.38823,0.3817246,0.29135847,9.110272,0.0,0.0763767,0.7062345,2.2187376,2.4606118,17.358372,2.9750628,0.0,3.0284967,1.8071189,0.0,0.0,0.0,0.0,0.0,0.0,0.0,0.0,0.0,0.0
5.0,10.0,0.36429062,2.7483463,0.26755166,0.21068415,7.284522,0.0,0.090812795,0.44319504,0.48660213,1.4489236,12.149254,1.6978172,0.0,1.0334474,0.7487675,0.0,0.0,0.0,0.0,0.0,0.0,0.0,0.0,0.0,0.0
5.0,12.0,0.14800091,1.5041776,0.14331138,0.083124846,5.0055356,0.031530645,0.09303269,0.24025832,0.08155503,0.7550493,7.6666136,0.9849431,0.0,0.29765233,0.24969913,0.0,0.0,0.0,0.0,0.0,0.0,0.0,0.0,0.0,0.0
5.0,14.0,0.06565541,0.9915505,0.084302224,0.045724154,3.5855305,0.17899276,0.10606333,0.14357026,0.010400354,0.48342958,5.060112,0.60799265,0.0,0.17297189,0.0814782,0.0,0.0,0.0,0.0,0.0,0.0,0.0,0.0,0.0,0.0
5.0,16.0,0.015336496,0.6044537,0.05377802,0.016157592,2.4344094,0.2536454,0.092817225,0.08846087,0.0034307062,0.2748144,3.2257001,0.3500357,0.0,0.06866763,0.02483502,0.0,0.0,0.0,0.0,0.0,0.0,0.0,0.0,0.0,0.0
5.0,18.0,7.951842E-4,0.31732044,0.041909657,0.0044418857,1.649025,0.1951444,0.07192878,0.047358274,0.0012065448,0.1780489,2.040138,0.21748997,0.0,0.034046203,0.0071535395,0.0,0.0,0.0,0.0,0.0,0.0,0.0,0.0,0.0,0.0
5.0,20.0,6.3733733E-4,0.21422711,0.031304415,0.0014592339,1.2436225,0.15463875,0.05585962,0.025738679,0.0,0.12983774,1.3974181,0.13826165,0.0,0.015234753,0.0025703989,0.0,0.0,0.0,0.0,0.0,0.0,0.0,0.0,0.0,0.0
5.0,22.0,2.8583893E-4,0.15266061,0.020919658,8.951656E-4,0.95588696,0.12761725,0.0388711,0.013406785,0.0,0.09721187,1.0106552,0.09107057,0.0,0.00818842,9.948569E-4,0.0,0.0,0.0,0.0,0.0,0.0,0.0,0.0,0.0,0.0
5.0,24.0,8.8992274E-5,0.09224502,0.014777529,2.5662585E-4,0.71936697,0.10740179,0.026315516,0.008770739,0.0,0.06065111,0.7260042,0.06280309,0.0,0.004951281,0.001604696,0.0,0.0,0.0,0.0,0.0,0.0,0.0,0.0,0.0,0.0
5.0,26.0,1.1237887E-6,0.06432978,0.009826476,3.373231E-4,0.4934868,0.07024062,0.021727253,0.0057436978,0.0,0.046928976,0.48469165,0.05220193,0.0,0.0018289343,2.5489202E-4,0.0,0.0,0.0,0.0,0.0,0.0,0.0,0.0,0.0,0.0
5.0,28.0,0.0,0.022398878,0.0030286636,3.2610026E-7,0.19317088,0.02916941,0.006350289,0.001942526,0.0,0.017847432,0.18554895,0.020627566,0.0,0.0013158087,7.387472E-4,0.0,0.0,0.0,0.0,0.0,0.0,0.0,0.0,0.0,0.0
5.0,30.0,0.0,5.3884243E-5,0.0,0.0,0.0037310682,3.5381241E-4,3.775406E-4,2.031377E-5,0.0,0.0,0.0031882552,1.930119E-4,0.0,0.0,0.0,0.0,0.0,0.0,0.0,0.0,0.0,0.0,0.0,0.0,0.0
5.0,32.0,0.0,0.0,0.0,0.0,0.0,0.0,0.0,0.0,0.0,0.0,0.0,0.0,0.0,0.0,0.0,0.0,0.0,0.0,0.0,0.0,0.0,0.0,0.0,0.0,0.0
5.0,34.0,0.0,0.0,0.0,0.0,0.0,0.0,0.0,0.0,0.0,0.0,0.0,0.0,0.0,0.0,0.0,0.0,0.0,0.0,0.0,0.0,0.0,0.0,0.0,0.0,0.0
5.0,36.0,0.0,0.0,0.0,0.0,0.0,0.0,0.0,0.0,0.0,0.0,0.0,0.0,0.0,0.0,0.0,0.0,0.0,0.0,0.0,0.0,0.0,0.0,0.0,0.0,0.0
5.0,38.0,0.0,0.0,0.0,0.0,0.0,0.0,0.0,0.0,0.0,0.0,0.0,0.0,0.0,0.0,0.0,0.0,0.0,0.0,0.0,0.0,0.0,0.0,0.0,0.0,0.0
5.0,40.0,0.0,0.0,0.0,0.0,0.0,0.0,0.0,0.0,0.0,0.0,0.0,0.0,0.0,0.0,0.0,0.0,0.0,0.0,0.0,0.0,0.0,0.0,0.0,0.0,0.0
6.0,0.0,2.7392623,2.5483708,0.8534641,1.931134,0.0,0.0,4.4740256E-4,0.08083477,12.27612,1.5715743,0.106673375,2.2486117,1.8209735,2.9967186,0.8474852,0.0,0.0,1.4919083E-5,0.098611064,4.3681736,0.3999892,7.176517,0.039595068,0.8636804,34.876053
6.0,2.0,7.731895,7.8758664,0.9669444,2.2523685,0.12861384,0.0,0.105803825,1.9147725,18.842518,5.942712,1.8617284,4.172392,0.33318874,8.562108,3.2703383,0.0,0.0,0.0,0.0,0.0,0.0,0.0,0.0,0.0,1.0824621
6.0,4.0,3.0986083,2.3650663,0.078540035,0.59357584,0.2690491,0.0,0.0011912044,0.9787993,3.970926,1.807883,1.7156368,2.2765145,0.17544764,1.6100112,1.1285456,0.0,0.0,0.0,0.0,0.0,0.0,0.0,0.0,0.0,0.0
6.0,6.0,2.0434923,2.2512064,0.261906,0.39602238,2.5100806,0.0,0.036104262,0.41328168,2.1370475,2.0309055,4.601268,1.6306342,0.0,2.4119596,0.7889713,0.0,0.0,0.0,0.0,0.0,0.0,0.0,0.0,0.0,0.0
6.0,8.0,2.4989593,4.4919004,0.50881267,0.533305,8.893289,0.0,0.11715588,0.83825266,2.5184994,4.4916134,14.5182,3.5606294,0.0,3.8201587,1.4800147,0.0,0.0,0.0,0.0,0.0,0.0,0.0,0.0,0.0,0.0
6.0,10.0,0.52768594,3.6396594,0.4091969,0.3638188,10.305093,0.0,0.075550295,0.60818577,0.7656934,3.5599945,12.68313,2.8196278,0.0,1.5355147,0.8494476,0.0,0.0,0.0,0.0,0.0,0.0,0.0,0.0,0.0,0.0
6.0,12.0,0.16359465,2.0956702,0.2148581,0.16731663,6.2642994,0.0,0.057534713,0.30047622,0.10689809,1.7018275,7.20544,1.3863298,0.0,0.41348374,0.28277323,0.0,0.0,0.0,0.0,0.0,0.0,0.0,0.0,0.0,0.0
6.0,14.0,0.084090635,1.2750852,0.13506566,0.09984578,4.493877,8.589924E-4,0.077136226,0.19112802,0.027897594,0.92706037,4.8369823,0.80941993,0.0,0.2009693,0.1170818,0.0,0.0,0.0,0.0,0.0,0.0,0.0,0.0,0.0,0.0
6.0,16.0,0.01822438,0.8047893,0.08470652,0.04624034,3.1181986,0.05046938,0.06942078,0.10910167,0.0026416616,0.53544885,3.155783,0.494307,0.0,0.070214756,0.04052512,0.0,0.0,0.0,0.0,0.0,0.0,0.0,0.0,0.0,0.0
6.0,18.0,0.001217118,0.47091517,0.05371773,0.029189907,2.1060696,0.09327391,0.060731415,0.056891683,0.0,0.32489437,1.9473262,0.28137565,0.0,0.029394854,0.014032022,0.0,0.0,0.0,0.0,0.0,0.0,0.0,0.0,0.0,0.0
6.0,20.0,8.9729665E-4,0.2989772,0.040311,0.005616439,1.4512883,0.10600309,0.038700018,0.031407338,3.0451157E-4,0.172075,1.2862271,0.17154235,0.0,0.014719194,0.0030792423,0.0,0.0,0.0,0.0,0.0,0.0,0.0,0.0,0.0,0.0
6.0,22.0,4.2073694E-5,0.22214396,0.030428823,0.003943836,1.0712702,0.09700049,0.034003858,0.01720331,0.0,0.106295325,0.94364816,0.11120784,0.0,0.0073730424,0.0021551254,0.0,0.0,0.0,0.0,0.0,0.0,0.0,0.0,0.0,0.0
6.0,24.0,9.7040115E-8,0.16077812,0.01727305,0.0017188202,0.80063564,0.081399076,0.02888277,0.009956774,0.0,0.07919033,0.66492635,0.08047195,0.0,0.0030919276,0.0010616396,0.0,0.0,0.0,0.0,0.0,0.0,0.0,0.0,0.0,0.0
6.0,26.0,1.1632534E-6,0.102581374,0.013039603,7.3181174E-4,0.58480966,0.055562265,0.017149651,0.0055042156,0.0,0.048230764,0.4656753,0.051581837,0.0,0.001609801,1.9363186E-4,0.0,0.0,0.0,0.0,0.0,0.0,0.0,0.0,0.0,0.0
6.0,28.0,2.3802482E-9,0.039945398,0.00635453,3.5727478E-4,0.25594226,0.022158235,0.008147518,0.0029446208,0.0,0.021246312,0.20071949,0.02224058,0.0,0.0012926478,5.080703E-4,0.0,0.0,0.0,0.0,0.0,0.0,0.0,0.0,0.0,0.0
6.0,30.0,0.0,5.1038084E-4,0.0,0.0,0.0037500183,1.5303674E-4,4.824378E-5,3.3866683E-5,0.0,5.7726534E-6,0.002811443,3.099897E-4,0.0,0.0,0.0,0.0,0.0,0.0,0.0,0.0,0.0,0.0,0.0,0.0,0.0
6.0,32.0,0.0,0.0,0.0,0.0,0.0,0.0,0.0,0.0,0.0,0.0,0.0,0.0,0.0,0.0,0.0,0.0,0.0,0.0,0.0,0.0,0.0,0.0,0.0,0.0,0.0
6.0,34.0,0.0,0.0,0.0,0.0,0.0,0.0,0.0,0.0,0.0,0.0,0.0,0.0,0.0,0.0,0.0,0.0,0.0,0.0,0.0,0.0,0.0,0.0,0.0,0.0,0.0
6.0,36.0,0.0,0.0,0.0,0.0,0.0,0.0,0.0,0.0,0.0,0.0,0.0,0.0,0.0,0.0,0.0,0.0,0.0,0.0,0.0,0.0,0.0,0.0,0.0,0.0,0.0
6.0,38.0,0.0,0.0,0.0,0.0,0.0,0.0,0.0,0.0,0.0,0.0,0.0,0.0,0.0,0.0,0.0,0.0,0.0,0.0,0.0,0.0,0.0,0.0,0.0,0.0,0.0
6.0,40.0,0.0,0.0,0.0,0.0,0.0,0.0,0.0,0.0,0.0,0.0,0.0,0.0,0.0,0.0,0.0,0.0,0.0,0.0,0.0,0.0,0.0,0.0,0.0,0.0,0.0
7.0,0.0,5.9281635,1.6785874,0.3603211,0.7468274,0.0,0.0,5.2467344E-4,0.06024988,17.424198,0.30863225,0.16202943,2.942642,1.3907484,3.800027,0.75181943,0.0,0.0,1.0476123E-5,0.14004745,5.263979,0.45628902,8.537681,0.047377028,1.0354427,37.30143
7.0,2.0,15.746755,9.756415,1.2285558,3.6724515,0.10189879,0.0,0.0,0.6986682,34.67135,6.9985976,1.8737795,3.7284358,1.3769153,7.0164824,2.657995,0.0,0.0,0.0,0.0,0.0,0.0,0.0,0.0,0.0,5.4437165
7.0,4.0,8.634838,5.0645785,0.20034268,1.9178752,1.1682632,0.0,0.086971685,1.4725076,11.737538,3.1274488,3.3573644,4.5808263,0.002022646,6.299526,1.524628,0.0,0.0,0.0,0.0,0.0,0.0,0.0,0.0,0.0,0.0
7.0,6.0,0.39004526,0.44663072,0.062575586,0.090479895,0.6567961,0.0,0.01685544,0.067923,0.5038842,0.610964,0.9849862,0.29908314,0.0,0.5003556,0.18375856,0.0,0.0,0.0,0.0,0.0,0.0,0.0,0.0,0.0,0.0
7.0,8.0,2.4865339,4.2783756,0.48525077,0.86516476,7.326655,0.0,0.12439518,0.61874,2.7990694,4.692305,10.843991,2.960407,0.0,3.8315845,1.0374311,0.0,0.0,0.0,0.0,0.0,0.0,0.0,0.0,0.0,0.0
7.0,10.0,1.0019249,4.346483,0.51892316,0.6165117,12.539841,0.0,0.18406086,0.6862261,1.2932553,5.5806394,13.890905,3.3281887,0.0,2.3976355,0.8505828,0.0,0.0,0.0,0.0,0.0,0.0,0.0,0.0,0.0,0.0
7.0,12.0,0.3460177,2.660541,0.32119694,0.3242825,8.679537,0.0,0.08461824,0.41947314,0.1856381,3.1131332,8.266606,1.8571188,0.0,0.59433013,0.29579133,0.0,0.0,0.0,0.0,0.0,0.0,0.0,0.0,0.0,0.0
7.0,14.0,0.1295509,1.524159,0.17269467,0.1220039,5.5431833,0.0,0.05335921,0.20017104,0.030474244,1.5725205,4.842629,0.9154701,0.0,0.2570362,0.09877424,0.0,0.0,0.0,0.0,0.0,0.0,0.0,0.0,0.0,0.0
7.0,16.0,0.026973536,0.9233185,0.12020361,0.08005756,3.8132787,0.0,0.05704464,0.117314205,0.007365358,0.98530823,3.191993,0.5478445,0.0,0.10421289,0.038247846,0.0,0.0,0.0,0.0,0.0,0.0,0.0,0.0,0.0,0.0
7.0,18.0,0.0029508807,0.56722724,0.074469976,0.028186241,2.5776145,0.005478233,0.05131366,0.071345836,0.0021916786,0.56109935,2.0719082,0.3018358,0.0,0.035933778,0.018531604,0.0,0.0,0.0,0.0,0.0,0.0,0.0,0.0,0.0,0.0
7.0,20.0,2.4752386E-4,0.32357398,0.0355645,0.019121403,1.6974039,0.028510574,0.031269226,0.037996814,0.0,0.33532554,1.2801715,0.18972254,0.0,0.016888198,0.00549204,0.0,0.0,0.0,0.0,0.0,0.0,0.0,0.0,0.0,0.0
7.0,22.0,1.3490292E-5,0.20758581,0.023684448,0.012124017,1.2215629,0.048026603,0.029263828,0.024205893,0.0,0.22389306,0.8802821,0.14619619,0.0,0.007748971,0.005497637,0.0,0.0,0.0,0.0,0.0,0.0,0.0,0.0,0.0,0.0
7.0,24.0,1.094262E-6,0.15304522,0.01984764,0.008024612,0.9473311,0.04906403,0.02140084,0.01207724,0.0,0.14355543,0.64504945,0.08793485,0.0,0.0038322778,0.0014835832,0.0,0.0,0.0,0.0,0.0,0.0,0.0,0.0,0.0,0.0
7.0,26.0,9.761741E-7,0.09589889,0.014351052,0.005235674,0.65775394,0.037028383,0.017174426,0.0061463863,0.0,0.09563324,0.43685448,0.059309263,0.0,0.0016712081,3.83548E-4,0.0,0.0,0.0,0.0,0.0,0.0,0.0,0.0,0.0,0.0
7.0,28.0,2.2992825E-9,0.046007786,0.00600414,0.0012286903,0.3521635,0.025337324,0.008899354,0.004595489,0.0,0.052859604,0.22805049,0.027635051,0.0,0.0011204628,4.8371547E-4,0.0,0.0,0.0,0.0,0.0,0.0,0.0,0.0,0.0,0.0
7.0,30.0,0.0,7.92892E-4,0.0,0.0,0.0031928315,2.7012685E-4,4.1750223E-5,0.0,0.0,6.75444E-4,0.0041600033,3.2842363E-4,0.0,1.5893573E-5,0.0,0.0,0.0,0.0,0.0,0.0,0.0,0.0,0.0,0.0,0.0
7.0,32.0,0.0,0.0,0.0,0.0,0.0,0.0,0.0,0.0,0.0,0.0,0.0,0.0,0.0,0.0,0.0,0.0,0.0,0.0,0.0,0.0,0.0,0.0,0.0,0.0,0.0
7.0,34.0,0.0,0.0,0.0,0.0,0.0,0.0,0.0,0.0,0.0,0.0,0.0,0.0,0.0,0.0,0.0,0.0,0.0,0.0,0.0,0.0,0.0,0.0,0.0,0.0,0.0
7.0,36.0,0.0,0.0,0.0,0.0,0.0,0.0,0.0,0.0,0.0,0.0,0.0,0.0,0.0,0.0,0.0,0.0,0.0,0.0,0.0,0.0,0.0,0.0,0.0,0.0,0.0
7.0,38.0,0.0,0.0,0.0,0.0,0.0,0.0,0.0,0.0,0.0,0.0,0.0,0.0,0.0,0.0,0.0,0.0,0.0,0.0,0.0,0.0,0.0,0.0,0.0,0.0,0.0
7.0,40.0,0.0,0.0,0.0,0.0,0.0,0.0,0.0,0.0,0.0,0.0,0.0,0.0,0.0,0.0,0.0,0.0,0.0,0.0,0.0,0.0,0.0,0.0,0.0,0.0,0.0
8.0,0.0,3.2655716,1.0690742,0.19677049,0.6782559,0.0,0.0,0.011467319,0.048910443,9.471931,0.66525424,0.18663253,0.88024276,0.40344784,3.1870255,0.6385076,0.0,0.0,1.974733E-5,0.122134,5.1506987,0.44342774,8.107316,0.046741836,1.0330509,14.89868
8.0,2.0,21.717558,16.101593,0.5343752,6.9332275,0.10034434,0.0,0.10790005,1.9865423,41.15178,6.8446555,1.9790473,5.612112,0.23963815,14.608164,3.2477944,0.0,0.0,0.0,0.0,0.0,0.0,0.0,0.0,0.0,3.7218451
8.0,4.0,6.445252,6.0654163,0.8526225,2.3151698,1.046543,0.0,0.009375012,0.7284377,9.125931,4.369018,4.4297442,3.2955575,1.08685366E-4,6.0519094,2.4319117,0.0,0.0,0.0,0.0,0.0,0.0,0.0,0.0,0.0,0.0
8.0,6.0,3.685122,2.657974,0.26708016,0.22943251,1.3302661,0.0,0.046776798,0.28515497,4.1515017,3.0461223,2.3806782,1.2087874,0.0,1.8664211,0.068990536,0.0,0.0,0.0,0.0,0.0,0.0,0.0,0.0,0.0,0.0
8.0,8.0,1.3952575,2.4886153,0.39975524,0.6138457,4.5181975,0.0,0.08017219,0.24271727,1.3565634,2.1558194,6.384462,1.4647254,0.0,2.1473515,0.5611478,0.0,0.0,0.0,0.0,0.0,0.0,0.0,0.0,0.0,0.0
8.0,10.0,1.4662721,5.394448,0.68149316,1.2516634,13.056226,0.0,0.21585086,0.5071482,1.1956753,4.7810984,14.833982,3.6404705,0.0,3.048696,0.9484403,0.0,0.0,0.0,0.0,0.0,0.0,0.0,0.0,0.0,0.0
8.0,12.0,0.6224844,3.9167504,0.5130589,0.65276915,13.52425,0.0,0.17686392,0.31034833,0.22113924,3.2863815,10.709536,2.499032,0.0,0.9501546,0.42517433,0.0,0.0,0.0,0.0,0.0,0.0,0.0,0.0,0.0,0.0
8.0,14.0,0.24973348,1.8673818,0.26249892,0.21488978,7.493118,0.0,0.076349154,0.17493959,0.031319037,1.5657119,5.4384565,1.164903,0.0,0.37313876,0.12479668,0.0,0.0,0.0,0.0,0.0,0.0,0.0,0.0,0.0,0.0
8.0,16.0,0.036440004,1.0811592,0.1520818,0.0974392,4.9815764,0.0,0.049400344,0.096046105,0.0030304128,0.9827724,3.544226,0.6791387,0.0,0.13327947,0.062445123,0.0,0.0,0.0,0.0,0.0,0.0,0.0,0.0,0.0,0.0
8.0,18.0,0.007978482,0.7078889,0.09886573,0.05144318,3.291399,0.0,0.033551067,0.046904907,2.7556453E-5,0.6067781,2.2628646,0.37545928,0.0,0.043034796,0.026093753,0.0,0.0,0.0,0.0,0.0,0.0,0.0,0.0,0.0,0.0
8.0,20.0,7.11001E-4,0.3826169,0.05774524,0.023862354,2.1216588,0.0,0.038015805,0.031638846,0.0,0.3568005,1.3896962,0.23504734,0.0,0.02046019,0.0051005706,0.0,0.0,0.0,0.0,0.0,0.0,0.0,0.0,0.0,0.0
8.0,22.0,9.593146E-5,0.2300706,0.033344265,0.015360673,1.4366856,0.0020104484,0.026018012,0.013208792,0.0,0.24242131,0.8969027,0.13936952,0.0,0.011873295,0.005395116,0.0,0.0,0.0,0.0,0.0,0.0,0.0,0.0,0.0,0.0
8.0,24.0,1.4936242E-6,0.16128694,0.021201963,0.0077288807,1.0744181,0.0076939673,0.019223303,0.008853131,0.0,0.16443068,0.66118765,0.104274295,0.0,0.0076975664,0.0029908298,0.0,0.0,0.0,0.0,0.0,0.0,0.0,0.0,0.0,0.0
8.0,26.0,1.6849603E-7,0.10282074,0.017523007,0.005830335,0.77908933,0.01698809,0.0135301845,0.006542317,0.0,0.114535704,0.4359136,0.06603071,0.0,0.004626845,5.6949846E-4,0.0,0.0,0.0,0.0,0.0,0.0,0.0,0.0,0.0,0.0
8.0,28.0,1.1397393E-6,0.059480794,0.010992032,0.0024615482,0.46418083,0.014260295,0.010088874,0.0040771603,0.0,0.06413722,0.25807184,0.034167577,0.0,0.0017923708,1.4487084E-4,0.0,0.0,0.0,0.0,0.0,0.0,0.0,0.0,0.0,0.0
8.0,30.0,0.0,7.794328E-4,0.0,0.0,0.005217424,1.4215843E-5,1.0855008E-5,2.4848012E-5,0.0,7.623958E-4,0.0022016552,0.0010677713,0.0,6.5522213E-6,5.874625E-9,0.0,0.0,0.0,0.0,0.0,0.0,0.0,0.0,0.0,0.0
8.0,32.0,0.0,0.0,0.0,0.0,0.0,0.0,0.0,0.0,0.0,0.0,0.0,0.0,0.0,0.0,0.0,0.0,0.0,0.0,0.0,0.0,0.0,0.0,0.0,0.0,0.0
8.0,34.0,0.0,0.0,0.0,0.0,0.0,0.0,0.0,0.0,0.0,0.0,0.0,0.0,0.0,0.0,0.0,0.0,0.0,0.0,0.0,0.0,0.0,0.0,0.0,0.0,0.0
8.0,36.0,0.0,0.0,0.0,0.0,0.0,0.0,0.0,0.0,0.0,0.0,0.0,0.0,0.0,0.0,0.0,0.0,0.0,0.0,0.0,0.0,0.0,0.0,0.0,0.0,0.0
8.0,38.0,0.0,0.0,0.0,0.0,0.0,0.0,0.0,0.0,0.0,0.0,0.0,0.0,0.0,0.0,0.0,0.0,0.0,0.0,0.0,0.0,0.0,0.0,0.0,0.0,0.0
8.0,40.0,0.0,0.0,0.0,0.0,0.0,0.0,0.0,0.0,0.0,0.0,0.0,0.0,0.0,0.0,0.0,0.0,0.0,0.0,0.0,0.0,0.0,0.0,0.0,0.0,0.0
9.0,0.0,1.5318352,0.697972,0.1084872,0.22696665,0.0,0.0,3.800228E-4,0.018881347,4.0349593,0.64131594,0.009152759,0.37656796,0.5367443,1.0214411,0.41282326,0.0,0.0,5.0702612E-5,0.13715085,5.610502,0.45536965,8.455859,0.051141884,1.1726806,12.253347
9.0,2.0,13.046873,15.776187,1.6087699,3.0151114,0.15063156,0.0,0.0,2.2299333,26.18096,6.3542056,1.804601,4.178448,0.57817835,16.690441,4.2915325,0.0,0.0,0.0,0.0,0.0,0.0,0.0,0.0,0.0,0.539042
9.0,4.0,13.678086,8.003153,2.3965762,3.9846315,1.3027462,0.0,0.0,0.5932845,14.0824585,4.5760016,5.2053223,3.8782816,0.0016020313,4.7356906,4.077044,0.0,0.0,0.0,0.0,0.0,0.0,0.0,0.0,0.0,0.0
9.0,6.0,3.6119175,5.379815,0.32366067,1.6003109,3.8569984,0.0,0.22439136,0.5724998,6.1082263,3.9408455,6.954551,3.4534736,0.0,4.21381,2.3145666,0.0,0.0,0.0,0.0,0.0,0.0,0.0,0.0,0.0,0.0
9.0,8.0,0.19838502,0.6953207,0.0982945,0.18691501,1.0422595,0.0,0.017662983,0.072008915,0.2340549,0.42088684,1.4296175,0.38428977,0.0,0.48946586,0.1109552,0.0,0.0,0.0,0.0,0.0,0.0,0.0,0.0,0.0,0.0
9.0,10.0,1.3579221,5.001253,0.728634,1.2395555,12.06325,0.0,0.19216749,0.46605146,1.243556,3.7030623,12.537953,3.2117608,0.0,2.477283,0.95697916,0.0,0.0,0.0,0.0,0.0,0.0,0.0,0.0,0.0,0.0
9.0,12.0,0.8795792,4.886243,0.7205027,1.0932846,17.084408,0.0,0.20763467,0.35674876,0.37050256,3.5758705,13.043109,3.1791556,0.0,1.2563765,0.5173081,0.0,0.0,0.0,0.0,0.0,0.0,0.0,0.0,0.0,0.0
9.0,14.0,0.30758446,2.6011012,0.34341842,0.54336154,10.784042,0.0,0.0960115,0.18902196,0.08820805,1.7746997,7.000142,1.4568895,0.0,0.4658451,0.16005546,0.0,0.0,0.0,0.0,0.0,0.0,0.0,0.0,0.0,0.0
9.0,16.0,0.06974556,1.4075886,0.16627623,0.22377494,6.309714,0.0,0.06686846,0.09250108,0.015412023,0.9279545,3.8528636,0.7813678,0.0,0.15296872,0.06630349,0.0,0.0,0.0,0.0,0.0,0.0,0.0,0.0,0.0,0.0
9.0,18.0,0.00632309,0.8320991,0.1207932,0.10578176,4.1793613,0.0,0.04709027,0.052703172,0.0026840854,0.5630372,2.456449,0.48849532,0.0,0.049902774,0.021514382,0.0,0.0,0.0,0.0,0.0,0.0,0.0,0.0,0.0,0.0
9.0,20.0,8.992422E-4,0.47302237,0.06966399,0.046878293,2.7419217,0.0,0.023855027,0.029666215,4.515883E-4,0.31765977,1.5266999,0.26589984,0.0,0.015774598,0.01082866,0.0,0.0,0.0,0.0,0.0,0.0,0.0,0.0,0.0,0.0
9.0,22.0,1.4575664E-5,0.28013238,0.03951376,0.020229291,1.7255508,0.0,0.01677569,0.014250573,0.0,0.18603067,0.93662685,0.1676166,0.0,0.0118267955,0.002863151,0.0,0.0,0.0,0.0,0.0,0.0,0.0,0.0,0.0,0.0
9.0,24.0,1.8401357E-4,0.19313787,0.023973264,0.007331495,1.2654195,0.0,0.01317186,0.0075316313,0.0,0.11788889,0.64477426,0.11157514,0.0,0.005272376,0.0016884457,0.0,0.0,0.0,0.0,0.0,0.0,0.0,0.0,0.0,0.0
9.0,26.0,2.0402024E-7,0.13221681,0.019583918,0.005663857,0.92219067,7.739801E-5,0.013192576,0.0049805786,0.0,0.07705894,0.46191305,0.07190434,0.0,0.0025594798,0.0015579594,0.0,0.0,0.0,0.0,0.0,0.0,0.0,0.0,0.0,0.0
9.0,28.0,2.1394541E-8,0.06312217,0.012596647,0.0026893355,0.5137608,0.0011986274,0.009137205,0.0032197163,3.7602775E-4,0.047602374,0.26960304,0.041554183,0.0,0.0014305621,5.6305615E-4,0.0,0.0,0.0,0.0,0.0,0.0,0.0,0.0,0.0,0.0
9.0,30.0,0.0,0.0013651166,5.956952E-4,2.2375643E-5,0.009173154,0.0,1.3042067E-4,1.8584452E-6,0.0,3.2844555E-4,0.0024235544,2.8437702E-4,0.0,8.803238E-6,1.5491668E-6,0.0,0.0,0.0,0.0,0.0,0.0,0.0,0.0,0.0,0.0
9.0,32.0,0.0,0.0,0.0,0.0,0.0,0.0,0.0,0.0,0.0,0.0,0.0,0.0,0.0,0.0,0.0,0.0,0.0,0.0,0.0,0.0,0.0,0.0,0.0,0.0,0.0
9.0,34.0,0.0,0.0,0.0,0.0,0.0,0.0,0.0,0.0,0.0,0.0,0.0,0.0,0.0,0.0,0.0,0.0,0.0,0.0,0.0,0.0,0.0,0.0,0.0,0.0,0.0
9.0,36.0,0.0,0.0,0.0,0.0,0.0,0.0,0.0,0.0,0.0,0.0,0.0,0.0,0.0,0.0,0.0,0.0,0.0,0.0,0.0,0.0,0.0,0.0,0.0,0.0,0.0
9.0,38.0,0.0,0.0,0.0,0.0,0.0,0.0,0.0,0.0,0.0,0.0,0.0,0.0,0.0,0.0,0.0,0.0,0.0,0.0,0.0,0.0,0.0,0.0,0.0,0.0,0.0
9.0,40.0,0.0,0.0,0.0,0.0,0.0,0.0,0.0,0.0,0.0,0.0,0.0,0.0,0.0,0.0,0.0,0.0,0.0,0.0,0.0,0.0,0.0,0.0,0.0,0.0,0.0
10.0,0.0,4.2096877,1.8443214,0.38969216,1.3104497,0.0,0.0,0.0022330948,0.102404974,6.8949013,0.82308185,0.022781217,0.24318017,0.29463124,3.83385,1.1871842,0.0,0.0,2.4310262E-5,0.12877837,5.0469236,0.44346246,8.243112,0.05724871,1.249636,34.06865
10.0,2.0,6.2660775,4.1364255,0.3151178,2.7254777,0.6884903,0.0,4.5469995E-5,0.7532349,14.62835,6.140935,2.1101627,1.279788,0.58807254,6.5829177,1.8260093,0.0,0.0,0.0,0.0,0.0,0.0,0.0,0.0,0.0,1.991755
10.0,4.0,12.67818,12.0463915,1.1271253,3.6339467,1.2347252,0.0,0.011921569,0.6889769,20.107567,10.261863,6.3484473,5.660114,0.014813238,11.169924,3.9642231,0.0,0.0,0.0,0.0,0.0,0.0,0.0,0.0,0.0,0.0
10.0,6.0,5.223892,6.6215076,0.43114817,3.5305307,3.4873245,0.0,0.46275645,1.2509569,6.576464,4.9963584,6.232647,2.7949488,0.0,2.6982949,0.531616,0.0,0.0,0.0,0.0,0.0,0.0,0.0,0.0,0.0,0.0
10.0,8.0,2.464386,1.7002096,0.030066215,0.7710699,2.490206,0.0,0.25441694,0.16494633,1.5530038,2.1897159,3.6925633,0.74023515,0.0,2.3049457,0.88447183,0.0,0.0,0.0,0.0,0.0,0.0,0.0,0.0,0.0,0.0
10.0,10.0,0.57687855,2.7315853,0.43089342,0.91155934,7.0973034,0.0,0.09156744,0.19293573,0.39999714,2.3054647,6.9997234,1.7906709,0.0,1.2328752,0.4521152,0.0,0.0,0.0,0.0,0.0,0.0,0.0,0.0,0.0,0.0
10.0,12.0,0.9631699,4.6795015,0.88176024,1.527062,17.923395,0.0,0.20821968,0.36676106,0.29623842,4.6438513,13.868215,3.4535863,0.0,1.2055776,0.6266219,0.0,0.0,0.0,0.0,0.0,0.0,0.0,0.0,0.0,0.0
10.0,14.0,0.47469965,3.304619,0.5491749,0.87665254,15.0159445,0.0,0.15637946,0.2603808,0.050726194,2.8613448,9.320933,2.1540656,0.0,0.577956,0.26793736,0.0,0.0,0.0,0.0,0.0,0.0,0.0,0.0,0.0,0.0
10.0,16.0,0.0895328,1.5083846,0.23963073,0.33800182,8.117547,0.0,0.08793813,0.09857379,0.013020805,1.3029251,4.4062514,0.9975784,0.0,0.19692867,0.08119564,0.0,0.0,0.0,0.0,0.0,0.0,0.0,0.0,0.0,0.0
10.0,18.0,0.009740647,0.88221854,0.14911476,0.1679249,5.0665183,0.0,0.045048952,0.06247591,0.003003982,0.7379154,2.7632515,0.5471418,0.0,0.060965054,0.028450957,0.0,0.0,0.0,0.0,0.0,0.0,0.0,0.0,0.0,0.0
10.0,20.0,0.001244576,0.5086917,0.087299064,0.08657389,3.3652658,0.0,0.037847295,0.04230777,2.0635205E-5,0.3879771,1.6865977,0.29939592,0.0,0.027274927,0.010326412,0.0,0.0,0.0,0.0,0.0,0.0,0.0,0.0,0.0,0.0
10.0,22.0,1.220386E-5,0.28958073,0.05579124,0.047789056,2.0363822,0.0,0.02142332,0.015630938,4.3093335E-4,0.2549713,1.0509052,0.17734006,0.0,0.014993473,0.0037260507,0.0,0.0,0.0,0.0,0.0,0.0,0.0,0.0,0.0,0.0
10.0,24.0,2.3882826E-4,0.1743796,0.031030905,0.021294788,1.3690846,0.0,0.012833142,0.0064953356,0.0,0.15367071,0.67263484,0.12436637,0.0,0.0048913867,0.0015110491,0.0,0.0,0.0,0.0,0.0,0.0,0.0,0.0,0.0,0.0
10.0,26.0,1.1829945E-5,0.116717085,0.020790689,0.010210167,0.97417724,0.0,0.00839851,0.00707828,0.0,0.110627815,0.45363015,0.08843531,0.0,0.0037779633,4.2311763E-4,0.0,0.0,0.0,0.0,0.0,0.0,0.0,0.0,0.0,0.0
10.0,28.0,4.3958348E-8,0.068863295,0.009649779,0.0045120786,0.5804176,0.0,0.0064902897,0.0018614586,0.0,0.05884406,0.24507421,0.04644289,0.0,0.0013465073,5.180893E-4,0.0,0.0,0.0,0.0,0.0,0.0,0.0,0.0,0.0,0.0
10.0,30.0,0.0,8.725988E-4,4.4689912E-4,0.0,0.008083448,0.0,2.3817942E-4,8.6891E-9,0.0,0.001102603,0.0025524131,0.001217041,0.0,9.159706E-6,2.99705E-8,0.0,0.0,0.0,0.0,0.0,0.0,0.0,0.0,0.0,0.0
10.0,32.0,0.0,0.0,0.0,0.0,0.0,0.0,0.0,0.0,0.0,0.0,0.0,0.0,0.0,0.0,0.0,0.0,0.0,0.0,0.0,0.0,0.0,0.0,0.0,0.0,0.0
10.0,34.0,0.0,0.0,0.0,0.0,0.0,0.0,0.0,0.0,0.0,0.0,0.0,0.0,0.0,0.0,0.0,0.0,0.0,0.0,0.0,0.0,0.0,0.0,0.0,0.0,0.0
10.0,36.0,0.0,0.0,0.0,0.0,0.0,0.0,0.0,0.0,0.0,0.0,0.0,0.0,0.0,0.0,0.0,0.0,0.0,0.0,0.0,0.0,0.0,0.0,0.0,0.0,0.0
10.0,38.0,0.0,0.0,0.0,0.0,0.0,0.0,0.0,0.0,0.0,0.0,0.0,0.0,0.0,0.0,0.0,0.0,0.0,0.0,0.0,0.0,0.0,0.0,0.0,0.0,0.0
10.0,40.0,0.0,0.0,0.0,0.0,0.0,0.0,0.0,0.0,0.0,0.0,0.0,0.0,0.0,0.0,0.0,0.0,0.0,0.0,0.0,0.0,0.0,0.0,0.0,0.0,0.0
11.0,0.0,4.8728065,0.349865,0.25422764,1.603242,0.0,0.0,1.356943E-4,0.15494786,14.8472805,0.56344616,0.3368137,1.6647028,0.51988655,2.4873803,0.97399205,0.0,0.0,5.31122E-5,0.14753784,5.311665,0.44744205,8.441985,0.057055052,1.2640468,18.360748
11.0,2.0,10.64231,10.156442,0.06795234,1.6789812,0.18341357,0.0,0.0014400329,0.68020344,23.005627,3.8956745,1.290259,2.217997,0.5021039,7.5581074,2.6361966,0.0,0.0,0.0,0.0,0.0,0.0,0.0,0.0,0.0,5.2264886
11.0,4.0,8.948604,5.7383285,1.0454509,2.9215047,2.290314,0.0,0.0041509327,0.6339996,13.85521,6.487431,5.7573667,3.6235955,0.02954118,7.917829,1.6190016,0.0,0.0,0.0,0.0,0.0,0.0,0.0,0.0,0.0,0.0
11.0,6.0,4.727181,4.389531,0.67963,3.64916,3.2974823,0.0,0.079179935,0.20875764,9.363257,3.8964906,7.0646796,2.555205,0.0,4.116191,1.5434436,0.0,0.0,0.0,0.0,0.0,0.0,0.0,0.0,0.0,0.0
11.0,8.0,4.1336603,4.028848,0.77459407,3.1701653,6.2105494,0.0,0.041586753,0.36113966,2.6625993,2.7998376,8.084199,4.121922,0.0,2.713691,1.0816875,0.0,0.0,0.0,0.0,0.0,0.0,0.0,0.0,0.0,0.0
11.0,10.0,0.093299486,0.43233618,0.07313589,0.23811236,1.7295482,0.0,0.038380202,0.03690543,0.0663693,0.4866912,1.5880654,0.40169358,0.0,0.24097155,0.08404942,0.0,0.0,0.0,0.0,0.0,0.0,0.0,0.0,0.0,0.0
11.0,12.0,0.74913925,3.8925512,0.6124743,1.6181766,16.240894,0.0,0.14257655,0.27111682,0.25931153,4.2071323,11.697154,2.8149765,0.0,0.9419276,0.47885132,0.0,0.0,0.0,0.0,0.0,0.0,0.0,0.0,0.0,0.0
11.0,14.0,0.5718166,3.7512765,0.6986972,1.4004085,18.648958,0.0,0.18402162,0.22714476,0.06284552,3.8143415,11.171323,2.4032388,0.0,0.6221088,0.35016328,0.0,0.0,0.0,0.0,0.0,0.0,0.0,0.0,0.0,0.0
11.0,16.0,0.14226173,1.8110201,0.3221002,0.47848624,11.692806,0.0,0.10971506,0.09766852,0.0069764964,1.8829303,5.35967,1.2280399,0.0,0.19279028,0.104738876,0.0,0.0,0.0,0.0,0.0,0.0,0.0,0.0,0.0,0.0
11.0,18.0,0.0114361225,0.90241855,0.15524971,0.21305676,6.528749,0.0,0.06089832,0.048214477,0.0012303783,0.8871644,2.9486055,0.5872543,0.0,0.065314904,0.03575213,0.0,0.0,0.0,0.0,0.0,0.0,0.0,0.0,0.0,0.0
11.0,20.0,0.0015800383,0.52629685,0.09968173,0.12497693,4.134707,0.0,0.03351051,0.02484953,0.0,0.5602728,1.7613779,0.34013894,0.0,0.023113009,0.015826333,0.0,0.0,0.0,0.0,0.0,0.0,0.0,0.0,0.0,0.0
11.0,22.0,3.3609074E-5,0.28113562,0.05906575,0.050276928,2.5798597,0.0,0.02346318,0.012138309,0.0,0.30930987,1.1039122,0.20232584,0.0,0.016857,0.0051485524,0.0,0.0,0.0,0.0,0.0,0.0,0.0,0.0,0.0,0.0
11.0,24.0,1.563119E-4,0.16572282,0.034640625,0.023654671,1.6159303,0.0,0.014916588,0.007202157,0.0,0.18701541,0.6689225,0.12569346,0.0,0.0049993494,0.003799207,0.0,0.0,0.0,0.0,0.0,0.0,0.0,0.0,0.0,0.0
11.0,26.0,1.0629232E-7,0.098715544,0.022093207,0.015425912,1.103932,0.0,0.009607279,0.003851003,0.0,0.11503947,0.4335441,0.076966695,0.0,0.0032022402,0.0013887514,0.0,0.0,0.0,0.0,0.0,0.0,0.0,0.0,0.0,0.0
11.0,28.0,0.0,0.05767365,0.01393729,0.0073553245,0.6675213,0.0,0.0069855526,0.0027113988,0.0,0.06719514,0.2688599,0.048082307,0.0,0.0017674327,5.072425E-4,0.0,0.0,0.0,0.0,0.0,0.0,0.0,0.0,0.0,0.0
11.0,30.0,0.0,2.7892168E-4,3.8081172E-4,6.2137035E-5,0.0083493665,0.0,1.8953501E-4,6.266351E-6,0.0,5.6225E-4,0.004121145,7.1642996E-4,0.0,2.0598281E-6,0.0,0.0,0.0,0.0,0.0,0.0,0.0,0.0,0.0,0.0,0.0
11.0,32.0,0.0,0.0,0.0,0.0,0.0,0.0,0.0,0.0,0.0,0.0,0.0,0.0,0.0,0.0,0.0,0.0,0.0,0.0,0.0,0.0,0.0,0.0,0.0,0.0,0.0
11.0,34.0,0.0,0.0,0.0,0.0,0.0,0.0,0.0,0.0,0.0,0.0,0.0,0.0,0.0,0.0,0.0,0.0,0.0,0.0,0.0,0.0,0.0,0.0,0.0,0.0,0.0
11.0,36.0,0.0,0.0,0.0,0.0,0.0,0.0,0.0,0.0,0.0,0.0,0.0,0.0,0.0,0.0,0.0,0.0,0.0,0.0,0.0,0.0,0.0,0.0,0.0,0.0,0.0
11.0,38.0,0.0,0.0,0.0,0.0,0.0,0.0,0.0,0.0,0.0,0.0,0.0,0.0,0.0,0.0,0.0,0.0,0.0,0.0,0.0,0.0,0.0,0.0,0.0,0.0,0.0
11.0,40.0,0.0,0.0,0.0,0.0,0.0,0.0,0.0,0.0,0.0,0.0,0.0,0.0,0.0,0.0,0.0,0.0,0.0,0.0,0.0,0.0,0.0,0.0,0.0,0.0,0.0
12.0,0.0,2.0126262,1.2721349,0.31106785,0.77157414,0.0,0.0,0.0023148046,5.4199787E-5,4.943133,0.7671577,0.033884224,0.1917365,0.9255344,2.4862618,0.091444075,0.0,0.0,1.7304204E-5,0.20367587,7.0558,0.5487198,10.427955,0.060752664,1.3673271,17.475937
12.0,2.0,16.87365,6.637435,0.15208027,4.274169,0.16273834,0.0,8.2612765E-5,2.4386551,28.369379,5.161965,2.6598325,4.354175,0.2341302,7.4405527,2.7351542,0.0,0.0,0.0,0.0,0.0,0.0,0.0,0.0,0.0,1.3617684
12.0,4.0,4.622946,4.3335285,0.27102435,2.771531,3.5421557,0.0,0.013617104,0.33350113,11.3799,3.048012,2.6667616,1.7257257,3.492882E-5,4.6824684,2.0562532,0.0,0.0,0.0,0.0,0.0,0.0,0.0,0.0,0.0,0.0
12.0,6.0,6.3718038,7.8694606,1.5690944,3.542789,7.854572,0.0,0.0,0.96267974,11.2823515,4.785167,9.602931,5.2363143,0.0,4.410204,1.947109,0.0,0.0,0.0,0.0,0.0,0.0,0.0,0.0,0.0,0.0
12.0,8.0,2.841757,3.250865,1.1555417,2.3728364,7.1491966,0.0,0.13026308,1.2294436,5.805439,2.0426123,7.5480304,1.7863731,0.0,2.9049888,0.6386107,0.0,0.0,0.0,0.0,0.0,0.0,0.0,0.0,0.0,0.0
12.0,10.0,0.62405705,1.1753626,0.080601335,0.6724207,4.9586315,0.0,0.013249755,0.019344458,0.85547864,1.4503235,4.3533745,1.0661827,0.0,0.6227349,0.3021852,0.0,0.0,0.0,0.0,0.0,0.0,0.0,0.0,0.0,0.0
12.0,12.0,0.34460312,2.3375478,0.33495685,0.90681493,9.549479,0.0,0.099431336,0.17880107,0.15822944,1.8577528,5.978682,1.331364,0.0,0.49278012,0.23514007,0.0,0.0,0.0,0.0,0.0,0.0,0.0,0.0,0.0,0.0
12.0,14.0,0.5263387,4.146107,0.55762804,1.5489248,20.708492,0.0,0.20581914,0.36407363,0.09156925,3.4552722,11.440571,2.493659,0.0,0.71194917,0.29849422,0.0,0.0,0.0,0.0,0.0,0.0,0.0,0.0,0.0,0.0
12.0,16.0,0.15047596,2.8535707,0.3670913,0.9148908,16.240232,0.0,0.16339327,0.21321142,0.010599726,2.2088382,7.213791,1.5528268,0.0,0.28595042,0.13192222,0.0,0.0,0.0,0.0,0.0,0.0,0.0,0.0,0.0,0.0
12.0,18.0,0.0116581535,1.2185694,0.20249255,0.3253035,8.561875,0.0,0.07241935,0.088180356,0.0019620515,0.94045836,3.2686274,0.6320008,0.0,0.06358258,0.038118392,0.0,0.0,0.0,0.0,0.0,0.0,0.0,0.0,0.0,0.0
12.0,20.0,0.0021196208,0.65200174,0.105549775,0.14667583,5.1877885,0.0,0.037681747,0.03478086,0.0013119036,0.52581865,1.9229742,0.37021104,0.0,0.031183295,0.015468238,0.0,0.0,0.0,0.0,0.0,0.0,0.0,0.0,0.0,0.0
12.0,22.0,2.3947374E-4,0.39811003,0.057650596,0.07031239,3.2862656,0.0,0.031757403,0.017464828,0.0,0.305976,1.1652795,0.19515905,0.0,0.011470625,0.010979333,0.0,0.0,0.0,0.0,0.0,0.0,0.0,0.0,0.0,0.0
12.0,24.0,3.6692877E-6,0.22478364,0.03257982,0.034369893,1.958879,0.0,0.018974489,0.0071740556,0.0,0.18368518,0.7242274,0.12601219,0.0,0.005609849,0.004704653,0.0,0.0,0.0,0.0,0.0,0.0,0.0,0.0,0.0,0.0
12.0,26.0,2.8758498E-8,0.13317743,0.019389063,0.01813825,1.2289369,0.0,0.011955008,0.0032188916,0.0,0.10422228,0.44013873,0.07666043,0.0,0.004008404,0.0010580525,0.0,0.0,0.0,0.0,0.0,0.0,0.0,0.0,0.0,0.0
12.0,28.0,1.1093764E-5,0.07278713,0.008632174,0.0077451817,0.7414629,0.0,0.0065240534,0.0013545488,0.0,0.059931614,0.24916358,0.04312497,0.0,0.0014337271,7.5096695E-4,0.0,0.0,0.0,0.0,0.0,0.0,0.0,0.0,0.0,0.0
12.0,30.0,0.0,0.0010390589,2.4559416E-4,1.3245538E-8,0.011300324,0.0,0.0,4.1464836E-9,0.0,0.001370663,0.0039530396,6.432912E-4,0.0,4.020123E-8,6.024637E-6,0.0,0.0,0.0,0.0,0.0,0.0,0.0,0.0,0.0,0.0
12.0,32.0,0.0,0.0,0.0,0.0,0.0,0.0,0.0,0.0,0.0,0.0,0.0,0.0,0.0,0.0,0.0,0.0,0.0,0.0,0.0,0.0,0.0,0.0,0.0,0.0,0.0
12.0,34.0,0.0,0.0,0.0,0.0,0.0,0.0,0.0,0.0,0.0,0.0,0.0,0.0,0.0,0.0,0.0,0.0,0.0,0.0,0.0,0.0,0.0,0.0,0.0,0.0,0.0
12.0,36.0,0.0,0.0,0.0,0.0,0.0,0.0,0.0,0.0,0.0,0.0,0.0,0.0,0.0,0.0,0.0,0.0,0.0,0.0,0.0,0.0,0.0,0.0,0.0,0.0,0.0
12.0,38.0,0.0,0.0,0.0,0.0,0.0,0.0,0.0,0.0,0.0,0.0,0.0,0.0,0.0,0.0,0.0,0.0,0.0,0.0,0.0,0.0,0.0,0.0,0.0,0.0,0.0
12.0,40.0,0.0,0.0,0.0,0.0,0.0,0.0,0.0,0.0,0.0,0.0,0.0,0.0,0.0,0.0,0.0,0.0,0.0,0.0,0.0,0.0,0.0,0.0,0.0,0.0,0.0
13.0,0.0,4.960205,6.349005,0.6350607,1.2469295,0.0,0.0,5.369153E-5,0.6808197,15.656367,2.0960839,0.1606676,0.9421868,2.4121075,5.950942,0.7796816,0.0,0.0,4.298994E-5,0.15817787,6.0926175,0.52025723,9.387624,0.058750752,1.339733,52.918747
13.0,2.0,8.67852,6.3186226,1.2558362,3.6777105,1.5303334,0.0,7.436707E-4,0.28388715,19.938728,3.9983208,2.125822,3.3589237,0.530776,7.550848,4.003762,0.0,0.0,0.0,0.0,0.0,0.0,0.0,0.0,0.0,2.2136934
13.0,4.0,5.9213905,6.1057405,1.152234,3.9745238,2.7045832,0.0,0.030901931,0.118088536,14.062328,4.549477,2.9230037,2.2096574,0.0014706727,3.6472967,2.894949,0.0,0.0,0.0,0.0,0.0,0.0,0.0,0.0,0.0,0.0
13.0,6.0,5.459708,5.6414747,0.98444676,3.053822,10.412724,0.0,2.8575343E-7,1.0528231,8.454385,5.4320583,9.275396,4.7321334,0.0,3.9592788,2.4015512,0.0,0.0,0.0,0.0,0.0,0.0,0.0,0.0,0.0,0.0
13.0,8.0,3.1454558,4.0431943,0.6098249,2.9464884,9.930888,0.0,0.3277001,0.66226065,3.5575778,2.5974824,8.123308,2.9565375,0.0,2.2868493,1.7768575,0.0,0.0,0.0,0.0,0.0,0.0,0.0,0.0,0.0,0.0
13.0,10.0,1.1823163,3.5260422,0.58671576,1.4772967,12.776606,0.0,0.37874568,0.43902224,1.4405876,2.6085882,8.085633,1.8053112,0.0,2.6406033,0.30401856,0.0,0.0,0.0,0.0,0.0,0.0,0.0,0.0,0.0,0.0
13.0,12.0,0.08417347,0.38406762,0.06119591,0.24243127,2.2666414,0.0,0.022308419,0.04475005,0.016528,0.37800995,1.2589833,0.3419252,0.0,0.092672266,0.04420509,0.0,0.0,0.0,0.0,0.0,0.0,0.0,0.0,0.0,0.0
13.0,14.0,0.48037946,3.1786265,0.5738061,1.3238411,19.505333,0.0,0.18719438,0.19674754,0.08894941,2.462287,9.316434,2.3327909,0.0,0.6065596,0.23940659,0.0,0.0,0.0,0.0,0.0,0.0,0.0,0.0,0.0,0.0
13.0,16.0,0.2092302,2.7873926,0.48719385,1.1150787,21.235384,0.0,0.16745426,0.17644373,0.016015003,2.2094617,8.4383545,2.0531445,0.0,0.3951313,0.14454757,0.0,0.0,0.0,0.0,0.0,0.0,0.0,0.0,0.0,0.0
13.0,18.0,0.031699277,1.411624,0.23993853,0.4996586,11.936871,0.0,0.10688556,0.080548644,0.0019312537,1.0051465,4.226891,0.9388239,0.0,0.10241269,0.04054197,0.0,0.0,0.0,0.0,0.0,0.0,0.0,0.0,0.0,0.0
13.0,20.0,0.002509515,0.6479274,0.11968839,0.22582279,6.5893393,0.0,0.054566354,0.035712842,3.9657764E-4,0.48675293,2.0780773,0.44739354,0.0,0.033697236,0.018071717,0.0,0.0,0.0,0.0,0.0,0.0,0.0,0.0,0.0,0.0
13.0,22.0,0.001755829,0.40785107,0.06829794,0.11227918,4.028402,0.0,0.029718686,0.020004002,0.0,0.28016925,1.2696574,0.25192988,0.0,0.01616333,0.006828847,0.0,0.0,0.0,0.0,0.0,0.0,0.0,0.0,0.0,0.0
13.0,24.0,3.110472E-4,0.22723693,0.050813805,0.054811187,2.4837527,0.0,0.019008424,0.008925629,0.0,0.15438747,0.7320206,0.1476533,0.0,0.005881265,0.0038024408,0.0,0.0,0.0,0.0,0.0,0.0,0.0,0.0,0.0,0.0
13.0,26.0,4.5153652E-7,0.12829335,0.021998677,0.026308516,1.4517471,0.0,0.011588472,0.0064344765,0.0,0.09227511,0.4215919,0.08370343,0.0,0.0021803135,0.0021782266,0.0,0.0,0.0,0.0,0.0,0.0,0.0,0.0,0.0,0.0
13.0,28.0,7.801014E-9,0.0648799,0.011676008,0.013710416,0.8365187,0.0,0.003713701,0.0026262405,0.0,0.044781197,0.24487713,0.042464767,0.0,0.0014052362,5.792686E-4,0.0,0.0,0.0,0.0,0.0,0.0,0.0,0.0,0.0,0.0
13.0,30.0,0.0,5.7460816E-4,6.683275E-5,2.0840522E-5,0.011724503,0.0,0.0,5.681789E-4,0.0,1.9603912E-4,0.0033475526,1.8319338E-4,0.0,3.8618422E-5,0.0,0.0,0.0,0.0,0.0,0.0,0.0,0.0,0.0,0.0,0.0
13.0,32.0,0.0,0.0,0.0,0.0,0.0,0.0,0.0,0.0,0.0,0.0,0.0,0.0,0.0,0.0,0.0,0.0,0.0,0.0,0.0,0.0,0.0,0.0,0.0,0.0,0.0
13.0,34.0,0.0,0.0,0.0,0.0,0.0,0.0,0.0,0.0,0.0,0.0,0.0,0.0,0.0,0.0,0.0,0.0,0.0,0.0,0.0,0.0,0.0,0.0,0.0,0.0,0.0
13.0,36.0,0.0,0.0,0.0,0.0,0.0,0.0,0.0,0.0,0.0,0.0,0.0,0.0,0.0,0.0,0.0,0.0,0.0,0.0,0.0,0.0,0.0,0.0,0.0,0.0,0.0
13.0,38.0,0.0,0.0,0.0,0.0,0.0,0.0,0.0,0.0,0.0,0.0,0.0,0.0,0.0,0.0,0.0,0.0,0.0,0.0,0.0,0.0,0.0,0.0,0.0,0.0,0.0
13.0,40.0,0.0,0.0,0.0,0.0,0.0,0.0,0.0,0.0,0.0,0.0,0.0,0.0,0.0,0.0,0.0,0.0,0.0,0.0,0.0,0.0,0.0,0.0,0.0,0.0,0.0
14.0,0.0,14.935527,3.2407515,0.03685161,1.457305,0.0,0.0,0.0073279906,0.3179812,21.062727,0.05760615,0.17889519,3.570746,0.6850095,4.032141,1.6149035,0.0,0.0,3.03495E-5,0.20699644,7.736762,0.5949173,11.922727,0.06762894,1.4243143,34.825893
14.0,2.0,17.825813,8.770086,0.53721917,6.490916,0.5168915,0.0,0.0,0.81295717,30.724709,6.4403343,1.5436901,7.473711,1.2753865,8.881975,3.5045822,0.0,0.0,0.0,0.0,0.0,0.0,0.0,0.0,0.0,5.8425064
14.0,4.0,8.975682,5.590067,0.82909155,3.9101188,3.9276202,0.0,0.06236253,0.3394797,9.790667,7.6621857,4.5377197,4.656926,0.011051764,7.078763,2.0911064,0.0,0.0,0.0,0.0,0.0,0.0,0.0,0.0,0.0,0.0
14.0,6.0,3.7986903,3.5271764,0.40280953,3.3922508,9.636338,0.0,0.0,0.049945515,4.0715384,3.3612645,4.2670994,3.8497214,0.0,2.7344496,1.0232011,0.0,0.0,0.0,0.0,0.0,0.0,0.0,0.0,0.0,0.0
14.0,8.0,5.01295,4.4942293,1.1887916,3.065631,15.483607,0.0,0.018535944,0.40779197,5.0146546,5.6848187,10.820266,5.0389,0.0,3.8218305,1.4850435,0.0,0.0,0.0,0.0,0.0,0.0,0.0,0.0,0.0,0.0
14.0,10.0,1.27518,2.5830772,0.33980054,1.3578345,15.002026,0.0,0.3367457,0.2833091,1.508869,2.390616,6.914913,2.697227,0.0,1.8222809,0.35711607,0.0,0.0,0.0,0.0,0.0,0.0,0.0,0.0,0.0,0.0
14.0,12.0,0.32803333,1.1044866,0.08827112,0.5009321,7.008833,0.0,0.024636019,0.19005692,0.25151414,1.1063812,2.9363937,1.1204362,0.0,0.5198544,0.35682282,0.0,0.0,0.0,0.0,0.0,0.0,0.0,0.0,0.0,0.0
14.0,14.0,0.19412275,1.6028917,0.30996963,0.6502182,11.252947,0.0,0.06626962,0.07380563,0.02406085,1.6239676,4.7606254,1.0465534,0.0,0.30094478,0.12868772,0.0,0.0,0.0,0.0,0.0,0.0,0.0,0.0,0.0,0.0
14.0,16.0,0.21111384,3.0042915,0.5817884,1.0110449,23.195219,0.0,0.22338085,0.16728409,0.01777826,2.6902158,8.429532,1.8682203,0.0,0.3621214,0.13583757,0.0,0.0,0.0,0.0,0.0,0.0,0.0,0.0,0.0,0.0
14.0,18.0,0.034989584,2.0198686,0.34680012,0.5831375,16.759195,0.0,0.12358656,0.09161351,0.00760197,1.5757186,5.602378,1.1828176,0.0,0.15457186,0.056089897,0.0,0.0,0.0,0.0,0.0,0.0,0.0,0.0,0.0,0.0
14.0,20.0,0.002596285,0.8856894,0.16393913,0.21773948,8.468966,0.0,0.06945861,0.018984215,0.0017441952,0.6600331,2.3301697,0.49335915,0.0,0.03332997,0.017960014,0.0,0.0,0.0,0.0,0.0,0.0,0.0,0.0,0.0,0.0
14.0,22.0,5.2800664E-4,0.44559857,0.08177847,0.112081744,5.1094694,0.0,0.033738196,0.012472728,4.0804376E-4,0.3163869,1.3031166,0.2527932,0.0,0.017623499,0.0069742636,0.0,0.0,0.0,0.0,0.0,0.0,0.0,0.0,0.0,0.0
14.0,24.0,4.6295064E-4,0.25953963,0.049537584,0.0686833,3.0962741,0.0,0.021318503,0.006593746,0.0,0.18381046,0.8099681,0.16889247,0.0,0.009945985,0.0023796537,0.0,0.0,0.0,0.0,0.0,0.0,0.0,0.0,0.0,0.0
14.0,26.0,5.0832085E-7,0.13490683,0.023382187,0.026289133,1.8366115,0.0,0.012579309,0.001823713,0.0,0.09892158,0.44043493,0.08671438,0.0,0.0029001436,0.0015201508,0.0,0.0,0.0,0.0,0.0,0.0,0.0,0.0,0.0,0.0
14.0,28.0,1.2725965E-7,0.064469665,0.013719371,0.012238796,0.9663123,0.0,0.0074366694,9.220779E-4,0.0,0.050952323,0.24584636,0.04920969,0.0,0.0016186243,9.06291E-4,0.0,0.0,0.0,0.0,0.0,0.0,0.0,0.0,0.0,0.0
14.0,30.0,0.0,7.557647E-4,6.66679E-4,9.888863E-5,0.0124469455,0.0,0.0,2.9555133E-6,0.0,1.6407612E-4,0.004114195,3.749406E-4,0.0,6.871252E-7,4.9995926E-8,0.0,0.0,0.0,0.0,0.0,0.0,0.0,0.0,0.0,0.0
14.0,32.0,0.0,0.0,0.0,0.0,0.0,0.0,0.0,0.0,0.0,0.0,0.0,0.0,0.0,0.0,0.0,0.0,0.0,0.0,0.0,0.0,0.0,0.0,0.0,0.0,0.0
14.0,34.0,0.0,0.0,0.0,0.0,0.0,0.0,0.0,0.0,0.0,0.0,0.0,0.0,0.0,0.0,0.0,0.0,0.0,0.0,0.0,0.0,0.0,0.0,0.0,0.0,0.0
14.0,36.0,0.0,0.0,0.0,0.0,0.0,0.0,0.0,0.0,0.0,0.0,0.0,0.0,0.0,0.0,0.0,0.0,0.0,0.0,0.0,0.0,0.0,0.0,0.0,0.0,0.0
14.0,38.0,0.0,0.0,0.0,0.0,0.0,0.0,0.0,0.0,0.0,0.0,0.0,0.0,0.0,0.0,0.0,0.0,0.0,0.0,0.0,0.0,0.0,0.0,0.0,0.0,0.0
14.0,40.0,0.0,0.0,0.0,0.0,0.0,0.0,0.0,0.0,0.0,0.0,0.0,0.0,0.0,0.0,0.0,0.0,0.0,0.0,0.0,0.0,0.0,0.0,0.0,0.0,0.0
15.0,0.0,2.395307,1.7363175,0.8324314,0.2841655,0.0,0.0,5.8439004E-5,3.2181662E-5,12.194115,0.032106012,0.012737325,0.439781,0.5762822,2.1491427,0.7161657,0.0,0.0,2.5610667E-5,0.14600281,5.94786,0.5649367,10.465528,0.067849986,1.4887133,24.243008
15.0,2.0,19.205687,11.407703,0.31754142,5.8970175,0.62012666,0.0,2.5150882E-7,0.214619,47.62254,7.1736646,1.69385,6.0360665,0.84119517,5.512793,3.515511,0.0,0.0,0.0,0.0,0.0,0.0,0.0,0.0,0.0,2.1410346
15.0,4.0,6.289098,5.4389925,0.64638734,2.8144426,3.7100751,0.0,0.2684708,0.60092384,10.878627,4.666721,3.2084785,2.7494164,4.9166323E-4,4.8077474,0.6234746,0.0,0.0,0.0,0.0,0.0,0.0,0.0,0.0,0.0,0.0
15.0,6.0,5.8974037,5.050382,0.75992167,2.732078,8.876847,0.0,0.05490957,0.40284526,5.7971325,5.176991,5.7665243,2.8740158,0.0,2.7296202,0.8019372,0.0,0.0,0.0,0.0,0.0,0.0,0.0,0.0,0.0,0.0
15.0,8.0,2.7645123,6.9271145,1.3624812,2.6052394,18.90117,0.0,0.12199485,0.32408267,3.1224172,5.398302,9.612475,3.1165009,0.0,5.016517,1.5817393,0.0,0.0,0.0,0.0,0.0,0.0,0.0,0.0,0.0,0.0
15.0,10.0,1.5351216,3.598174,0.7872861,1.2933118,15.47857,0.0,0.095143534,0.36949182,1.5612221,3.1240983,8.984847,2.1757016,0.0,1.4976926,0.2658069,0.0,0.0,0.0,0.0,0.0,0.0,0.0,0.0,0.0,0.0
15.0,12.0,0.4854855,4.121211,0.36320966,1.5988296,15.962155,0.0,0.16124247,0.039384004,0.07406126,2.4340014,5.9235196,2.6606703,0.0,0.36869344,0.25194028,0.0,0.0,0.0,0.0,0.0,0.0,0.0,0.0,0.0,0.0
15.0,14.0,0.056997616,0.39834428,0.05118652,0.13108258,2.5686784,0.0,0.022118613,0.018498251,0.0129552195,0.40509707,0.92393655,0.22339089,0.0,0.055483647,0.02267291,0.0,0.0,0.0,0.0,0.0,0.0,0.0,0.0,0.0,0.0
15.0,16.0,0.16888267,2.7549353,0.42017576,0.8273469,21.850056,0.0,0.1552645,0.13919188,0.021808138,2.4880023,6.572882,1.5892467,0.0,0.29412854,0.09090985,0.0,0.0,0.0,0.0,0.0,0.0,0.0,0.0,0.0,0.0
15.0,18.0,0.03383587,2.4900546,0.44304004,0.6786649,21.928322,0.0,0.1479735,0.122507825,0.004983176,2.2042809,6.172726,1.3179294,0.0,0.16707273,0.050241794,0.0,0.0,0.0,0.0,0.0,0.0,0.0,0.0,0.0,0.0
15.0,20.0,0.0049318075,1.2131097,0.19448577,0.25901598,11.756148,0.0,0.07702442,0.047489833,0.0014914587,1.0353025,3.0712945,0.6544215,0.0,0.053364456,0.02187382,0.0,0.0,0.0,0.0,0.0,0.0,0.0,0.0,0.0,0.0
15.0,22.0,0.0010597429,0.5511445,0.10184595,0.10641394,6.331377,0.0,0.040295597,0.024324294,2.1203405E-6,0.4685163,1.4562355,0.30658567,0.0,0.021844447,0.009411344,0.0,0.0,0.0,0.0,0.0,0.0,0.0,0.0,0.0,0.0
15.0,24.0,1.0903731E-5,0.33182788,0.053256135,0.05592948,3.92688,0.0,0.027819155,0.012890244,5.0696866E-7,0.26346543,0.8156994,0.16517518,0.0,0.0072305948,0.0028914667,0.0,0.0,0.0,0.0,0.0,0.0,0.0,0.0,0.0,0.0
15.0,26.0,2.5629513E-6,0.17763974,0.03405763,0.02645464,2.2504625,0.0,0.017302541,0.0057041133,0.0,0.14663425,0.4978422,0.09247068,0.0,0.0033856106,0.0012908309,0.0,0.0,0.0,0.0,0.0,0.0,0.0,0.0,0.0,0.0
15.0,28.0,2.4742235E-7,0.07657478,0.015041947,0.010740748,1.1642127,0.0,0.0074147466,0.0024368325,0.0,0.06678817,0.2445885,0.04575541,0.0,0.0012104949,9.3574857E-4,0.0,0.0,0.0,0.0,0.0,0.0,0.0,0.0,0.0,0.0
15.0,30.0,0.0,0.0015057168,2.4703424E-4,6.212032E-5,0.0172279,0.0,8.774835E-5,6.5551035E-7,0.0,6.946129E-4,0.0031306916,7.163603E-4,0.0,4.4147106E-5,1.9727931E-6,0.0,0.0,0.0,0.0,0.0,0.0,0.0,0.0,0.0,0.0
15.0,32.0,0.0,0.0,0.0,0.0,0.0,0.0,0.0,0.0,0.0,0.0,0.0,0.0,0.0,0.0,0.0,0.0,0.0,0.0,0.0,0.0,0.0,0.0,0.0,0.0,0.0
15.0,34.0,0.0,0.0,0.0,0.0,0.0,0.0,0.0,0.0,0.0,0.0,0.0,0.0,0.0,0.0,0.0,0.0,0.0,0.0,0.0,0.0,0.0,0.0,0.0,0.0,0.0
15.0,36.0,0.0,0.0,0.0,0.0,0.0,0.0,0.0,0.0,0.0,0.0,0.0,0.0,0.0,0.0,0.0,0.0,0.0,0.0,0.0,0.0,0.0,0.0,0.0,0.0,0.0
15.0,38.0,0.0,0.0,0.0,0.0,0.0,0.0,0.0,0.0,0.0,0.0,0.0,0.0,0.0,0.0,0.0,0.0,0.0,0.0,0.0,0.0,0.0,0.0,0.0,0.0,0.0
15.0,40.0,0.0,0.0,0.0,0.0,0.0,0.0,0.0,0.0,0.0,0.0,0.0,0.0,0.0,0.0,0.0,0.0,0.0,0.0,0.0,0.0,0.0,0.0,0.0,0.0,0.0
16.0,0.0,2.627584,1.8008711,0.42007908,0.3962348,0.0,0.0,2.6218832E-4,0.18464501,6.1011343,0.26406485,0.1545415,0.5234924,0.47227392,1.9997379,0.18422408,0.0,0.0,2.2520127E-5,0.17392552,6.5440583,0.53184634,10.34365,0.068281904,1.4970089,20.65783
16.0,2.0,13.628919,4.3755884,0.15629672,1.8075061,0.49323213,0.0,0.0059572225,0.2835418,22.427935,2.8844967,1.2817295,1.6673914,0.10637346,5.6403604,1.8312932,0.0,0.0,0.0,0.0,0.0,0.0,0.0,0.0,0.0,1.4986794
16.0,4.0,8.7543125,5.872586,1.326993,5.2463455,3.5487957,0.0,0.0064612785,1.1401604,10.247683,5.608132,2.1207356,3.8025122,0.08061611,8.067083,0.86758554,0.0,0.0,0.0,0.0,0.0,0.0,0.0,0.0,0.0,0.0
16.0,6.0,6.5779505,7.3230877,0.59147847,2.3247774,10.768011,0.0,0.024633268,0.26126048,9.370457,6.0571814,6.183221,4.745777,0.0,3.3165815,1.0239866,0.0,0.0,0.0,0.0,0.0,0.0,0.0,0.0,0.0,0.0
16.0,8.0,2.4423764,3.455384,0.69833285,2.0932853,12.53579,0.0,0.051620156,0.36171147,3.352822,3.0004623,6.3498907,2.1459897,0.0,2.0120125,0.6180859,0.0,0.0,0.0,0.0,0.0,0.0,0.0,0.0,0.0,0.0
16.0,10.0,2.8418787,4.7159014,1.3837206,2.3971274,21.581179,0.0,0.2217337,0.09649502,1.9246497,4.5304713,10.199062,3.8154254,0.0,3.1346028,1.1939303,0.0,0.0,0.0,0.0,0.0,0.0,0.0,0.0,0.0,0.0
16.0,12.0,0.36456558,3.4087305,0.36932462,1.0453242,15.837854,0.0,0.04250718,0.076336086,0.55781066,3.5330105,5.6129193,1.2613248,0.0,0.8826551,0.14735584,0.0,0.0,0.0,0.0,0.0,0.0,0.0,0.0,0.0,0.0
16.0,14.0,0.028888071,0.86368006,0.1385311,0.5137331,7.8047266,0.0,0.0638816,3.6623E-4,0.16250075,0.9665604,2.050425,0.49188128,0.0,0.12934238,0.006248068,0.0,0.0,0.0,0.0,0.0,0.0,0.0,0.0,0.0,0.0
16.0,16.0,0.051137924,1.3498632,0.20180403,0.4096738,12.864734,0.0,0.08725151,0.069797345,0.009741738,1.2317144,3.3631842,0.75532573,0.0,0.13833082,0.059259273,0.0,0.0,0.0,0.0,0.0,0.0,0.0,0.0,0.0,0.0
16.0,18.0,0.05805224,2.3773196,0.3779823,0.73953366,25.771717,0.0,0.13102432,0.11578129,0.0068666614,1.9691379,5.5922146,1.2753474,0.0,0.17760673,0.06244838,0.0,0.0,0.0,0.0,0.0,0.0,0.0,0.0,0.0,0.0
16.0,20.0,0.008881904,1.5219741,0.25647414,0.39018914,17.6871,0.0,0.0876966,0.05558871,1.8762935E-4,1.2401092,3.7324326,0.7630596,0.0,0.077539,0.02459335,0.0,0.0,0.0,0.0,0.0,0.0,0.0,0.0,0.0,0.0
16.0,22.0,0.0021185135,0.634981,0.10639302,0.14209184,8.575226,0.0,0.040161457,0.021432439,0.0,0.49545598,1.5661632,0.29372603,0.0,0.033355817,0.0066765714,0.0,0.0,0.0,0.0,0.0,0.0,0.0,0.0,0.0,0.0
16.0,24.0,8.0332736E-4,0.3263909,0.061053943,0.063311696,5.008912,0.0,0.026671385,0.008737182,0.0,0.24595228,0.8875933,0.15787953,0.0,0.016056972,0.004880846,0.0,0.0,0.0,0.0,0.0,0.0,0.0,0.0,0.0,0.0
16.0,26.0,1.4581524E-5,0.18620494,0.037139785,0.027591232,3.0279188,0.0,0.015769582,0.0057701194,0.0,0.13798818,0.49770978,0.08322968,0.0,0.00426127,7.898558E-4,0.0,0.0,0.0,0.0,0.0,0.0,0.0,0.0,0.0,0.0
16.0,28.0,9.0448253E-7,0.091192156,0.013906321,0.012917569,1.5669633,0.0,0.008794494,0.0017495429,0.0,0.07209283,0.24519128,0.04569822,0.0,0.0012528211,3.6237584E-4,0.0,0.0,0.0,0.0,0.0,0.0,0.0,0.0,0.0,0.0
16.0,30.0,0.0,2.0834502E-4,2.8270067E-4,2.935436E-4,0.019202156,0.0,1.2908038E-8,4.321001E-6,0.0,0.0010640142,0.0025252039,0.0010087184,0.0,1.4772152E-6,5.6528656E-6,0.0,0.0,0.0,0.0,0.0,0.0,0.0,0.0,0.0,0.0
16.0,32.0,0.0,0.0,0.0,0.0,0.0,0.0,0.0,0.0,0.0,0.0,0.0,0.0,0.0,0.0,0.0,0.0,0.0,0.0,0.0,0.0,0.0,0.0,0.0,0.0,0.0
16.0,34.0,0.0,0.0,0.0,0.0,0.0,0.0,0.0,0.0,0.0,0.0,0.0,0.0,0.0,0.0,0.0,0.0,0.0,0.0,0.0,0.0,0.0,0.0,0.0,0.0,0.0
16.0,36.0,0.0,0.0,0.0,0.0,0.0,0.0,0.0,0.0,0.0,0.0,0.0,0.0,0.0,0.0,0.0,0.0,0.0,0.0,0.0,0.0,0.0,0.0,0.0,0.0,0.0
16.0,38.0,0.0,0.0,0.0,0.0,0.0,0.0,0.0,0.0,0.0,0.0,0.0,0.0,0.0,0.0,0.0,0.0,0.0,0.0,0.0,0.0,0.0,0.0,0.0,0.0,0.0
16.0,40.0,0.0,0.0,0.0,0.0,0.0,0.0,0.0,0.0,0.0,0.0,0.0,0.0,0.0,0.0,0.0,0.0,0.0,0.0,0.0,0.0,0.0,0.0,0.0,0.0,0.0
17.0,0.0,3.3381333,2.3809874,0.64991164,0.13177198,0.0,0.0,0.0032793363,0.122196175,7.03519,0.48555356,0.034028288,0.59102124,0.9766478,2.295729,0.38085058,0.0,0.0,1.1926695E-5,0.17556177,7.2406197,0.69316596,12.184947,0.072989576,1.6468538,24.88965
17.0,2.0,5.9648185,1.6570028,0.10419438,0.72768325,0.2892739,0.0,8.267421E-5,0.17136674,10.603987,1.1817473,0.61632854,2.4872408,0.45186195,4.5625024,1.728319,0.0,0.0,0.0,0.0,0.0,0.0,0.0,0.0,0.0,2.1078231
17.0,4.0,7.0728607,6.7836847,0.6613704,4.076532,5.054397,0.0,0.009088475,1.0478703,11.108667,4.34189,3.397373,3.3450534,3.2397864E-5,5.0946946,0.8692494,0.0,0.0,0.0,0.0,0.0,0.0,0.0,0.0,0.0,0.0
17.0,6.0,5.3395257,4.4397445,0.85980135,1.6566113,11.066852,0.0,0.07223826,0.49542937,7.611363,3.3348978,3.263629,3.1636055,0.0,2.1251712,1.0137405,0.0,0.0,0.0,0.0,0.0,0.0,0.0,0.0,0.0,0.0
17.0,8.0,3.3974452,4.180656,0.5262153,2.3532333,15.508785,0.0,0.009550228,0.5622162,4.632174,3.3886135,4.566214,2.9489813,0.0,1.702409,0.28440174,0.0,0.0,0.0,0.0,0.0,0.0,0.0,0.0,0.0,0.0
17.0,10.0,1.3381408,5.545319,1.0041271,1.905674,29.144361,0.0,0.31183833,0.25386617,1.9423313,2.852208,6.6096616,3.3793633,0.0,2.3534992,0.82834303,0.0,0.0,0.0,0.0,0.0,0.0,0.0,0.0,0.0,0.0
17.0,12.0,0.27905437,2.0732975,0.41455007,1.5358609,20.17903,0.0,0.022402544,0.08370499,0.24076387,2.1681292,5.5604777,1.071767,0.0,0.61962837,0.55142784,0.0,0.0,0.0,0.0,0.0,0.0,0.0,0.0,0.0,0.0
17.0,14.0,0.32412308,1.5240219,0.22611688,0.79419273,18.515095,0.0,0.025178464,0.14138226,0.019869963,1.1369513,4.0027246,1.4805304,0.0,0.5404739,0.08933441,0.0,0.0,0.0,0.0,0.0,0.0,0.0,0.0,0.0,0.0
17.0,16.0,0.0066866376,0.149071,0.038386002,0.10573249,3.1604788,0.0,0.012263058,0.013434065,2.542241E-4,0.19209145,0.6275659,0.15686922,0.0,0.025329761,0.007088818,0.0,0.0,0.0,0.0,0.0,0.0,0.0,0.0,0.0,0.0
17.0,18.0,0.015506862,1.8463407,0.34738705,0.6141514,24.488348,0.0,0.116889775,0.09334233,0.01221838,1.3379983,4.081299,0.9005376,0.0,0.12361964,0.03905217,0.0,0.0,0.0,0.0,0.0,0.0,0.0,0.0,0.0,0.0
17.0,20.0,0.005128258,1.6373028,0.2693365,0.44213685,23.488379,0.0,0.10088708,0.05785784,8.859019E-5,1.2224853,3.772836,0.8579998,0.0,0.0725487,0.0205005,0.0,0.0,0.0,0.0,0.0,0.0,0.0,0.0,0.0,0.0
17.0,22.0,9.512935E-4,0.7510073,0.1265596,0.19800885,12.341951,0.0,0.057507887,0.023038397,2.0505211E-5,0.54678565,1.7630621,0.38244343,0.0,0.026231188,0.0071174535,0.0,0.0,0.0,0.0,0.0,0.0,0.0,0.0,0.0,0.0
17.0,24.0,1.3725508E-4,0.36021864,0.06652695,0.07683804,6.4244943,0.0,0.025571447,0.008141024,0.0,0.258725,0.83730316,0.16835561,0.0,0.013410466,0.002868077,0.0,0.0,0.0,0.0,0.0,0.0,0.0,0.0,0.0,0.0
17.0,26.0,1.3473808E-6,0.19224076,0.03408406,0.03907829,3.8489084,0.0,0.016536212,0.0053151906,0.0,0.14849286,0.4663593,0.09618429,0.0,0.005411578,7.8749575E-4,0.0,0.0,0.0,0.0,0.0,0.0,0.0,0.0,0.0,0.0
17.0,28.0,3.0980019E-7,0.099213734,0.017327795,0.017519007,2.0400395,0.0,0.009428354,0.0024684574,0.0,0.06855019,0.23749506,0.04663907,0.0,0.0023303912,4.274981E-4,0.0,0.0,0.0,0.0,0.0,0.0,0.0,0.0,0.0,0.0
17.0,30.0,0.0,0.0016269103,1.2897284E-4,5.841751E-4,0.026260838,0.0,1.8716788E-4,1.3225008E-5,0.0,6.3504325E-4,0.002787671,9.816568E-4,0.0,4.0905074E-5,2.6290772E-7,0.0,0.0,0.0,0.0,0.0,0.0,0.0,0.0,0.0,0.0
17.0,32.0,0.0,0.0,0.0,0.0,0.0,0.0,0.0,0.0,0.0,0.0,0.0,0.0,0.0,0.0,0.0,0.0,0.0,0.0,0.0,0.0,0.0,0.0,0.0,0.0,0.0
17.0,34.0,0.0,0.0,0.0,0.0,0.0,0.0,0.0,0.0,0.0,0.0,0.0,0.0,0.0,0.0,0.0,0.0,0.0,0.0,0.0,0.0,0.0,0.0,0.0,0.0,0.0
17.0,36.0,0.0,0.0,0.0,0.0,0.0,0.0,0.0,0.0,0.0,0.0,0.0,0.0,0.0,0.0,0.0,0.0,0.0,0.0,0.0,0.0,0.0,0.0,0.0,0.0,0.0
17.0,38.0,0.0,0.0,0.0,0.0,0.0,0.0,0.0,0.0,0.0,0.0,0.0,0.0,0.0,0.0,0.0,0.0,0.0,0.0,0.0,0.0,0.0,0.0,0.0,0.0,0.0
17.0,40.0,0.0,0.0,0.0,0.0,0.0,0.0,0.0,0.0,0.0,0.0,0.0,0.0,0.0,0.0,0.0,0.0,0.0,0.0,0.0,0.0,0.0,0.0,0.0,0.0,0.0
18.0,0.0,2.358933,0.39128476,0.4291563,0.63272935,0.0,0.0,2.8690917E-4,0.00636576,5.7805047,0.6159273,0.09156731,0.30332875,0.9115862,2.2305913,0.058255088,0.0,0.0,1.4811231E-5,0.1482385,6.686594,0.6483736,11.766642,0.07773792,1.6457787,14.627011
18.0,2.0,5.881031,1.9982604,0.14645512,1.1812521,0.32106838,0.0,7.030354E-4,0.1791072,8.677515,1.6837296,0.46157798,1.7453221,0.070411466,4.2775364,0.7307527,0.0,0.0,0.0,0.0,0.0,0.0,0.0,0.0,0.0,2.4073071
18.0,4.0,5.9676065,4.0800695,0.8056552,2.0881214,2.8403249,0.0,0.0034126828,0.65076333,7.728684,2.1707096,0.7792037,2.8008811,4.1466316E-7,2.0801315,0.18232624,0.0,0.0,0.0,0.0,0.0,0.0,0.0,0.0,0.0,0.0
18.0,6.0,6.087168,6.0029335,1.0609306,0.61049306,11.847399,0.0,0.067679256,0.5321295,7.715299,3.7372727,2.4013324,3.123848,0.0,4.1193542,0.85681754,0.0,0.0,0.0,0.0,0.0,0.0,0.0,0.0,0.0,0.0
18.0,8.0,5.3367014,6.1477513,1.0550042,1.152709,21.678568,0.0,0.045566145,0.035194803,4.6746373,3.1726284,6.2251267,2.3405075,0.0,2.1908402,0.35425505,0.0,0.0,0.0,0.0,0.0,0.0,0.0,0.0,0.0,0.0
18.0,10.0,0.72036123,2.6353428,0.46216586,0.44750303,17.969162,0.0,0.23956265,0.12646416,1.2215148,1.9729116,3.7698238,1.9552366,0.0,0.95458466,0.13094065,0.0,0.0,0.0,0.0,0.0,0.0,0.0,0.0,0.0,0.0
18.0,12.0,0.5631424,4.428629,0.49276912,1.3732407,28.859467,0.0,0.087293975,0.28874153,0.62221515,3.2130375,4.090405,1.9517819,0.0,1.0179725,0.39054784,0.0,0.0,0.0,0.0,0.0,0.0,0.0,0.0,0.0,0.0
18.0,14.0,0.37087718,1.9526335,0.07222613,0.34019858,18.031263,0.0,0.032874245,0.21412058,0.06704998,1.2691886,3.1524365,1.0693831,0.0,0.14004509,0.026163332,0.0,0.0,0.0,0.0,0.0,0.0,0.0,0.0,0.0,0.0
18.0,16.0,0.07896862,0.9093642,0.074981995,0.28064245,6.6490808,0.0,0.031660844,0.026566682,0.0,0.8436958,0.9564956,0.27086067,0.0,0.08808244,0.0054729627,0.0,0.0,0.0,0.0,0.0,0.0,0.0,0.0,0.0,0.0
18.0,18.0,0.0113784205,0.91001964,0.14643092,0.21047647,13.848186,0.0,0.042901084,0.04551883,0.007018918,0.71102816,1.9421941,0.5143347,0.0,0.06327523,0.017596126,0.0,0.0,0.0,0.0,0.0,0.0,0.0,0.0,0.0,0.0
18.0,20.0,0.004549833,1.7798321,0.2608078,0.44563943,26.31429,0.0,0.099665016,0.08973686,0.0047254516,1.0763423,3.080535,0.7654868,0.0,0.10608954,0.022300929,0.0,0.0,0.0,0.0,0.0,0.0,0.0,0.0,0.0,0.0
18.0,22.0,0.005597054,1.204202,0.14654349,0.21049322,17.706852,0.0,0.05805281,0.05049082,0.0,0.6404953,1.8972816,0.5017164,0.0,0.056697085,0.01181664,0.0,0.0,0.0,0.0,0.0,0.0,0.0,0.0,0.0,0.0
18.0,24.0,8.4603095E-4,0.47027296,0.07119423,0.075602725,8.366782,0.0,0.033746522,0.014895229,0.0,0.25215697,0.84167093,0.18701431,0.0,0.015298223,0.0022496686,0.0,0.0,0.0,0.0,0.0,0.0,0.0,0.0,0.0,0.0
18.0,26.0,7.317447E-5,0.24083385,0.039761446,0.034690294,4.807505,0.0,0.015848206,0.00919296,0.0,0.13263021,0.426794,0.10360981,0.0,0.007871799,0.0017406746,0.0,0.0,0.0,0.0,0.0,0.0,0.0,0.0,0.0,0.0
18.0,28.0,4.364071E-8,0.11620637,0.017662445,0.01853161,2.7268384,0.0,0.007455544,0.002458907,0.0,0.0629092,0.22353771,0.04336103,0.0,0.0026015006,3.987853E-4,0.0,0.0,0.0,0.0,0.0,0.0,0.0,0.0,0.0,0.0
18.0,30.0,0.0,0.0011105159,1.9620018E-4,1.6712524E-4,0.035784643,0.0,4.3148923E-4,3.0001246E-8,0.0,6.435116E-4,0.0021595336,2.660855E-4,0.0,3.4984936E-5,6.415282E-7,0.0,0.0,0.0,0.0,0.0,0.0,0.0,0.0,0.0,0.0
18.0,32.0,0.0,0.0,0.0,0.0,0.0,0.0,0.0,0.0,0.0,0.0,0.0,0.0,0.0,0.0,0.0,0.0,0.0,0.0,0.0,0.0,0.0,0.0,0.0,0.0,0.0
18.0,34.0,0.0,0.0,0.0,0.0,0.0,0.0,0.0,0.0,0.0,0.0,0.0,0.0,0.0,0.0,0.0,0.0,0.0,0.0,0.0,0.0,0.0,0.0,0.0,0.0,0.0
18.0,36.0,0.0,0.0,0.0,0.0,0.0,0.0,0.0,0.0,0.0,0.0,0.0,0.0,0.0,0.0,0.0,0.0,0.0,0.0,0.0,0.0,0.0,0.0,0.0,0.0,0.0
18.0,38.0,0.0,0.0,0.0,0.0,0.0,0.0,0.0,0.0,0.0,0.0,0.0,0.0,0.0,0.0,0.0,0.0,0.0,0.0,0.0,0.0,0.0,0.0,0.0,0.0,0.0
18.0,40.0,0.0,0.0,0.0,0.0,0.0,0.0,0.0,0.0,0.0,0.0,0.0,0.0,0.0,0.0,0.0,0.0,0.0,0.0,0.0,0.0,0.0,0.0,0.0,0.0,0.0
19.0,0.0,2.2938292,1.8689629,0.29508927,1.0377812,0.0,0.0,0.0015071617,0.07840034,5.1707907,0.16448013,0.009836964,0.4947352,1.0233921,2.1332686,0.23327805,0.0,0.0,2.5305684E-5,0.17146291,6.959745,0.6435322,11.742134,0.07201985,1.5936409,22.68114
19.0,2.0,3.189665,2.0253832,0.3370216,1.200648,0.596604,0.0,0.00559084,0.21092898,6.235258,1.4174922,0.26514262,1.1674961,0.26050237,1.8887813,0.3837016,0.0,0.0,0.0,0.0,0.0,0.0,0.0,0.0,0.0,0.3921433
19.0,4.0,2.464909,1.7606934,0.39809865,1.0153401,1.9578363,0.0,8.5390685E-4,0.18294625,4.754076,0.9314122,0.60832363,1.9455842,4.543662E-4,2.3072731,0.32247165,0.0,0.0,0.0,0.0,0.0,0.0,0.0,0.0,0.0,0.0
19.0,6.0,6.0661573,5.2602296,1.6568631,1.518813,12.32308,0.0,0.075028054,0.20425524,8.21199,2.8426037,1.5901026,2.5166318,0.0,4.29504,0.3501269,0.0,0.0,0.0,0.0,0.0,0.0,0.0,0.0,0.0,0.0
19.0,8.0,2.740266,4.0593243,0.31532955,1.2970048,19.51074,0.0,0.07097147,0.11114698,3.596357,2.7662516,3.2279441,1.7820407,0.0,2.7320437,0.12049525,0.0,0.0,0.0,0.0,0.0,0.0,0.0,0.0,0.0,0.0
19.0,10.0,1.6278359,3.032692,0.57921684,0.38063595,19.29412,0.0,0.057887893,0.016516145,0.85644597,1.8549657,2.5188553,0.88718164,0.0,2.309048,0.033035733,0.0,0.0,0.0,0.0,0.0,0.0,0.0,0.0,0.0,0.0
19.0,12.0,0.75931793,4.1317706,0.54357374,0.6270127,29.471146,0.0,0.046015043,0.09983033,0.29940966,2.2347152,4.1606693,2.0501518,0.0,0.75078857,0.03807281,0.0,0.0,0.0,0.0,0.0,0.0,0.0,0.0,0.0,0.0
19.0,14.0,0.26769435,1.5033773,0.18764782,0.28096858,20.026459,0.0,0.0,0.061909415,0.0054663178,0.7919328,1.3612797,0.4551125,0.0,0.25159252,0.08434507,0.0,0.0,0.0,0.0,0.0,0.0,0.0,0.0,0.0,0.0
19.0,16.0,0.20505807,1.0077087,0.13548483,0.45400387,18.531778,0.0,0.031360097,0.04084753,0.105758525,0.6399623,1.5603162,0.66138065,0.0,0.16113831,0.06402449,0.0,0.0,0.0,0.0,0.0,0.0,0.0,0.0,0.0,0.0
19.0,18.0,0.0029804506,0.18352202,0.024986561,0.04788802,3.1762671,0.0,0.006438763,0.008386661,1.8183828E-5,0.15460268,0.33487248,0.09032939,0.0,0.019142797,0.0014281819,0.0,0.0,0.0,0.0,0.0,0.0,0.0,0.0,0.0,0.0
19.0,20.0,0.0070048687,1.5450407,0.17719965,0.31144974,24.396133,0.0,0.05883964,0.05744802,6.0207496E-4,0.94056374,2.228308,0.5632456,0.0,0.07991876,0.017292848,0.0,0.0,0.0,0.0,0.0,0.0,0.0,0.0,0.0,0.0
19.0,22.0,4.0200292E-4,1.2706946,0.16350582,0.20772967,23.283766,0.0,0.06595353,0.051460396,3.738939E-6,0.74751794,1.9266441,0.4331708,0.0,0.069260806,0.01246395,0.0,0.0,0.0,0.0,0.0,0.0,0.0,0.0,0.0,0.0
19.0,24.0,5.8479105E-5,0.6369607,0.080428176,0.09075818,11.904364,0.0,0.036659937,0.02457429,0.0,0.35283685,0.895274,0.20705806,0.0,0.031852853,0.0035487309,0.0,0.0,0.0,0.0,0.0,0.0,0.0,0.0,0.0,0.0
19.0,26.0,8.1446E-5,0.3123753,0.037934992,0.041194346,6.1021175,0.0,0.016184337,0.009270145,0.0,0.1537006,0.41482356,0.09834895,0.0,0.0105130905,5.299922E-4,0.0,0.0,0.0,0.0,0.0,0.0,0.0,0.0,0.0,0.0
19.0,28.0,3.000672E-7,0.15178166,0.020431954,0.018279232,3.544103,0.0,0.00929495,0.0048840935,0.0,0.0837159,0.22812562,0.04509907,0.0,0.004043559,3.466541E-4,0.0,0.0,0.0,0.0,0.0,0.0,0.0,0.0,0.0,0.0
19.0,30.0,0.0,0.0015362265,2.9258503E-4,4.1002838E-4,0.049486775,0.0,1.7049593E-4,3.272623E-5,0.0,0.0012926008,0.004317444,7.511828E-4,0.0,3.2292388E-5,1.0211092E-7,0.0,0.0,0.0,0.0,0.0,0.0,0.0,0.0,0.0,0.0
19.0,32.0,0.0,0.0,0.0,0.0,0.0,0.0,0.0,0.0,0.0,0.0,0.0,0.0,0.0,0.0,0.0,0.0,0.0,0.0,0.0,0.0,0.0,0.0,0.0,0.0,0.0
19.0,34.0,0.0,0.0,0.0,0.0,0.0,0.0,0.0,0.0,0.0,0.0,0.0,0.0,0.0,0.0,0.0,0.0,0.0,0.0,0.0,0.0,0.0,0.0,0.0,0.0,0.0
19.0,36.0,0.0,0.0,0.0,0.0,0.0,0.0,0.0,0.0,0.0,0.0,0.0,0.0,0.0,0.0,0.0,0.0,0.0,0.0,0.0,0.0,0.0,0.0,0.0,0.0,0.0
19.0,38.0,0.0,0.0,0.0,0.0,0.0,0.0,0.0,0.0,0.0,0.0,0.0,0.0,0.0,0.0,0.0,0.0,0.0,0.0,0.0,0.0,0.0,0.0,0.0,0.0,0.0
19.0,40.0,0.0,0.0,0.0,0.0,0.0,0.0,0.0,0.0,0.0,0.0,0.0,0.0,0.0,0.0,0.0,0.0,0.0,0.0,0.0,0.0,0.0,0.0,0.0,0.0,0.0
20.0,0.0,1.4912468,0.59716195,0.09334565,0.66974014,0.0,0.0,1.4166719E-4,0.052879915,5.1871495,0.11202934,0.025218723,0.6365571,0.75819016,2.6477456,0.10796469,0.0,0.0,4.2898187E-6,0.14773087,5.508956,0.53396326,9.7566805,0.058895897,1.2556881,16.32815
20.0,2.0,1.7578106,1.7158018,0.12660259,0.53488684,0.27832448,0.0,0.0017570353,0.08191483,4.741238,0.45868638,0.06962291,0.38950282,0.085643664,1.855785,0.1781124,0.0,0.0,0.0,0.0,0.0,0.0,0.0,0.0,0.0,1.0676075
20.0,4.0,2.2410204,2.8763127,0.10871735,0.53021264,1.8197104,0.0,5.4273645E-5,0.35938388,3.0072343,0.6774649,0.25364867,0.8796444,0.0059123365,2.2927642,0.32650027,0.0,0.0,0.0,0.0,0.0,0.0,0.0,0.0,0.0,0.0
20.0,6.0,2.912535,3.4978411,0.070203,1.2759142,9.448925,0.0,0.022928137,0.1309177,5.03453,1.1227913,0.36077526,1.1203526,0.0,1.1214223,0.3720367,0.0,0.0,0.0,0.0,0.0,0.0,0.0,0.0,0.0,0.0
20.0,8.0,3.4680839,2.8288765,0.52948874,1.2102072,17.30734,0.0,0.034175027,0.3064421,3.7290242,1.206181,1.9559904,1.7505577,0.0,3.0230231,0.14992099,0.0,0.0,0.0,0.0,0.0,0.0,0.0,0.0,0.0,0.0
20.0,10.0,1.3724737,4.158854,0.37018156,0.7541142,26.878157,0.0,0.061404943,0.38632458,1.3921593,1.0808002,2.2551873,2.2118092,0.0,1.4688139,0.0777988,0.0,0.0,0.0,0.0,0.0,0.0,0.0,0.0,0.0,0.0
20.0,12.0,0.13798732,1.2953079,0.34168184,0.32225928,19.324797,0.0,0.0029362899,0.24672647,0.09168005,1.0341574,2.1259353,0.8778744,0.0,0.42748836,0.013568188,0.0,0.0,0.0,0.0,0.0,0.0,0.0,0.0,0.0,0.0
20.0,14.0,0.23067366,2.5601242,0.37616843,0.70206344,26.850426,0.0,0.15069723,0.1330018,0.09044856,1.2574477,1.7017981,0.7258431,0.0,0.4733516,0.07099919,0.0,0.0,0.0,0.0,0.0,0.0,0.0,0.0,0.0,0.0
20.0,16.0,0.108919226,1.345776,0.08299688,0.33092815,14.893108,0.0,0.0052899057,0.11787227,0.15851142,0.6957846,1.3025618,0.3663007,0.0,0.057962578,0.017794803,0.0,0.0,0.0,0.0,0.0,0.0,0.0,0.0,0.0,0.0
20.0,18.0,0.035348736,0.25819367,0.010744441,0.059277743,7.056872,0.0,0.019020313,0.010945688,0.0,0.1424362,0.57051957,0.152655,0.0,0.08247454,1.3767932E-4,0.0,0.0,0.0,0.0,0.0,0.0,0.0,0.0,0.0,0.0
20.0,20.0,0.003129292,0.7617972,0.06515505,0.11926628,14.14799,0.0,0.039399598,0.045243707,0.0,0.33853355,1.0121064,0.21338518,0.0,0.053590376,0.009855556,0.0,0.0,0.0,0.0,0.0,0.0,0.0,0.0,0.0,0.0
20.0,22.0,0.001034771,1.4088017,0.11766096,0.14787291,26.214424,0.0,0.06468551,0.055419933,5.1172666E-4,0.5516504,1.621346,0.3348589,0.0,0.081324846,0.007861401,0.0,0.0,0.0,0.0,0.0,0.0,0.0,0.0,0.0,0.0
20.0,24.0,4.360181E-5,0.87462485,0.07322177,0.07681092,17.524136,0.0,0.040475715,0.023751426,0.0,0.33117455,0.94599456,0.17223272,0.0,0.027691849,0.0048033106,0.0,0.0,0.0,0.0,0.0,0.0,0.0,0.0,0.0,0.0
20.0,26.0,1.5193716E-5,0.39264244,0.029696701,0.027189152,8.076332,0.0,0.01932228,0.012365366,3.3540704E-4,0.1462447,0.3978247,0.072578415,0.0,0.017651828,0.0014322286,0.0,0.0,0.0,0.0,0.0,0.0,0.0,0.0,0.0,0.0
20.0,28.0,3.4148462E-7,0.1871424,0.017532408,0.01605332,4.5127206,0.0,0.008066808,0.004032664,0.0,0.07456743,0.20963958,0.037885934,0.0,0.006032688,7.6037814E-4,0.0,0.0,0.0,0.0,0.0,0.0,0.0,0.0,0.0,0.0
20.0,30.0,0.0,0.0033059574,1.4698785E-4,9.996235E-5,0.06590928,0.0,5.9230915E-5,1.2529656E-5,0.0,0.0012339542,0.0040107896,0.0010222403,0.0,1.2289448E-5,4.8621137E-6,0.0,0.0,0.0,0.0,0.0,0.0,0.0,0.0,0.0,0.0
20.0,32.0,0.0,0.0,0.0,0.0,0.0,0.0,0.0,0.0,0.0,0.0,0.0,0.0,0.0,0.0,0.0,0.0,0.0,0.0,0.0,0.0,0.0,0.0,0.0,0.0,0.0
20.0,34.0,0.0,0.0,0.0,0.0,0.0,0.0,0.0,0.0,0.0,0.0,0.0,0.0,0.0,0.0,0.0,0.0,0.0,0.0,0.0,0.0,0.0,0.0,0.0,0.0,0.0
20.0,36.0,0.0,0.0,0.0,0.0,0.0,0.0,0.0,0.0,0.0,0.0,0.0,0.0,0.0,0.0,0.0,0.0,0.0,0.0,0.0,0.0,0.0,0.0,0.0,0.0,0.0
20.0,38.0,0.0,0.0,0.0,0.0,0.0,0.0,0.0,0.0,0.0,0.0,0.0,0.0,0.0,0.0,0.0,0.0,0.0,0.0,0.0,0.0,0.0,0.0,0.0,0.0,0.0
20.0,40.0,0.0,0.0,0.0,0.0,0.0,0.0,0.0,0.0,0.0,0.0,0.0,0.0,0.0,0.0,0.0,0.0,0.0,0.0,0.0,0.0,0.0,0.0,0.0,0.0,0.0
