"Distribution of the biomass (tonne) of prey species (in columns) in the diet of Goosefish by Size class (cm). For class i, the preyed biomass in [i,i+1[ is reported."
"Time","Size","AtlanticHerring","AtlanticMackerel","BlackSeaBass","Scup","SpinyDogfish","StripedBass","Goosefish","WinterFlounder","Squids","Flounders","SkateRays","Hakes","Benthopelagics","MiscellaneousDemersals","ShallowDemersal","WhitePerch","AtlanticTomcod","Diazotrophs","LargePhytoplankton","LargeZooplankton","MediumPhytoplankton","MediumZooplankton","SmallPhytoplankton","SmallZooplankton","Benthos"
1.0,0.0,0.011009276,0.0016910856,6.228967E-6,2.778782E-4,0.0,0.0,5.1624603E-8,9.523378E-4,0.0027931985,0.008798451,6.1587457E-6,3.587888E-5,0.069171146,0.0054613226,0.0029838528,0.0,0.0,0.0013575058,0.046872903,1.1516373,0.1272079,1.849327,0.022326553,0.49014825,0.53089935
1.0,10.0,0.016857013,0.0013346616,1.097538E-8,3.3118462E-4,0.0,0.0,2.8624438E-6,0.0017741814,0.04450101,0.00906631,5.916006E-4,1.5083303E-4,0.14011241,9.616165E-4,0.010933315,0.0,0.0,0.0,0.0,0.0,0.0,0.0,0.0,0.0,0.4779432
1.0,20.0,1.1501783,0.022095107,0.0040388415,0.045231827,0.0,1.02634566E-7,2.3601615E-4,0.03321728,2.1827643,0.1011858,0.117839396,0.041695945,2.010184,0.25564533,0.35430992,0.0,0.0,0.0,0.0,0.0,0.0,0.0,0.0,0.0,3.8765898
1.0,30.0,3.8673441,0.3988655,0.054444153,0.3570041,0.010523457,0.009616551,0.021298815,0.24132824,5.7891483,0.3970817,0.72578186,0.29714933,1.9204054,0.87272793,1.3641423,0.0,0.0,0.0,0.0,0.0,0.0,0.0,0.0,0.0,0.19741642
1.0,40.0,3.8841393,0.7692617,0.03007089,0.59893537,0.1569052,0.027900964,0.00801223,0.23179503,5.5879045,0.44598928,1.1441747,0.428423,1.2459573,1.4105166,1.9642938,0.0,0.0,0.0,0.0,0.0,0.0,0.0,0.0,0.0,0.0
1.0,50.0,3.3072312,1.6302258,0.042197514,0.71562225,0.36141622,0.06029943,0.033294816,0.18043953,4.5837317,0.60177046,1.8575197,0.49980298,0.2383816,2.3402436,1.7622077,0.0,0.0,0.0,0.0,0.0,0.0,0.0,0.0,0.0,0.0
1.0,60.0,2.789952,1.7430658,0.051039398,0.6315938,0.37251237,0.21850252,0.02405218,0.15805382,3.9215772,0.66652083,2.9877703,0.8037618,0.0,2.5467858,1.5349524,0.0,0.0,0.0,0.0,0.0,0.0,0.0,0.0,0.0,0.0
1.0,70.0,2.4086738,1.366083,0.038391065,0.43303293,0.41423196,0.28141373,0.02270395,0.11548385,2.7093022,0.6158901,4.310593,0.8293434,0.0,2.3070257,1.210761,0.0,0.0,0.0,0.0,0.0,0.0,0.0,0.0,0.0,0.0
1.0,80.0,1.7885337,0.96489304,0.027072493,0.30651855,0.4596733,0.28665844,0.025395216,0.08741321,1.5086427,0.5690704,5.081643,0.6588868,0.0,1.8622818,0.90921944,0.0,0.0,0.0,0.0,0.0,0.0,0.0,0.0,0.0,0.0
1.0,90.0,1.4820633,1.1670732,0.027706532,0.32090342,0.43309638,0.27757716,0.026987236,0.07356316,0.9592474,0.6261746,4.404759,0.61867225,0.0,1.8333209,0.9179817,0.0,0.0,0.0,0.0,0.0,0.0,0.0,0.0,0.0,0.0
1.0,100.0,1.0994098,0.9942471,0.02665719,0.2976108,0.5683243,0.32992232,0.035510343,0.06336695,0.48002407,0.62289387,4.4613214,0.58114195,0.0,1.6273463,0.8011123,0.0,0.0,0.0,0.0,0.0,0.0,0.0,0.0,0.0,0.0
1.0,110.0,0.8479521,0.86546624,0.02027387,0.24487197,0.62110466,0.31323066,0.038238663,0.05430147,0.18268053,0.55763584,3.9104037,0.5149961,0.0,1.2979667,0.6016612,0.0,0.0,0.0,0.0,0.0,0.0,0.0,0.0,0.0,0.0
1.0,120.0,0.44336146,0.7341083,0.018331768,0.1954129,0.6642897,0.27364808,0.032009855,0.038042754,0.046950143,0.44318357,3.035432,0.40084973,0.0,1.0002563,0.45216283,0.0,0.0,0.0,0.0,0.0,0.0,0.0,0.0,0.0,0.0
1.0,130.0,0.23360781,0.59881526,0.014576275,0.16225158,0.7076334,0.25358462,0.030950015,0.03205821,0.006058447,0.3765833,2.603536,0.34841186,0.0,0.8157401,0.35630652,0.0,0.0,0.0,0.0,0.0,0.0,0.0,0.0,0.0,0.0
1.0,140.0,0.13489649,0.4195131,0.009616995,0.10310617,0.618572,0.17142381,0.022785973,0.019103054,0.0,0.25287017,1.6561252,0.2220137,0.0,0.5195276,0.19497791,0.0,0.0,0.0,0.0,0.0,0.0,0.0,0.0,0.0,0.0
1.0,150.0,0.0015441594,0.010553431,1.638164E-4,0.0024207411,0.016106904,0.0041621197,5.267022E-4,2.7879683E-4,0.0,0.0056485822,0.032195862,0.0045425575,0.0,0.010515061,0.003745774,0.0,0.0,0.0,0.0,0.0,0.0,0.0,0.0,0.0,0.0
1.0,160.0,0.0,0.0,0.0,0.0,0.0,0.0,0.0,0.0,0.0,0.0,0.0,0.0,0.0,0.0,0.0,0.0,0.0,0.0,0.0,0.0,0.0,0.0,0.0,0.0,0.0
2.0,0.0,0.038457952,2.3425856E-4,4.0095035E-4,0.0113976,0.0,0.0,3.520594E-5,2.4101926E-5,0.21743459,0.011981858,0.007258562,0.010021605,0.33046487,0.32174936,0.048114818,0.0,0.0,2.5832406E-4,0.08424497,3.5261981,0.24687022,4.6207094,0.026821261,0.59402484,3.2382116
2.0,10.0,0.059804153,0.013895098,0.0,0.0,0.0,0.0,2.733602E-7,0.013446299,0.17337295,5.5306027E-6,5.8583793E-4,3.3788513E-7,0.035598278,0.14768054,0.04550316,0.0,0.0,0.0,0.0,0.0,0.0,0.0,0.0,0.0,0.68981194
2.0,20.0,0.0020480868,0.0,0.0,0.0,0.0,0.0,0.0,0.0,0.12567437,1.0494037E-4,5.52534E-4,0.0,1.28473E-6,0.0,0.0269943,0.0,0.0,0.0,0.0,0.0,0.0,0.0,0.0,0.0,0.0068099513
2.0,30.0,2.0178535,1.0075294,0.020958917,0.078856245,0.0081210835,0.0,0.0039282027,0.1819692,3.9599612,0.37939572,0.5584615,0.18252063,0.11276172,0.9223954,0.64938295,0.0,0.0,0.0,0.0,0.0,0.0,0.0,0.0,0.0,0.0018372743
2.0,40.0,3.1857219,2.2034082,0.060906835,0.31994057,0.5504899,0.0,0.008929589,0.40702865,6.2977486,0.7669178,1.5498824,0.4270354,0.12138001,1.9862111,1.7081546,0.0,0.0,0.0,0.0,0.0,0.0,0.0,0.0,0.0,0.0
2.0,50.0,3.1024544,2.5860093,0.11248193,0.5091047,1.2866366,0.0,0.012198015,0.42697668,6.4062543,1.0982968,2.828741,0.7661335,0.028989315,2.6338627,1.6911064,0.0,0.0,0.0,0.0,0.0,0.0,0.0,0.0,0.0,0.0
2.0,60.0,2.4835138,2.3142877,0.13400422,0.38025823,1.6750573,1.4084346E-4,0.05104812,0.36047485,5.5937138,1.1146438,4.3669324,1.0969361,0.0019477236,2.6002064,1.3825743,0.0,0.0,0.0,0.0,0.0,0.0,0.0,0.0,0.0,0.0
2.0,70.0,2.0135298,2.1092172,0.11779053,0.24048121,1.7953762,0.18184762,0.06025106,0.32501397,4.191987,1.0428238,7.375117,1.2626784,0.0,2.1080046,0.9568983,0.0,0.0,0.0,0.0,0.0,0.0,0.0,0.0,0.0,0.0
2.0,80.0,1.2137202,1.755804,0.061656542,0.13139418,1.5791264,0.37698972,0.05232011,0.22482558,2.2263045,0.8365764,8.078824,0.78378105,0.0,1.4055643,0.62440264,0.0,0.0,0.0,0.0,0.0,0.0,0.0,0.0,0.0,0.0
2.0,90.0,0.97420526,1.222521,0.044386204,0.14515838,1.4997168,0.59949934,0.06162517,0.16688919,1.0492675,0.6313085,7.545385,0.6167446,0.0,1.3371128,0.41821754,0.0,0.0,0.0,0.0,0.0,0.0,0.0,0.0,0.0,0.0
2.0,100.0,0.7627094,0.99079794,0.034783892,0.1287818,1.653401,0.65709263,0.07474508,0.17437014,0.31642526,0.556057,7.185379,0.53293145,0.0,1.091153,0.3030672,0.0,0.0,0.0,0.0,0.0,0.0,0.0,0.0,0.0,0.0
2.0,110.0,0.5165043,0.8255829,0.025191529,0.103970625,1.7053918,0.6747186,0.086078614,0.11274405,0.063138865,0.36172676,6.187019,0.4167404,0.0,0.8488442,0.20455612,0.0,0.0,0.0,0.0,0.0,0.0,0.0,0.0,0.0,0.0
2.0,120.0,0.22562611,0.45932236,0.015926369,0.0864258,1.4413098,0.59534454,0.07608048,0.059625793,0.009734911,0.25596714,4.686258,0.28597027,0.0,0.64705807,0.14428104,0.0,0.0,0.0,0.0,0.0,0.0,0.0,0.0,0.0,0.0
2.0,130.0,0.06369273,0.2615538,0.014036894,0.06712544,1.446094,0.520809,0.07055169,0.03258499,1.4968282E-4,0.16796532,3.728941,0.22940701,0.0,0.5306101,0.10731622,0.0,0.0,0.0,0.0,0.0,0.0,0.0,0.0,0.0,0.0
2.0,140.0,0.024673982,0.14308059,0.007431829,0.03678206,1.1879889,0.3763615,0.047996707,0.009969157,0.0,0.08675275,2.4738646,0.13700865,0.0,0.33427483,0.062136434,0.0,0.0,0.0,0.0,0.0,0.0,0.0,0.0,0.0,0.0
2.0,150.0,3.7231614E-4,0.001069542,1.2033103E-4,7.2507194E-4,0.02162147,0.005222925,7.5797E-4,4.7976715E-5,0.0,0.0022417584,0.040811595,0.0024889696,0.0,0.006051683,0.0015961365,0.0,0.0,0.0,0.0,0.0,0.0,0.0,0.0,0.0,0.0
2.0,160.0,0.0,0.0,0.0,0.0,0.0,0.0,0.0,0.0,0.0,0.0,0.0,0.0,0.0,0.0,0.0,0.0,0.0,0.0,0.0,0.0,0.0,0.0,0.0,0.0,0.0
3.0,0.0,0.036512867,5.316164E-4,0.014005377,0.014831223,0.0,1.7606193E-14,5.4033203E-6,8.037506E-4,0.13121565,0.0022147442,5.988833E-4,2.6105388E-4,0.22938237,0.48905405,0.005731329,0.0,0.0,1.20309E-4,0.08450405,3.8913567,0.32701463,5.6517177,0.033729173,0.7590064,3.935871
3.0,10.0,1.2986933,0.7745381,0.028432693,1.6762229E-10,0.0,0.0,1.402081E-4,0.051189527,2.8568754,0.0023621612,0.0062533887,0.05836136,0.5786665,0.774571,0.23978916,0.0,0.0,0.0,0.0,0.0,0.0,0.0,0.0,0.0,10.993768
3.0,20.0,0.50491834,0.34512046,0.0,0.0,0.0,0.0,8.413823E-5,8.248774E-10,1.7405124,0.005227534,0.010669824,0.30519733,0.19956289,1.0005684,0.0,0.0,0.0,0.0,0.0,0.0,0.0,0.0,0.0,0.0,1.4607201
3.0,30.0,0.0074589364,0.012458856,0.0020345272,0.0,0.0,0.0,0.0,0.0,0.016658448,7.96309E-4,0.0077093886,3.483407E-4,4.6203534E-9,0.026270851,0.020280534,0.0,0.0,0.0,0.0,0.0,0.0,0.0,0.0,0.0,0.0037835664
3.0,40.0,1.0755522,1.0991161,0.052880283,0.05661468,0.45995566,0.0,0.013621603,0.24982125,2.497468,0.5840006,1.0484059,0.38867056,0.046426393,1.0406617,0.7030569,0.0,0.0,0.0,0.0,0.0,0.0,0.0,0.0,0.0,0.0
3.0,50.0,1.8990462,2.3633158,0.19920406,0.22279868,1.16889,0.0,0.02287117,0.45388517,5.334558,1.5182256,2.735984,0.9107387,0.014247452,2.4134405,1.4200884,0.0,0.0,0.0,0.0,0.0,0.0,0.0,0.0,0.0,0.0
3.0,60.0,1.8815423,2.8375502,0.17930414,0.20492305,2.3077464,0.0,0.02323064,0.50578916,5.4638095,1.7749211,5.3000107,1.407495,5.507522E-6,2.1785376,1.5519643,0.0,0.0,0.0,0.0,0.0,0.0,0.0,0.0,0.0,0.0
3.0,70.0,1.532948,2.8594103,0.14317316,0.13540693,3.2766294,0.0,0.056906275,0.44708622,4.2064133,1.8795232,8.429869,1.5904931,0.0,1.819117,1.4803392,0.0,0.0,0.0,0.0,0.0,0.0,0.0,0.0,0.0,0.0
3.0,80.0,0.96112025,2.4908533,0.123314984,0.06596616,3.1005247,0.051401608,0.05602166,0.35668927,2.2953858,1.7020597,10.878011,1.1415423,0.0,1.1874532,1.1297956,0.0,0.0,0.0,0.0,0.0,0.0,0.0,0.0,0.0,0.0
3.0,90.0,0.49913853,2.016528,0.09104201,0.04113038,2.878425,0.36143798,0.0858419,0.3072141,0.97415966,1.3205744,9.660207,0.94583243,0.0,0.8004618,0.60406125,0.0,0.0,0.0,0.0,0.0,0.0,0.0,0.0,0.0,0.0
3.0,100.0,0.2897789,1.7146636,0.06470993,0.024414819,2.7566555,0.63153213,0.12691116,0.23215924,0.3049796,1.0840211,8.224815,0.6625952,0.0,0.48637468,0.2987297,0.0,0.0,0.0,0.0,0.0,0.0,0.0,0.0,0.0,0.0
3.0,110.0,0.20332031,1.3372959,0.047492623,0.015358026,2.6205187,0.68437105,0.1600344,0.16336264,0.09451707,0.856674,6.96786,0.4762204,0.0,0.29885587,0.10922007,0.0,0.0,0.0,0.0,0.0,0.0,0.0,0.0,0.0,0.0
3.0,120.0,0.10806838,0.9990026,0.023758804,0.010743989,2.207689,0.6091518,0.11161039,0.104995705,0.014037828,0.5469615,5.0382557,0.28842577,0.0,0.20291518,0.02955985,0.0,0.0,0.0,0.0,0.0,0.0,0.0,0.0,0.0,0.0
3.0,130.0,0.014968644,0.71938384,0.013391095,0.0074413745,1.9400232,0.55521744,0.096741594,0.05377889,0.002249031,0.31030306,3.8136127,0.17352138,0.0,0.11767391,0.010299157,0.0,0.0,0.0,0.0,0.0,0.0,0.0,0.0,0.0,0.0
3.0,140.0,0.002586668,0.42831802,0.007116176,0.0048126867,1.4818726,0.4098064,0.070109755,0.019733105,0.0,0.20430207,2.42778,0.082396135,0.0,0.074404,0.004877632,0.0,0.0,0.0,0.0,0.0,0.0,0.0,0.0,0.0,0.0
3.0,150.0,1.3189976E-5,0.0029258977,4.447845E-5,7.699725E-5,0.022711763,0.006189705,6.216345E-4,2.359613E-5,0.0,0.0015393188,0.033715375,4.2907763E-4,0.0,9.4056485E-4,5.6973295E-5,0.0,0.0,0.0,0.0,0.0,0.0,0.0,0.0,0.0,0.0
3.0,160.0,0.0,0.0,0.0,0.0,0.0,0.0,0.0,0.0,0.0,0.0,0.0,0.0,0.0,0.0,0.0,0.0,0.0,0.0,0.0,0.0,0.0,0.0,0.0,0.0,0.0
4.0,0.0,0.08781766,2.4247025E-4,0.02519303,0.010909241,0.0,0.0,8.03093E-6,3.719858E-5,0.2454626,0.0077494597,0.0,1.06360094E-4,0.19845025,0.23266232,0.0010690442,0.0,0.0,5.232332E-6,0.09696969,3.5328448,0.30361176,5.7993903,0.032013956,0.6730449,2.8592362
4.0,10.0,0.76282775,0.49147186,0.008174735,0.009918502,0.0,0.0,1.7468028E-12,3.548524E-5,2.40844,0.0,0.0039011496,0.124660105,0.07760526,0.782229,0.14843637,0.0,0.0,0.0,0.0,0.0,0.0,0.0,0.0,0.0,4.6783385
4.0,20.0,2.3417432,0.87887794,8.350652E-4,0.004142635,0.0,0.0,0.0012189931,0.3634027,11.333094,0.1005829,0.18531097,0.91305906,0.44129017,1.8382006,2.3158813,0.0,0.0,0.0,0.0,0.0,0.0,0.0,0.0,0.0,9.639728
4.0,30.0,0.81035084,1.0458522,0.0,0.0,0.0,0.0,3.4273454E-4,0.12744625,5.146709,0.39480543,0.52967244,0.62959796,0.01178609,3.0519166,1.2436357,0.0,0.0,0.0,0.0,0.0,0.0,0.0,0.0,0.0,0.022562359
4.0,40.0,0.0036444762,0.0015343569,0.0,0.0,6.26945E-4,0.0,0.0,0.001419659,0.0024425334,0.0,4.802423E-4,0.0010013009,2.0233117E-7,0.005177605,3.1049334E-4,0.0,0.0,0.0,0.0,0.0,0.0,0.0,0.0,0.0,0.0
4.0,50.0,0.80416006,0.9765673,0.111010164,0.039706666,0.5322119,4.3120306E-11,0.017949613,0.2800425,2.2097347,0.63462615,1.35194,0.54745793,0.0032521265,1.1036284,0.5974191,0.0,0.0,0.0,0.0,0.0,0.0,0.0,0.0,0.0,0.0
4.0,60.0,1.6867169,2.1104546,0.20322585,0.16131936,2.1013427,4.0986144E-8,0.026462262,0.45416564,4.3887177,1.5575984,4.2214303,1.3898029,2.5228053E-5,2.4540453,1.4207543,0.0,0.0,0.0,0.0,0.0,0.0,0.0,0.0,0.0,0.0
4.0,70.0,1.5850111,2.257948,0.18925768,0.17889664,3.9008589,7.651463E-9,0.021612175,0.5262642,3.5476546,1.7931828,7.93765,1.6056999,0.0,2.2779143,1.6577376,0.0,0.0,0.0,0.0,0.0,0.0,0.0,0.0,0.0,0.0
4.0,80.0,0.99676394,2.3154135,0.24546044,0.17864956,5.0471196,0.0,0.03734375,0.5131342,2.3791895,1.7666949,12.160682,1.518543,0.0,1.7317339,1.413228,0.0,0.0,0.0,0.0,0.0,0.0,0.0,0.0,0.0,0.0
4.0,90.0,0.46088037,2.0335777,0.21483798,0.1114797,5.2550836,0.0,0.08141642,0.38702935,1.2323228,1.6090691,12.176689,1.3491249,0.0,1.1545427,0.95909023,0.0,0.0,0.0,0.0,0.0,0.0,0.0,0.0,0.0,0.0
4.0,100.0,0.11884643,1.4652295,0.13604163,0.048044592,4.324317,0.20584987,0.14277266,0.30544707,0.35323188,1.2511662,9.299198,1.0028275,0.0,0.41170782,0.40944275,0.0,0.0,0.0,0.0,0.0,0.0,0.0,0.0,0.0,0.0
4.0,110.0,0.08405304,1.1304148,0.09760114,0.011806516,3.7842493,0.5030172,0.1622808,0.195755,0.08265037,1.0291374,7.5225964,0.7587025,0.0,0.2232494,0.16230449,0.0,0.0,0.0,0.0,0.0,0.0,0.0,0.0,0.0,0.0
4.0,120.0,0.02594783,0.75526613,0.064885624,0.0038371321,3.2069206,0.55373305,0.13262643,0.12938166,0.006692493,0.766549,5.559001,0.4691823,0.0,0.11922917,0.05551943,0.0,0.0,0.0,0.0,0.0,0.0,0.0,0.0,0.0,0.0
4.0,130.0,0.004811188,0.52151537,0.044274036,0.0019676124,2.5329556,0.49787095,0.11896135,0.07630009,6.059773E-4,0.447286,3.8273163,0.2626784,0.0,0.04237663,0.009080232,0.0,0.0,0.0,0.0,0.0,0.0,0.0,0.0,0.0,0.0
4.0,140.0,0.0010751401,0.28337944,0.01723945,2.8801867E-4,1.8867595,0.36877793,0.08131417,0.029347647,0.0,0.2735064,2.3888245,0.15241234,0.0,0.014222648,0.0016895754,0.0,0.0,0.0,0.0,0.0,0.0,0.0,0.0,0.0,0.0
4.0,150.0,5.5140802E-8,0.0039646467,2.1401856E-6,4.1464355E-6,0.024233507,0.0051458944,7.486249E-4,3.7591255E-4,0.0,0.0041365693,0.026198573,0.0021693632,0.0,3.1195214E-4,1.4605782E-6,0.0,0.0,0.0,0.0,0.0,0.0,0.0,0.0,0.0,0.0
4.0,160.0,0.0,0.0,0.0,0.0,0.0,0.0,0.0,0.0,0.0,0.0,0.0,0.0,0.0,0.0,0.0,0.0,0.0,0.0,0.0,0.0,0.0,0.0,0.0,0.0,0.0
5.0,0.0,0.015370828,9.2144095E-5,0.031895954,0.028440723,0.0,0.0,1.3858502E-4,0.005011319,0.3338352,0.026125044,0.0022527915,0.0031624131,0.14964135,0.22673106,0.0013577075,0.0,0.0,4.5445104E-6,0.09742987,3.9362605,0.31248987,5.7746496,0.032902397,0.72767943,4.775931
5.0,10.0,0.19436815,0.5710432,1.4440207E-4,0.5061346,0.0,0.0,1.5219898E-7,0.051628612,1.7447494,0.7269461,0.0065234727,0.5260611,0.3830702,0.2564905,0.26614225,0.0,0.0,0.0,0.0,0.0,0.0,0.0,0.0,0.0,9.173316
5.0,20.0,1.8309695,1.5969187,2.3444084E-6,0.05974731,0.0,0.0,0.011960306,0.09554088,5.644802,0.34018818,0.12345597,1.1718637,0.39444038,0.30018348,0.33691406,0.0,0.0,0.0,0.0,0.0,0.0,0.0,0.0,0.0,5.2764225
5.0,30.0,5.659231,3.9064975,3.162147E-5,0.24099948,6.559694E-5,0.0,0.0,0.821407,13.175421,1.2750665,1.3967397,3.543619,0.23675022,4.141387,3.3054063,0.0,0.0,0.0,0.0,0.0,0.0,0.0,0.0,0.0,3.2969186E-4
5.0,40.0,1.8678501,1.8686411,0.0,0.46796983,0.06198164,0.0,0.0,0.01430653,1.1173358,0.6736606,0.60510397,1.2057363,0.0029550518,1.3267059,0.24965364,0.0,0.0,0.0,0.0,0.0,0.0,0.0,0.0,0.0,0.0
5.0,50.0,0.0038691459,5.9129344E-4,0.0,0.0,1.8183532E-4,0.0,0.0,2.4887003E-4,0.0023003435,0.0,0.0036361327,0.0013747301,0.0,0.0014040249,1.7406192E-4,0.0,0.0,0.0,0.0,0.0,0.0,0.0,0.0,0.0,0.0
5.0,60.0,1.1412342,1.1402539,0.13372298,0.13866273,0.9368074,0.0,0.016622799,0.23232926,1.7912399,0.69618,1.9080919,0.89048064,1.4224763E-5,1.4285762,0.61077535,0.0,0.0,0.0,0.0,0.0,0.0,0.0,0.0,0.0,0.0
5.0,70.0,2.248717,2.6566231,0.30668002,0.23994835,2.9374108,0.0,0.035868328,0.43483958,2.8895755,1.5626876,5.8730702,1.7785035,0.0,2.515743,1.1958004,0.0,0.0,0.0,0.0,0.0,0.0,0.0,0.0,0.0,0.0
5.0,80.0,1.6171806,2.974935,0.27374634,0.21561553,5.436508,0.0,0.053668644,0.52694523,2.2046266,1.6590322,11.1478615,2.069286,0.0,2.3112178,1.3745092,0.0,0.0,0.0,0.0,0.0,0.0,0.0,0.0,0.0,0.0
5.0,90.0,0.8475926,3.4400034,0.2762776,0.24975717,7.734962,0.0,0.06759004,0.4970007,1.1505603,1.7504447,13.4353075,2.1145535,0.0,1.8767282,1.2113644,0.0,0.0,0.0,0.0,0.0,0.0,0.0,0.0,0.0,0.0
5.0,100.0,0.22073387,2.0931606,0.22040586,0.14520077,6.189286,0.0,0.078943186,0.37318435,0.2724168,1.1436455,10.09854,1.3063241,0.0,0.63203573,0.5077849,0.0,0.0,0.0,0.0,0.0,0.0,0.0,0.0,0.0,0.0
5.0,110.0,0.14560558,1.496672,0.14066905,0.079361424,5.120951,0.08079562,0.1311942,0.22324894,0.055368006,0.74784404,7.773632,0.980881,0.0,0.31220978,0.21050154,0.0,0.0,0.0,0.0,0.0,0.0,0.0,0.0,0.0,0.0
5.0,120.0,0.043638036,1.0769572,0.100615084,0.038840175,4.257402,0.3619381,0.13673697,0.16211191,0.009323385,0.5147268,5.7975087,0.64228123,0.0,0.14771807,0.06287281,0.0,0.0,0.0,0.0,0.0,0.0,0.0,0.0,0.0,0.0
5.0,130.0,0.0014494511,0.58139807,0.07717651,0.005901436,3.16123,0.38897642,0.14243929,0.07883599,0.0018234835,0.34052038,3.7572525,0.39051077,0.0,0.052643117,0.011256623,0.0,0.0,0.0,0.0,0.0,0.0,0.0,0.0,0.0,0.0
5.0,140.0,3.6587066E-4,0.3094154,0.045804143,0.0014893874,2.2325625,0.31451216,0.08628734,0.028087875,0.0,0.20767097,2.262335,0.213612,0.0,0.014946867,0.0035878816,0.0,0.0,0.0,0.0,0.0,0.0,0.0,0.0,0.0,0.0
5.0,150.0,0.0,0.0018397564,1.7703038E-4,5.33167E-8,0.022004485,0.0025125516,6.440226E-4,2.7995417E-4,0.0,0.0012620328,0.01945877,0.0016798134,0.0,1.1475236E-6,8.3965254E-8,0.0,0.0,0.0,0.0,0.0,0.0,0.0,0.0,0.0,0.0
5.0,160.0,0.0,0.0,0.0,0.0,0.0,0.0,0.0,0.0,0.0,0.0,0.0,0.0,0.0,0.0,0.0,0.0,0.0,0.0,0.0,0.0,0.0,0.0,0.0,0.0,0.0
6.0,0.0,0.0330928,1.8360814E-4,0.026277566,0.045677602,0.0,0.0,1.1548923E-4,1.0632007E-4,0.24325119,0.02798527,4.015164E-4,0.04244275,0.19214433,0.2325551,0.002665403,0.0,0.0,1.4919083E-5,0.098611064,4.3681736,0.3999892,7.176517,0.039595068,0.8636804,5.362131
6.0,10.0,0.54584295,0.36469847,0.82716453,1.1390737,0.0,0.0,3.3191332E-4,0.080728106,5.6772676,0.87006783,0.0040114336,0.036010742,0.81849223,1.0519171,0.07158414,0.0,0.0,0.0,0.0,0.0,0.0,0.0,0.0,0.0,21.868395
6.0,20.0,4.254662,2.3811612,0.35022137,0.85020226,0.0,0.0,0.0,0.41486588,9.1627035,2.6206937,0.25354502,3.1752694,1.0649551,2.5333488,2.0036464,0.0,0.0,0.0,0.0,0.0,0.0,0.0,0.0,0.0,8.716877
6.0,30.0,2.9843493,2.3743658,0.45062336,0.55393016,0.0,0.0,0.10144116,1.2735155,10.692081,1.444606,0.84392506,1.8008007,0.07685272,5.523223,0.69343024,0.0,0.0,0.0,0.0,0.0,0.0,0.0,0.0,0.0,0.011111206
6.0,40.0,4.9098077,6.8222837,0.1661225,1.863708,0.2536263,0.0,0.004362665,1.0126458,7.8021865,3.4617016,1.882969,2.56427,0.17624643,2.989559,1.8771657,0.0,0.0,0.0,0.0,0.0,0.0,0.0,0.0,0.0,0.0
6.0,50.0,0.8417109,0.8457581,0.07825477,0.32448664,0.14394876,0.0,0.0011912044,0.19254373,1.5119264,0.8971148,0.6991754,1.0784808,9.1909204E-4,0.83809215,0.59774315,0.0,0.0,0.0,0.0,0.0,0.0,0.0,0.0,0.0,0.0
6.0,60.0,0.021880105,0.014648898,7.886812E-4,0.0013792574,0.016423438,0.0,0.0,0.002778169,0.0179596,0.024358576,0.03328878,0.009484838,0.0,0.014873805,0.0040945252,0.0,0.0,0.0,0.0,0.0,0.0,0.0,0.0,0.0,0.0
6.0,70.0,1.6115912,1.6143659,0.19600393,0.30691704,1.7163872,0.0,0.023682509,0.2850596,1.646356,1.5181288,3.1810763,1.1903691,0.0,1.8398045,0.56298125,0.0,0.0,0.0,0.0,0.0,0.0,0.0,0.0,0.0,0.0
6.0,80.0,1.9763111,2.863934,0.30827326,0.37172434,4.8432918,0.0,0.06799256,0.56891894,2.0677018,2.8790772,8.684924,2.2932985,0.0,2.8271194,1.0570605,0.0,0.0,0.0,0.0,0.0,0.0,0.0,0.0,0.0,0.0
6.0,90.0,1.214469,3.6843188,0.42693162,0.41088414,8.771933,0.0,0.094815016,0.61616045,1.3826776,3.5539706,12.035313,2.9074063,0.0,2.3492327,0.9817094,0.0,0.0,0.0,0.0,0.0,0.0,0.0,0.0,0.0,0.0
6.0,100.0,0.3057861,3.0049603,0.34194842,0.28763673,8.696943,0.0,0.050236247,0.4961684,0.3604056,2.7706945,10.425976,2.17094,0.0,0.9109413,0.62553215,0.0,0.0,0.0,0.0,0.0,0.0,0.0,0.0,0.0,0.0
6.0,110.0,0.15519951,1.9621706,0.1898958,0.139955,6.292306,0.0,0.08702484,0.28908962,0.07570834,1.5090065,7.227985,1.2409998,0.0,0.35409862,0.24044459,0.0,0.0,0.0,0.0,0.0,0.0,0.0,0.0,0.0,0.0
6.0,120.0,0.05111079,1.4163831,0.15075633,0.08777978,5.248843,0.04946271,0.109055355,0.20139408,0.008015951,0.9914759,5.414207,0.8905225,0.0,0.15607521,0.08698845,0.0,0.0,0.0,0.0,0.0,0.0,0.0,0.0,0.0,0.0
6.0,130.0,0.0021406221,0.82144237,0.100023836,0.035440277,3.782636,0.21819861,0.10746643,0.09356937,3.0451157E-4,0.5305294,3.438519,0.47746274,0.0,0.045970876,0.018076077,0.0,0.0,0.0,0.0,0.0,0.0,0.0,0.0,0.0,0.0
6.0,140.0,1.6094777E-5,0.47119096,0.06133325,0.006390449,2.4836862,0.23879243,0.08020377,0.031163983,0.0,0.22153774,2.0667355,0.23905781,0.0,0.011475107,0.0030905474,0.0,0.0,0.0,0.0,0.0,0.0,0.0,0.0,0.0,0.0
6.0,150.0,0.0,0.0015999525,0.0,0.0,0.006241711,4.247055E-4,8.890649E-5,6.652139E-5,0.0,9.192484E-6,0.004123075,3.7996634E-4,0.0,3.338484E-4,0.0,0.0,0.0,0.0,0.0,0.0,0.0,0.0,0.0,0.0,0.0
6.0,160.0,0.0,0.0,0.0,0.0,0.0,0.0,0.0,0.0,0.0,0.0,0.0,0.0,0.0,0.0,0.0,0.0,0.0,0.0,0.0,0.0,0.0,0.0,0.0,0.0,0.0
7.0,0.0,0.1307379,3.6561606E-4,0.026428333,0.09383451,0.0,0.0,3.7959417E-6,1.4779672E-4,0.42116022,0.032100014,0.0,0.005779514,0.19352762,0.24118182,2.2327196E-4,0.0,0.0,1.0476123E-5,0.14004745,5.263979,0.45628902,8.537681,0.047377028,1.0354427,4.7526374
7.0,10.0,1.3337091,1.1992768,0.15844364,0.37826785,0.0,0.0,5.2037754E-4,0.06010208,3.937953,0.27040648,0.04165786,0.28451386,0.43670914,0.88001776,0.11816915,0.0,0.0,0.0,0.0,0.0,0.0,0.0,0.0,0.0,13.286757
7.0,20.0,7.9944086,0.4796435,0.1908357,0.72031635,0.0,0.0,4.999267E-7,0.010730195,29.969849,2.9988587,0.26456073,3.5068097,0.7958841,4.7348933,0.88071084,0.0,0.0,0.0,0.0,0.0,0.0,0.0,0.0,0.0,24.659985
7.0,30.0,10.1802635,6.6094537,1.1062168,2.547411,0.0,0.0,0.0,0.6261706,12.47235,3.1500635,0.36078045,2.1090305,1.2972667,1.5598041,1.4721826,0.0,0.0,0.0,0.0,0.0,0.0,0.0,0.0,0.0,0.045767684
7.0,40.0,3.9816024,4.378019,0.1069525,0.67945653,0.27396587,0.0,0.0022810677,0.061767433,8.35494,1.0573883,1.5142666,0.8565935,0.044276293,3.9949653,0.9589204,0.0,0.0,0.0,0.0,0.0,0.0,0.0,0.0,0.0,0.0
7.0,50.0,6.22387,3.2117229,0.196473,1.3950195,0.49021295,0.0,0.08469062,1.2452084,7.033965,2.3964996,2.5290797,4.484697,0.0018280279,4.7525153,1.5041834,0.0,0.0,0.0,0.0,0.0,0.0,0.0,0.0,0.0,0.0
7.0,60.0,0.46529484,0.6212153,0.0038697843,0.52284855,0.5061557,0.0,0.0,0.22729923,1.642909,0.52971435,0.6830135,0.004483183,1.9461795E-4,0.952665,2.2072316E-4,0.0,0.0,0.0,0.0,0.0,0.0,0.0,0.0,0.0,0.0
7.0,70.0,0.22329746,0.2351672,0.028039146,0.051448915,0.30317348,0.0,0.0028426955,0.033846848,0.19653782,0.30336255,0.44871572,0.13658585,0.0,0.22916988,0.05852028,0.0,0.0,0.0,0.0,0.0,0.0,0.0,0.0,0.0,0.0
7.0,80.0,1.6899029,2.54572,0.31992412,0.53122115,3.8159783,0.0,0.079770975,0.40753782,2.097799,2.777269,6.1720266,1.7620208,0.0,2.4716275,0.66567874,0.0,0.0,0.0,0.0,0.0,0.0,0.0,0.0,0.0,0.0
7.0,90.0,1.543275,3.6150453,0.39243114,0.6579197,8.172791,0.0,0.1429221,0.49086344,1.7582036,4.533965,10.488373,2.724625,0.0,2.899644,0.88666075,0.0,0.0,0.0,0.0,0.0,0.0,0.0,0.0,0.0,0.0
7.0,100.0,0.60219204,3.8566055,0.4653204,0.49300706,11.939665,0.0,0.13200134,0.6385841,0.6705898,4.7053943,12.159605,2.8245466,0.0,1.38726,0.6079809,0.0,0.0,0.0,0.0,0.0,0.0,0.0,0.0,0.0,0.0
7.0,110.0,0.25014657,2.380716,0.28564578,0.23626345,8.1950445,0.0,0.081997156,0.33424303,0.0817101,2.61443,7.6441174,1.5323907,0.0,0.49877065,0.20503044,0.0,0.0,0.0,0.0,0.0,0.0,0.0,0.0,0.0,0.0
7.0,120.0,0.07233863,1.6195261,0.19626416,0.13364224,6.3737707,0.0,0.0852009,0.20959926,0.014804612,1.6868744,5.3079515,0.9562552,0.0,0.20178017,0.08374444,0.0,0.0,0.0,0.0,0.0,0.0,0.0,0.0,0.0,0.0
7.0,130.0,0.0029715628,0.8905364,0.11263025,0.045566283,4.4022675,0.043227382,0.08767284,0.11094815,0.0021916786,0.9000877,3.40553,0.50663567,0.0,0.051708955,0.022498298,0.0,0.0,0.0,0.0,0.0,0.0,0.0,0.0,0.0,0.0
7.0,140.0,6.9325893E-6,0.43020812,0.054511376,0.023352101,2.8134506,0.15048788,0.06728865,0.04059254,0.0,0.44617704,1.9410834,0.2780117,0.0,0.012397121,0.006176117,0.0,0.0,0.0,0.0,0.0,0.0,0.0,0.0,0.0,0.0
7.0,150.0,0.0,0.0,0.0,0.0,0.0,0.0,0.0,0.0,0.0,0.0,0.0,0.0,0.0,0.0,0.0,0.0,0.0,0.0,0.0,0.0,0.0,0.0,0.0,0.0,0.0
7.0,160.0,0.0,0.0,0.0,0.0,0.0,0.0,0.0,0.0,0.0,0.0,0.0,0.0,0.0,0.0,0.0,0.0,0.0,0.0,0.0,0.0,0.0,0.0,0.0,0.0,0.0
8.0,0.0,0.1172965,2.0563885E-4,0.030188197,0.07988655,0.0,0.0,4.7532097E-7,7.6955606E-5,0.16203472,0.036629412,8.284059E-6,0.02703139,0.1413856,0.5292759,0.0022186611,0.0,0.0,1.974733E-5,0.122134,5.1506987,0.44342774,8.107316,0.046741836,1.0330509,2.943898
8.0,10.0,0.68174744,0.06683127,0.14898472,0.07592183,0.0,0.0,9.797827E-7,2.4891473E-4,1.0313402,0.004164405,0.0029027562,0.054018438,0.2169078,0.22881848,0.08092116,0.0,0.0,0.0,0.0,0.0,0.0,0.0,0.0,0.0,3.9016972
8.0,20.0,5.549779,1.914774,0.33879796,2.3319137,0.0,0.0,0.029979374,0.21795404,14.432852,1.863471,0.5289438,1.2812846,0.07091016,3.7096767,1.0228599,0.0,0.0,0.0,0.0,0.0,0.0,0.0,0.0,0.0,11.757573
8.0,30.0,12.753301,11.928123,0.2130669,3.5821524,0.0,0.0,0.04055418,1.7955964,26.025728,4.945743,0.83041567,3.9508767,0.21388243,9.206144,2.679179,0.0,0.0,0.0,0.0,0.0,0.0,0.0,0.0,0.0,0.017357038
8.0,40.0,8.344623,5.022179,0.28194314,2.9302742,0.22757544,0.0,0.058207378,0.24064912,10.878277,1.3256687,1.8122052,2.756429,5.809528E-7,4.8824058,1.1958565,0.0,0.0,0.0,0.0,0.0,0.0,0.0,0.0,0.0,0.0
8.0,50.0,2.3828864,2.7892413,0.43502307,0.67463654,0.4509307,0.0,0.0,0.28822523,4.006786,3.067462,1.7491168,0.68450236,1.0810441E-4,1.8007761,0.37011763,0.0,0.0,0.0,0.0,0.0,0.0,0.0,0.0,0.0,0.0
8.0,60.0,5.141134,4.172263,0.40284437,0.4812052,1.7788291,0.0,0.046776798,0.50629485,7.3017254,2.8379993,3.939298,2.2423306,0.0,5.313031,1.0357792,0.0,0.0,0.0,0.0,0.0,0.0,0.0,0.0,0.0,0.0
8.0,70.0,0.14273784,4.388854E-4,0.0,9.547202E-5,0.019818164,0.0,0.0,0.0,0.062400926,0.84391224,0.11321181,2.2640752E-4,0.0,0.043390825,2.7224154E-4,0.0,0.0,0.0,0.0,0.0,0.0,0.0,0.0,0.0,0.0
8.0,80.0,0.61668926,1.010204,0.16453712,0.2526013,1.648147,0.0,0.019376932,0.08235334,0.6728493,0.7816426,2.5053716,0.5701997,0.0,0.87742645,0.26041645,0.0,0.0,0.0,0.0,0.0,0.0,0.0,0.0,0.0,0.0
8.0,90.0,1.5338298,3.6054904,0.51078147,0.9022791,7.675701,0.0,0.14550576,0.37434685,1.3705301,3.3931293,10.120427,2.4286492,0.0,2.8443112,0.7524589,0.0,0.0,0.0,0.0,0.0,0.0,0.0,0.0,0.0,0.0
8.0,100.0,1.0117625,5.0621777,0.66157883,1.0570465,14.370611,0.0,0.22794624,0.44324887,0.64134914,4.322165,13.825412,3.2769303,0.0,1.9656683,0.720961,0.0,0.0,0.0,0.0,0.0,0.0,0.0,0.0,0.0,0.0
8.0,110.0,0.5103026,3.4057205,0.4413681,0.46883214,12.353062,0.0,0.13005188,0.27518362,0.115506686,2.7663517,9.124027,2.137162,0.0,0.720747,0.2923489,0.0,0.0,0.0,0.0,0.0,0.0,0.0,0.0,0.0,0.0
8.0,120.0,0.101986244,1.8145822,0.2526473,0.1602225,8.148121,0.0,0.08261147,0.16489826,0.0074955598,1.6269898,5.774944,1.1185626,0.0,0.25753555,0.102685176,0.0,0.0,0.0,0.0,0.0,0.0,0.0,0.0,0.0,0.0
8.0,130.0,0.0043839575,1.0304749,0.15012863,0.06971667,5.31325,0.0,0.07228151,0.073955946,2.4231258E-5,0.9274075,3.5386326,0.58511114,0.0,0.054748297,0.025759354,0.0,0.0,0.0,0.0,0.0,0.0,0.0,0.0,0.0,0.0
8.0,140.0,2.1178234E-5,0.464649,0.067518756,0.026595987,3.2371242,0.040967014,0.061300796,0.028462691,0.0,0.5039636,1.9286866,0.287071,0.0,0.021675225,0.0076691587,0.0,0.0,0.0,0.0,0.0,0.0,0.0,0.0,0.0,0.0
8.0,150.0,0.0,0.0,0.0,0.0,0.0,0.0,0.0,0.0,0.0,0.0,0.0,0.0,0.0,0.0,0.0,0.0,0.0,0.0,0.0,0.0,0.0,0.0,0.0,0.0,0.0
8.0,160.0,0.0,0.0,0.0,0.0,0.0,0.0,0.0,0.0,0.0,0.0,0.0,0.0,0.0,0.0,0.0,0.0,0.0,0.0,0.0,0.0,0.0,0.0,0.0,0.0,0.0
9.0,0.0,0.12522918,2.1585014E-4,0.0024137269,0.15415125,0.0,0.0,3.4057284E-5,3.268672E-4,0.7275355,0.08205875,3.1221885E-4,2.7389752E-4,0.30594355,0.3620502,0.004339962,0.0,0.0,5.0702612E-5,0.13715085,5.610502,0.45536965,8.455859,0.051141884,1.1726806,4.6208587
9.0,10.0,0.68828225,0.12941195,0.10606746,1.4212044E-8,0.0,0.0,1.6228466E-8,8.90463E-4,1.4393669,0.19781075,0.0023051444,0.3032128,0.15472041,0.4443647,0.13189068,0.0,0.0,0.0,0.0,0.0,0.0,0.0,0.0,0.0,4.476405
9.0,20.0,1.675889,0.6256759,6.0236907E-6,0.44991112,0.0,0.0,3.459493E-4,0.01766577,2.184188,1.0922126,0.041647162,0.08146983,0.09035817,1.1788895,0.3070447,0.0,0.0,0.0,0.0,0.0,0.0,0.0,0.0,0.0,3.6899621
9.0,30.0,6.7222924,5.832666,1.2618681,1.3800672,0.0,0.0,0.0,0.19421066,14.375467,2.9173455,0.7838328,2.571843,0.4359493,7.103423,2.4929814,0.0,0.0,0.0,0.0,0.0,0.0,0.0,0.0,0.0,0.0051635006
9.0,40.0,13.521141,12.866586,2.018661,4.366713,0.44290513,0.0,0.0,2.1909084,17.966454,3.773517,2.8524365,4.2296896,0.1279514,9.983964,4.8318043,0.0,0.0,0.0,0.0,0.0,0.0,0.0,0.0,0.0,0.0
9.0,50.0,4.8266287,4.2631335,0.2906088,0.6840894,0.7370962,0.0,0.0,0.27801913,5.6759844,3.313265,2.8127723,0.5636483,0.0016018233,2.6848722,0.69101983,0.0,0.0,0.0,0.0,0.0,0.0,0.0,0.0,0.0,0.0
9.0,60.0,1.7660123,2.244941,0.4548366,0.640483,0.85226876,0.0,0.033838063,0.29233122,4.122093,1.5326902,3.0664666,1.9343961,0.0,1.9830372,1.1218847,0.0,0.0,0.0,0.0,0.0,0.0,0.0,0.0,0.0,0.0
9.0,70.0,2.5432298,3.8943985,0.30303222,1.1516055,3.2781003,0.0,0.19055328,0.4402453,3.91525,2.6034684,4.4135737,2.2021966,0.0,2.9207082,1.5149891,0.0,0.0,0.0,0.0,0.0,0.0,0.0,0.0,0.0,0.0
9.0,80.0,2.724532E-4,1.2122712E-4,0.0020675147,0.0,4.590047E-4,0.0,1.1646572E-4,9.603065E-7,3.9453112E-4,0.0022633646,0.0022995318,1.4310548E-4,0.0,9.942182E-4,4.7193946E-5,0.0,0.0,0.0,0.0,0.0,0.0,0.0,0.0,0.0,0.0
9.0,90.0,0.91585004,2.8753788,0.40039656,0.71134466,5.4971476,0.0,0.11246326,0.26694056,0.9547521,1.9247841,6.593112,1.7621391,0.0,1.7895272,0.57597595,0.0,0.0,0.0,0.0,0.0,0.0,0.0,0.0,0.0,0.0
9.0,100.0,1.0947845,5.0419674,0.77118564,1.2565038,14.92287,0.0,0.18553555,0.4378135,0.75586617,3.9415245,13.663579,3.3775156,0.0,1.8335747,0.7444105,0.0,0.0,0.0,0.0,0.0,0.0,0.0,0.0,0.0,0.0
9.0,110.0,0.67282057,4.6595798,0.62551117,0.9805391,17.728678,0.0,0.19425564,0.33473507,0.21633479,3.187768,11.999265,2.6971912,0.0,0.9683502,0.39384243,0.0,0.0,0.0,0.0,0.0,0.0,0.0,0.0,0.0,0.0
9.0,120.0,0.13255003,2.2778547,0.28653705,0.37264705,10.280623,0.0,0.101711705,0.14847542,0.027333964,1.5122292,6.2871604,1.3257056,0.0,0.2633934,0.10166802,0.0,0.0,0.0,0.0,0.0,0.0,0.0,0.0,0.0,0.0
9.0,130.0,0.004173526,1.1711044,0.18271568,0.12921207,6.56765,0.0,0.06367368,0.07752116,4.5242885E-4,0.79695344,3.7279553,0.6808826,0.0,0.056760028,0.02959289,0.0,0.0,0.0,0.0,0.0,0.0,0.0,0.0,0.0,0.0
9.0,140.0,1.9419275E-4,0.54069453,0.07543268,0.025241273,3.6436284,0.0012760254,0.045941856,0.023200193,3.7602775E-4,0.34655777,1.8890861,0.3172574,0.0,0.016187556,0.005093065,0.0,0.0,0.0,0.0,0.0,0.0,0.0,0.0,0.0,0.0
9.0,150.0,0.0,0.0,0.0,0.0,0.0,0.0,0.0,0.0,0.0,0.0,0.0,0.0,0.0,0.0,0.0,0.0,0.0,0.0,0.0,0.0,0.0,0.0,0.0,0.0,0.0
9.0,160.0,0.0,0.0,0.0,0.0,0.0,0.0,0.0,0.0,0.0,0.0,0.0,0.0,0.0,0.0,0.0,0.0,0.0,0.0,0.0,0.0,0.0,0.0,0.0,0.0,0.0
10.0,0.0,0.10959535,0.0010381981,0.048679017,0.11697226,0.0,0.0,1.0216734E-5,4.7956502E-5,0.5387062,0.037958764,0.0,0.06830412,0.116105236,0.49364975,0.001532636,0.0,0.0,2.4310262E-5,0.12877837,5.0469236,0.44346246,8.243112,0.05724871,1.249636,4.8483386
10.0,10.0,1.8486433,1.5368108,0.34101313,0.20044096,0.0,0.0,0.0012617316,0.03391303,3.3170614,0.7515091,0.003389377,0.17487605,0.12774935,1.9166474,0.4106287,0.0,0.0,0.0,0.0,0.0,0.0,0.0,0.0,0.0,21.023817
10.0,20.0,2.8493404,0.80165195,0.0,1.0917394,0.0,0.0,9.611464E-4,0.068443984,5.6393747,0.377681,0.16831613,0.0,0.54234904,1.7890315,1.0609571,0.0,0.0,0.0,0.0,0.0,0.0,0.0,0.0,0.0,10.186838
10.0,30.0,2.7743146,1.3384156,0.0069040027,0.110585935,0.0019501575,0.0,0.0,0.5491895,4.4348106,1.3518761,0.6316591,0.2900286,0.09547729,3.0393472,0.9287619,0.0,0.0,0.0,0.0,0.0,0.0,0.0,0.0,0.0,0.001410108
10.0,40.0,4.8114433,3.7495325,0.3082138,3.8831584,0.83013684,0.0,4.5469995E-5,0.2065955,13.333271,7.496132,2.751853,1.9082503,0.013737658,6.738673,1.6214094,0.0,0.0,0.0,0.0,0.0,0.0,0.0,0.0,0.0,0.0
10.0,50.0,10.190334,9.373639,1.1271253,2.266973,0.85474163,0.0,0.0040930393,0.653005,13.057294,5.906698,3.8078628,4.342749,0.0020984018,6.43681,2.7936368,0.0,0.0,0.0,0.0,0.0,0.0,0.0,0.0,0.0,0.0
10.0,60.0,3.6005704,3.1200695,0.10016817,1.7287397,1.2680479,0.0,0.2241287,0.43919155,4.6750135,2.965938,3.2899106,1.2892313,0.0,2.2827017,0.4053743,0.0,0.0,0.0,0.0,0.0,0.0,0.0,0.0,0.0,0.0
10.0,70.0,2.447231,4.5602837,0.33098,1.801685,2.3007452,0.0,0.5008732,0.84481156,3.3966272,3.4741657,4.2310486,1.9318733,0.0,2.2257028,0.5781005,0.0,0.0,0.0,0.0,0.0,0.0,0.0,0.0,0.0,0.0
10.0,80.0,2.2106862,1.8674116,0.030066215,0.77118003,2.6449962,0.0,0.0,0.16532207,1.3680055,2.0498574,3.5219605,0.71284676,0.0,1.667367,0.593082,0.0,0.0,0.0,0.0,0.0,0.0,0.0,0.0,0.0,0.0
10.0,90.0,0.1887432,0.7425538,0.11647057,0.2564245,1.6328294,0.0,0.023356445,0.05369153,0.15167193,0.6011336,1.7305928,0.4855815,0.0,0.39802167,0.122879945,0.0,0.0,0.0,0.0,0.0,0.0,0.0,0.0,0.0,0.0
10.0,100.0,0.9144082,4.3502946,0.74634516,1.4999388,13.930195,0.0,0.17049713,0.34118855,0.4127225,4.0073385,12.153131,3.136229,0.0,1.5044973,0.6963962,0.0,0.0,0.0,0.0,0.0,0.0,0.0,0.0,0.0,0.0
10.0,110.0,0.8333292,5.0165963,0.8910776,1.3959908,21.112495,0.0,0.23897585,0.38333216,0.17803347,4.6540723,14.434498,3.34483,0.0,1.0050153,0.48444566,0.0,0.0,0.0,0.0,0.0,0.0,0.0,0.0,0.0,0.0
10.0,120.0,0.17362674,2.4384153,0.4011248,0.56931275,13.270631,0.0,0.13440585,0.16176608,0.01845842,2.124914,7.268012,1.6232084,0.0,0.3374045,0.13797069,0.0,0.0,0.0,0.0,0.0,0.0,0.0,0.0,0.0,0.0
10.0,130.0,0.005230947,1.2331768,0.21413304,0.21449451,7.765902,0.0,0.07245919,0.09256171,0.0024960455,1.0003909,4.037182,0.739802,0.0,0.064630486,0.027019493,0.0,0.0,0.0,0.0,0.0,0.0,0.0,0.0,0.0,0.0
10.0,140.0,2.5393502E-4,0.48437998,0.08643143,0.055419076,3.8421938,0.0,0.036689915,0.021961078,1.7641956E-4,0.43098333,1.8469554,0.35069597,0.0,0.017028445,0.0041351165,0.0,0.0,0.0,0.0,0.0,0.0,0.0,0.0,0.0,0.0
10.0,150.0,0.0,0.0,0.0,0.0,0.0,0.0,0.0,0.0,0.0,0.0,0.0,0.0,0.0,0.0,0.0,0.0,0.0,0.0,0.0,0.0,0.0,0.0,0.0,0.0,0.0
10.0,160.0,0.0,0.0,0.0,0.0,0.0,0.0,0.0,0.0,0.0,0.0,0.0,0.0,0.0,0.0,0.0,0.0,0.0,0.0,0.0,0.0,0.0,0.0,0.0,0.0,0.0
11.0,0.0,0.04199552,3.5391081E-4,0.048415363,0.05921547,0.0,0.0,4.982663E-5,1.14605515E-4,0.05879847,0.015024922,2.4826545E-4,0.030326648,0.101972595,0.13816075,0.013702669,0.0,0.0,5.31122E-5,0.14753784,5.311665,0.44744205,8.441985,0.057055052,1.2640468,2.6408472
11.0,10.0,0.38476902,0.24268816,0.18504958,0.27044132,0.0,0.0,8.526752E-5,8.844247E-8,0.99175435,0.03537272,8.751866E-4,0.11074043,0.18499804,0.07067581,5.646478E-7,0.0,0.0,0.0,0.0,0.0,0.0,0.0,0.0,0.0,5.7676854
11.0,20.0,6.9779725,3.8051405,0.052909106,1.2735853,0.0,0.0,2.4028502E-6,0.15494311,22.340174,1.2323811,0.47623426,2.2553687,0.52309924,4.7997265,1.50326,0.0,0.0,0.0,0.0,0.0,0.0,0.0,0.0,0.0,15.172695
11.0,30.0,5.596605,4.9009204,0.03580593,1.2029115,0.0,0.0,0.0014382302,0.53949356,12.633919,1.2811449,0.56787246,1.2181375,0.21192057,4.2420554,1.8301406,0.0,0.0,0.0,0.0,0.0,0.0,0.0,0.0,0.0,0.006008488
11.0,40.0,2.9142187,2.3062115,0.0,0.7523324,0.20817865,0.0,0.0,0.14059995,2.9562755,2.5009878,1.0882624,0.8090731,0.028339159,1.1317767,0.26534238,0.0,0.0,0.0,0.0,0.0,0.0,0.0,0.0,0.0,0.0
11.0,50.0,5.836516,3.7686117,0.51216626,1.6908662,1.6922367,0.0,0.004146495,0.43781564,11.436786,4.7460494,3.6680212,1.8230239,0.0012020308,6.3644505,1.5149322,0.0,0.0,0.0,0.0,0.0,0.0,0.0,0.0,0.0,0.0
11.0,60.0,5.8039665,4.412315,0.7895837,2.1329494,2.368722,0.0,0.079184376,0.36795673,7.0042987,3.2531672,5.6394205,2.7433228,0.0,3.0122871,0.98703855,0.0,0.0,0.0,0.0,0.0,0.0,0.0,0.0,0.0,0.0
11.0,70.0,2.3314307,1.7692653,0.78444123,2.5066283,1.5690535,0.0,0.0,0.04047542,4.0883617,1.7355039,3.4949703,0.9468391,0.0,2.735194,0.80937225,0.0,0.0,0.0,0.0,0.0,0.0,0.0,0.0,0.0,0.0
11.0,80.0,3.2758338,3.356148,0.41348383,3.1341233,5.861234,0.0,0.04158551,0.35261577,2.210279,2.6104884,7.445646,4.167199,0.0,2.283531,0.8362326,0.0,0.0,0.0,0.0,0.0,0.0,0.0,0.0,0.0,0.0
11.0,90.0,0.16126083,0.1013656,1.6610564E-5,2.0381066E-4,0.2828801,0.0,1.8009054E-6,0.0050333096,0.013330154,0.23295896,0.1525004,0.07952321,0.0,0.015459858,0.09431246,0.0,0.0,0.0,0.0,0.0,0.0,0.0,0.0,0.0,0.0
11.0,100.0,0.5179547,2.4775662,0.36998948,1.065542,9.594744,0.0,0.085507184,0.16441724,0.2428297,2.7149818,7.544832,1.9333533,0.0,0.79059935,0.367683,0.0,0.0,0.0,0.0,0.0,0.0,0.0,0.0,0.0,0.0
11.0,110.0,0.8052241,4.975364,0.8804784,1.9473289,23.136189,0.0,0.24289183,0.3180335,0.14151984,5.055487,14.89243,3.2172105,0.0,0.9191284,0.47941536,0.0,0.0,0.0,0.0,0.0,0.0,0.0,0.0,0.0,0.0
11.0,120.0,0.24041633,2.8073404,0.51947856,0.8136268,18.254253,0.0,0.16953884,0.17118236,0.011153666,2.9827685,8.596337,1.9352819,0.0,0.32146713,0.18790959,0.0,0.0,0.0,0.0,0.0,0.0,0.0,0.0,0.0,0.0
11.0,130.0,0.005958406,1.2390287,0.22988865,0.28047848,9.702681,0.0,0.08736482,0.06102203,0.0012300058,1.293338,4.22565,0.82428044,0.0,0.06481255,0.037666366,0.0,0.0,0.0,0.0,0.0,0.0,0.0,0.0,0.0,0.0
11.0,140.0,1.6291124E-4,0.4201211,0.09160507,0.06281229,4.262845,0.0,0.038961165,0.01715357,0.0,0.47088003,1.7455729,0.31886804,0.0,0.016928049,0.0075378637,0.0,0.0,0.0,0.0,0.0,0.0,0.0,0.0,0.0,0.0
11.0,150.0,0.0,0.0,0.0,0.0,0.0,0.0,0.0,0.0,0.0,0.0,0.0,0.0,0.0,0.0,0.0,0.0,0.0,0.0,0.0,0.0,0.0,0.0,0.0,0.0,0.0
11.0,160.0,0.0,0.0,0.0,0.0,0.0,0.0,0.0,0.0,0.0,0.0,0.0,0.0,0.0,0.0,0.0,0.0,0.0,0.0,0.0,0.0,0.0,0.0,0.0,0.0,0.0
12.0,0.0,0.073184125,3.439634E-4,0.103121355,0.0885866,0.0,0.0,2.0635023E-5,5.4199787E-5,0.54800016,0.13416293,5.0210196E-4,4.9661926E-4,0.33152437,0.64051664,0.005673524,0.0,0.0,1.7304204E-5,0.20367587,7.0558,0.5487198,10.427955,0.060752664,1.3673271,5.3471527
12.0,10.0,1.0103477,0.59951884,0.19322586,0.19612908,0.0,0.0,0.0022941695,0.0,1.5661584,0.06001776,0.0032575435,0.048727702,0.1127392,1.196019,0.08107348,0.0,0.0,0.0,0.0,0.0,0.0,0.0,0.0,0.0,8.759268
12.0,20.0,1.4548619,1.0686342,0.014720633,0.4868585,0.0,0.0,0.0,0.0,4.7189775,0.7352502,0.06505692,0.3898617,0.64599943,0.7162832,0.46951464,0.0,0.0,0.0,0.0,0.0,0.0,0.0,0.0,0.0,4.72917
12.0,30.0,13.46125,4.5798187,8.484913E-8,2.8521457,0.0,0.0,5.991431E-5,2.06301,20.867025,1.7338122,1.5087174,2.0007885,0.022737212,4.639538,1.0896633,0.0,0.0,0.0,0.0,0.0,0.0,0.0,0.0,0.0,0.0021134636
12.0,40.0,3.5057073,1.668386,0.19303718,2.7430487,0.453829,0.0,0.013405574,0.442816,7.3073363,3.8387835,1.2534485,2.1646698,0.046664428,3.3931067,1.5247681,0.0,0.0,0.0,0.0,0.0,0.0,0.0,0.0,0.0,0.0
12.0,50.0,2.2445412,1.2357682,0.2014923,1.2215198,0.87073517,0.0,7.805829E-5,0.23928717,4.474506,1.3745004,0.91031617,0.49128854,1.5501297E-6,2.75917,0.8220388,0.0,0.0,0.0,0.0,0.0,0.0,0.0,0.0,0.0,0.0
12.0,60.0,4.8927236,7.518862,0.47284153,2.17525,6.2529893,0.0,1.5617115E-4,0.64210504,12.348324,3.4277747,6.133673,3.5286946,3.337869E-5,3.1771867,2.17585,0.0,0.0,0.0,0.0,0.0,0.0,0.0,0.0,0.0,0.0
12.0,70.0,3.9788985,3.732464,1.6281239,2.542182,4.568917,0.0,0.0,0.7684915,5.4566627,2.8517435,6.0882215,3.0555356,0.0,3.8110526,0.9656862,0.0,0.0,0.0,0.0,0.0,0.0,0.0,0.0,0.0,0.0
12.0,80.0,1.3710023,2.1346817,0.43038434,0.7563677,4.780077,0.0,0.0111389365,0.4722048,3.5637238,1.1640707,4.29884,0.9499209,0.0,0.82523924,0.24244447,0.0,0.0,0.0,0.0,0.0,0.0,0.0,0.0,0.0,0.0
12.0,90.0,1.35425,2.000222,0.30246264,1.3431115,6.740251,0.0,0.13235578,0.35570967,1.7849673,1.9351196,6.602299,1.7298737,0.0,1.3888881,0.3939623,0.0,0.0,0.0,0.0,0.0,0.0,0.0,0.0,0.0,0.0
12.0,100.0,0.13821904,0.8935462,0.118522376,0.3614582,3.2612007,0.0,0.041616376,0.06033195,0.07580689,0.6593951,2.1927602,0.48563948,0.0,0.193696,0.11437649,0.0,0.0,0.0,0.0,0.0,0.0,0.0,0.0,0.0,0.0
12.0,110.0,0.66749656,4.889404,0.6860269,1.8445107,23.123138,0.0,0.23284331,0.43703124,0.17048226,3.969112,13.286172,2.916548,0.0,0.9117526,0.37081537,0.0,0.0,0.0,0.0,0.0,0.0,0.0,0.0,0.0,0.0
12.0,120.0,0.2236412,4.1717534,0.55004317,1.3482262,24.325058,0.0,0.22304145,0.31121755,0.01607094,3.3591697,10.769822,2.294847,0.0,0.420509,0.20267265,0.0,0.0,0.0,0.0,0.0,0.0,0.0,0.0,0.0,0.0
12.0,130.0,0.006047994,1.559306,0.25851998,0.34596577,12.046706,0.0,0.10456158,0.08365331,0.0013122795,1.2424198,4.4532604,0.8370907,0.0,0.069315605,0.040664148,0.0,0.0,0.0,0.0,0.0,0.0,0.0,0.0,0.0,0.0
12.0,140.0,1.1636569E-4,0.5237721,0.073103346,0.0731356,4.719105,0.0,0.045911215,0.01602564,0.0,0.4132319,1.7058737,0.28818613,0.0,0.012905636,0.008195152,0.0,0.0,0.0,0.0,0.0,0.0,0.0,0.0,0.0,0.0
12.0,150.0,0.0,0.0,0.0,0.0,0.0,0.0,0.0,0.0,0.0,0.0,0.0,0.0,0.0,0.0,0.0,0.0,0.0,0.0,0.0,0.0,0.0,0.0,0.0,0.0,0.0
12.0,160.0,0.0,0.0,0.0,0.0,0.0,0.0,0.0,0.0,0.0,0.0,0.0,0.0,0.0,0.0,0.0,0.0,0.0,0.0,0.0,0.0,0.0,0.0,0.0,0.0,0.0
13.0,0.0,0.011252831,2.4827453E-4,0.03653258,0.036609083,0.0,0.0,5.365457E-5,1.7996015E-4,0.8426345,0.020104587,0.003100429,3.3061244E-4,0.1984869,0.61782944,3.3271568E-5,0.0,0.0,4.298994E-5,0.15817787,6.0926175,0.52025723,9.387624,0.058750752,1.339733,6.3159523
13.0,10.0,1.7990971,5.993891,0.45369637,0.60657644,0.0,0.0,3.696038E-8,0.588976,8.089894,1.0265721,0.0033891294,0.9083526,1.395492,2.3547728,0.23848845,0.0,0.0,0.0,0.0,0.0,0.0,0.0,0.0,0.0,33.230057
13.0,20.0,4.488505,0.94630456,0.6161402,1.1314057,0.0,0.0,0.0,0.14128189,10.50076,1.795988,0.31783465,0.050332457,1.2452226,3.9551377,0.55947775,0.0,0.0,0.0,0.0,0.0,0.0,0.0,0.0,0.0,15.5841675
13.0,30.0,3.7070875,2.1098735,0.4424167,0.86179346,0.0,0.0,0.0,0.011205253,6.438407,1.024106,0.22716986,1.8476868,0.0978835,2.7990217,2.3344302,0.0,0.0,0.0,0.0,0.0,0.0,0.0,0.0,0.0,0.0022643702
13.0,40.0,6.379523,6.0227423,0.78324133,4.5288787,2.3479242,0.0,0.002301836,0.22434813,16.72515,4.7581396,2.3042288,1.7967763,0.006949655,4.912428,3.133588,0.0,0.0,0.0,0.0,0.0,0.0,0.0,0.0,0.0,0.0
13.0,50.0,2.4464667,2.9791503,0.58715576,0.91305697,0.8886418,0.0,0.029343765,0.09364456,5.407459,1.6614499,1.6196122,1.6249982,3.1960427E-4,1.6655221,0.99526316,0.0,0.0,0.0,0.0,0.0,0.0,0.0,0.0,0.0,0.0
13.0,60.0,2.3745487,2.080334,0.13791764,1.3057917,2.478425,0.0,0.0,0.6869572,4.2951903,1.6548072,2.535781,1.6326685,0.0,1.9604617,1.0246563,0.0,0.0,0.0,0.0,0.0,0.0,0.0,0.0,0.0,0.0
13.0,70.0,4.2914963,4.6973786,1.2505016,2.8599918,11.718553,0.0,2.8575343E-7,0.8122915,6.797395,4.61803,8.369622,4.625108,0.0,3.0816877,2.483982,0.0,0.0,0.0,0.0,0.0,0.0,0.0,0.0,0.0,0.0
13.0,80.0,2.5471814,3.5165975,0.23936525,2.6085992,6.6595798,0.0,0.24284501,0.22932154,2.3367329,1.9957227,6.845792,1.5083627,0.0,1.6712948,1.086587,0.0,0.0,0.0,0.0,0.0,0.0,0.0,0.0,0.0,0.0
13.0,90.0,1.2027973,3.590606,0.6018482,1.2763512,11.664991,0.0,0.41465712,0.44824606,1.6762432,2.6467955,7.4091973,1.8294038,0.0,2.990955,0.27371138,0.0,0.0,0.0,0.0,0.0,0.0,0.0,0.0,0.0,0.0
13.0,100.0,0.09965452,0.04706856,0.07535605,0.24781291,1.5978179,0.0,0.048943646,4.5077517E-4,1.09065586E-4,0.0804448,1.0587578,0.18073048,0.0,0.026881725,0.030607093,0.0,0.0,0.0,0.0,0.0,0.0,0.0,0.0,0.0,0.0
13.0,110.0,0.5110133,3.039981,0.5727674,1.3551143,18.78891,0.0,0.18221433,0.20715293,0.10018584,2.42666,9.245563,2.2936795,0.0,0.6135512,0.2551191,0.0,0.0,0.0,0.0,0.0,0.0,0.0,0.0,0.0,0.0
13.0,120.0,0.28811747,4.1849184,0.6881002,1.635606,30.966522,0.0,0.2682652,0.26208493,0.021651212,3.2153661,12.344414,3.0156755,0.0,0.5478618,0.19941176,0.0,0.0,0.0,0.0,0.0,0.0,0.0,0.0,0.0,0.0
13.0,130.0,0.010598425,1.5301487,0.27803135,0.5096279,15.119467,0.0,0.112202585,0.08105257,0.001983197,1.1292444,4.7906127,1.0195277,0.0,0.083219655,0.03789147,0.0,0.0,0.0,0.0,0.0,0.0,0.0,0.0,0.0,0.0
13.0,140.0,3.1650855E-4,0.48331156,0.09572382,0.11351794,5.4700155,0.0,0.039756145,0.022469386,0.0,0.34204727,1.6089925,0.3111298,0.0,0.01133464,0.007734491,0.0,0.0,0.0,0.0,0.0,0.0,0.0,0.0,0.0,0.0
13.0,150.0,0.0,0.0,0.0,0.0,0.0,0.0,0.0,0.0,0.0,0.0,0.0,0.0,0.0,0.0,0.0,0.0,0.0,0.0,0.0,0.0,0.0,0.0,0.0,0.0,0.0
13.0,160.0,0.0,0.0,0.0,0.0,0.0,0.0,0.0,0.0,0.0,0.0,0.0,0.0,0.0,0.0,0.0,0.0,0.0,0.0,0.0,0.0,0.0,0.0,0.0,0.0,0.0
14.0,0.0,0.18902278,3.213163E-4,0.013260296,0.3142746,0.0,0.0,4.0986604E-4,5.8584694E-5,0.47738904,0.008889403,2.8709022E-5,0.008163467,0.34668276,0.1349225,1.52505145E-5,0.0,0.0,3.03495E-5,0.20699644,7.736762,0.5949173,11.922727,0.06762894,1.4243143,7.2870736
14.0,10.0,2.4315712,0.4554987,0.023591315,1.0732609,0.0,0.0,0.0029360373,0.31792262,1.8742272,0.0,0.019725237,0.63286877,0.13947086,1.2195553,0.047287054,0.0,0.0,0.0,0.0,0.0,0.0,0.0,0.0,0.0,13.519251
14.0,20.0,18.210463,4.0259748,0.0,4.7267528,0.0,0.0,0.003982087,0.4049281,32.634098,3.1823115,0.27547202,6.477337,0.69198096,4.33897,2.81539,0.0,0.0,0.0,0.0,0.0,0.0,0.0,0.0,0.0,19.815256
14.0,30.0,9.904006,6.276394,0.38781533,0.8877062,0.0,0.0,0.0,0.049770962,14.066444,2.2349114,0.98794854,2.8700395,0.72441757,5.8697734,1.9357612,0.0,0.0,0.0,0.0,0.0,0.0,0.0,0.0,0.0,0.046819434
14.0,40.0,2.6964598,1.7124201,0.29086354,1.1490533,0.65241504,0.0,0.0,0.37517977,3.0254414,1.3687241,0.85251695,1.2320727,0.06589143,1.6584803,0.6765951,0.0,0.0,0.0,0.0,0.0,0.0,0.0,0.0,0.0,0.0
14.0,50.0,6.7451234,4.482546,0.63347507,3.3727126,2.3329425,0.0,0.06236253,0.25381002,8.743475,6.354736,3.2394228,3.9506943,0.0030041097,6.657428,1.468787,0.0,0.0,0.0,0.0,0.0,0.0,0.0,0.0,0.0,0.0
14.0,60.0,2.615574,1.5294806,0.054820403,1.7163396,3.3076718,0.0,0.0,0.10113388,1.8626063,1.7297295,1.6315103,1.8833691,0.0,0.3545144,0.4147691,0.0,0.0,0.0,0.0,0.0,0.0,0.0,0.0,0.0,0.0
14.0,70.0,3.2043378,3.0220668,0.68129396,2.0883338,8.305733,0.0,0.0059899255,0.021619681,3.5513508,3.0049946,4.1394625,2.5609968,0.0,2.9006062,0.76681453,0.0,0.0,0.0,0.0,0.0,0.0,0.0,0.0,0.0,0.0
14.0,80.0,4.463679,4.1157503,0.9096436,2.7477496,15.106217,0.0,0.012546019,0.403732,4.604462,4.945502,9.449381,4.567576,0.0,3.200911,1.6472453,0.0,0.0,0.0,0.0,0.0,0.0,0.0,0.0,0.0,0.0
14.0,90.0,1.2849264,1.4813894,0.3249791,1.090584,9.847635,0.0,0.26760742,0.14163058,1.1920357,1.8305542,5.677234,2.6329277,0.0,1.6599855,0.06571948,0.0,0.0,0.0,0.0,0.0,0.0,0.0,0.0,0.0,0.0
14.0,100.0,0.4066506,2.2079277,0.10309256,1.0082203,12.021718,0.0,0.09377432,0.33173537,0.3931491,2.042803,4.9259,1.5915135,0.0,0.8961223,0.59433043,0.0,0.0,0.0,0.0,0.0,0.0,0.0,0.0,0.0,0.0
14.0,110.0,0.18251622,1.3871521,0.26562083,0.5794553,9.920471,0.0,0.054999,0.06898734,0.02057315,1.4047481,4.159465,0.93733233,0.0,0.2766366,0.114920564,0.0,0.0,0.0,0.0,0.0,0.0,0.0,0.0,0.0,0.0
14.0,120.0,0.2509427,4.568722,0.85109097,1.4790806,35.104877,0.0,0.31342548,0.22936983,0.02390835,3.929809,12.691529,2.7120223,0.0,0.50400615,0.18895206,0.0,0.0,0.0,0.0,0.0,0.0,0.0,0.0,0.0,0.0
14.0,130.0,0.009952449,1.9597619,0.35953704,0.50790405,19.203472,0.0,0.14341033,0.06521018,0.007111818,1.4954222,5.432948,1.1580436,0.0,0.08593341,0.04050561,0.0,0.0,0.0,0.0,0.0,0.0,0.0,0.0,0.0,0.0
14.0,140.0,4.658315E-4,0.50248027,0.09533275,0.115091994,6.4696035,0.0,0.045933504,0.009935361,0.0,0.3702419,1.6426175,0.34164572,0.0,0.016507106,0.0060386914,0.0,0.0,0.0,0.0,0.0,0.0,0.0,0.0,0.0,0.0
14.0,150.0,0.0,0.0,0.0,0.0,0.0,0.0,0.0,0.0,0.0,0.0,0.0,0.0,0.0,0.0,0.0,0.0,0.0,0.0,0.0,0.0,0.0,0.0,0.0,0.0,0.0
14.0,160.0,0.0,0.0,0.0,0.0,0.0,0.0,0.0,0.0,0.0,0.0,0.0,0.0,0.0,0.0,0.0,0.0,0.0,0.0,0.0,0.0,0.0,0.0,0.0,0.0,0.0
15.0,0.0,0.069331035,7.611059E-4,0.0300275,0.0899847,0.0,0.0,3.494051E-5,3.2068107E-5,0.768348,0.02702636,6.06075E-4,3.7653328E-4,0.21631983,0.33558035,0.023105193,0.0,0.0,2.5610667E-5,0.14600281,5.94786,0.5649367,10.465528,0.067849986,1.4887133,4.705718
15.0,10.0,0.42045307,0.1356817,0.13920078,5.107283E-4,0.0,0.0,2.3498496E-5,1.1355373E-7,2.9395266,0.0042789103,0.0022172416,0.38547885,0.1619813,0.39973843,0.06800188,0.0,0.0,0.0,0.0,0.0,0.0,0.0,0.0,0.0,11.107306
15.0,20.0,4.2776637,3.096726,0.66320324,0.3560583,0.0,0.0,0.0,5.678962E-5,15.418402,8.348847E-4,0.06418024,0.94614416,0.21816488,2.0642533,0.6250809,0.0,0.0,0.0,0.0,0.0,0.0,0.0,0.0,0.0,10.548476
15.0,30.0,14.860458,7.2124934,0.2675375,4.578656,0.37644553,0.0,2.5150882E-7,0.11918166,33.848724,5.1404667,0.76812494,3.4251237,0.5508136,2.3504488,2.7687726,0.0,0.0,0.0,0.0,0.0,0.0,0.0,0.0,0.0,0.022541273
15.0,40.0,3.8313503,3.490693,0.070103176,2.223214,0.56489396,0.0,0.0,0.095380545,9.159624,2.6531677,1.3017085,2.3375618,0.27019775,4.2449813,1.1233187,0.0,0.0,0.0,0.0,0.0,0.0,0.0,0.0,0.0,0.0
15.0,50.0,1.5728645,2.9052334,0.35869727,0.800238,1.6124516,0.0,0.043590806,0.60088587,4.9078803,1.874438,1.4469512,0.78218174,4.9166323E-4,1.9379321,0.091311574,0.0,0.0,0.0,0.0,0.0,0.0,0.0,0.0,0.0,0.0
15.0,60.0,6.923209,5.3578105,0.75837004,2.6279776,6.394777,0.0,0.22821401,0.09962558,7.782089,4.401715,3.3741455,3.22151,0.0,2.681946,0.7835563,0.0,0.0,0.0,0.0,0.0,0.0,0.0,0.0,0.0,0.0
15.0,70.0,1.5835801,1.1731619,0.26876435,1.0510051,4.166527,0.0,0.05157554,0.30325767,1.6678218,2.8257337,3.6864588,0.9846021,0.0,1.1793374,0.15328167,0.0,0.0,0.0,0.0,0.0,0.0,0.0,0.0,0.0,0.0
15.0,80.0,2.8630342,6.100107,1.4479967,2.4491742,16.826437,0.0,0.12199485,0.25224143,3.3675418,5.047717,8.385961,2.572134,0.0,4.5028777,1.5549952,0.0,0.0,0.0,0.0,0.0,0.0,0.0,0.0,0.0,0.0
15.0,90.0,1.6301086,4.490972,0.5909048,1.3055625,16.236237,0.0,0.095143534,0.44133127,1.3001467,3.3466365,9.3094225,2.5686588,0.0,1.9263376,0.2950496,0.0,0.0,0.0,0.0,0.0,0.0,0.0,0.0,0.0,0.0
15.0,100.0,0.53986967,4.183987,0.46730903,1.5657679,16.643587,0.0,0.16124247,0.03937741,0.07927301,2.4639032,6.804313,2.7347343,0.0,0.4547955,0.21160622,0.0,0.0,0.0,0.0,0.0,0.0,0.0,0.0,0.0,0.0
15.0,110.0,0.04700183,0.4740654,0.052408155,0.28573906,2.9913447,0.0,0.018463569,0.015054956,0.015368584,0.5730145,0.8711066,0.29754007,0.0,0.05275063,0.08088131,0.0,0.0,0.0,0.0,0.0,0.0,0.0,0.0,0.0,0.0
15.0,120.0,0.20749082,4.4367366,0.71439445,1.3307917,36.395477,0.0,0.26271075,0.22766748,0.03236137,3.9611635,10.84918,2.5027323,0.0,0.42609516,0.12841739,0.0,0.0,0.0,0.0,0.0,0.0,0.0,0.0,0.0,0.0
15.0,130.0,0.011906221,2.619857,0.44796914,0.5613114,25.611948,0.0,0.16012444,0.10863584,0.0042492393,2.2747157,6.495049,1.3745253,0.0,0.116510935,0.04417432,0.0,0.0,0.0,0.0,0.0,0.0,0.0,0.0,0.0,0.0
15.0,140.0,1.396594E-5,0.59674495,0.105709605,0.09480475,7.5221844,0.0,0.05400204,0.021694038,5.0696866E-7,0.48985386,1.6013427,0.31454042,0.0,0.012385524,0.0052520097,0.0,0.0,0.0,0.0,0.0,0.0,0.0,0.0,0.0,0.0
15.0,150.0,0.0,0.0,0.0,0.0,0.0,0.0,0.0,0.0,0.0,0.0,0.0,0.0,0.0,0.0,0.0,0.0,0.0,0.0,0.0,0.0,0.0,0.0,0.0,0.0,0.0
15.0,160.0,0.0,0.0,0.0,0.0,0.0,0.0,0.0,0.0,0.0,0.0,0.0,0.0,0.0,0.0,0.0,0.0,0.0,0.0,0.0,0.0,0.0,0.0,0.0,0.0,0.0
16.0,0.0,0.15971647,3.9768682E-4,0.06428624,0.2566581,0.0,0.0,2.1554714E-4,1.8782231E-4,0.5264795,0.017973393,0.0029095213,7.628797E-4,0.0636786,0.23794726,0.010324758,0.0,0.0,2.2520127E-5,0.17392552,6.5440583,0.53184634,10.34365,0.068281904,1.4970089,5.3347483
16.0,10.0,0.8458401,0.40777418,0.18966806,5.7566427E-9,0.0,0.0,2.5630487E-5,0.033966947,2.1751835,0.024960633,0.009519959,0.07099299,0.18890046,0.79173064,0.16841134,0.0,0.0,0.0,0.0,0.0,0.0,0.0,0.0,0.0,8.331625
16.0,20.0,3.2755995,1.5831326,0.16612479,0.28814626,0.0,0.0,0.0059640743,0.15077345,5.8761616,0.4655498,0.20546122,0.7180418,0.21996942,2.1044166,0.5085668,0.0,0.0,0.0,0.0,0.0,0.0,0.0,0.0,0.0,8.476167
16.0,30.0,8.433344,2.689012,0.11588092,0.7661204,0.095032066,0.0,0.0,0.034746695,12.003133,1.2091796,0.41873685,0.662069,0.097968705,0.95333743,1.0413023,0.0,0.0,0.0,0.0,0.0,0.0,0.0,0.0,0.0,0.013968294
16.0,40.0,7.462877,3.3706007,0.78729475,4.506014,0.8060534,0.0,0.0064754374,1.0902327,10.366456,4.045561,1.3204118,1.3847356,0.07931397,8.39938,0.7035235,0.0,0.0,0.0,0.0,0.0,0.0,0.0,0.0,0.0,0.0
16.0,50.0,3.8417225,2.540577,0.42352414,1.441821,2.104777,0.0,0.0,0.068412915,6.8351235,2.216146,1.0746437,2.6526456,0.009432322,2.7752779,0.40135342,0.0,0.0,0.0,0.0,0.0,0.0,0.0,0.0,0.0,0.0
16.0,60.0,2.9196274,3.146766,0.24253476,0.8780003,3.687683,0.0,0.010314433,0.350859,4.2080545,2.026369,2.424795,1.7967963,0.0,1.7266792,0.43962306,0.0,0.0,0.0,0.0,0.0,0.0,0.0,0.0,0.0,0.0
16.0,70.0,4.6919713,5.9387283,0.6008303,1.6412876,8.439209,0.0,0.014318836,0.14042819,6.156617,4.8598886,4.3504243,3.7422268,0.0,2.0335178,0.6338543,0.0,0.0,0.0,0.0,0.0,0.0,0.0,0.0,0.0,0.0
16.0,80.0,1.6462361,2.5528286,0.45055696,1.8431123,8.420252,0.0,0.050381795,0.18049377,2.3341694,1.8101361,4.2943854,1.1842012,0.0,1.1527791,0.43774506,0.0,0.0,0.0,0.0,0.0,0.0,0.0,0.0,0.0,0.0
16.0,90.0,3.5881937,5.067949,1.5361998,2.2102277,24.143902,0.0,0.22297207,0.27707702,2.8590777,5.3744926,11.789366,4.425132,0.0,3.8601584,1.3492063,0.0,0.0,0.0,0.0,0.0,0.0,0.0,0.0,0.0,0.0
16.0,100.0,0.35823387,3.3611286,0.3660406,1.3877003,14.69777,0.0,5.6025794E-5,0.07038704,0.6420354,3.4469175,5.290585,1.231383,0.0,1.0162985,0.16523317,0.0,0.0,0.0,0.0,0.0,0.0,0.0,0.0,0.0,0.0
16.0,110.0,0.043113276,1.1569341,0.14181517,0.60524607,10.17491,0.0,0.10633275,0.0069509884,0.16250075,1.3472052,2.771287,0.5848074,0.0,0.13085221,0.013565603,0.0,0.0,0.0,0.0,0.0,0.0,0.0,0.0,0.0,0.0
16.0,120.0,0.10716575,3.0380366,0.47254252,0.9536766,31.026783,0.0,0.18089344,0.15230192,0.016577048,2.6326823,7.3221602,1.6293062,0.0,0.2722039,0.100854866,0.0,0.0,0.0,0.0,0.0,0.0,0.0,0.0,0.0,0.0
16.0,130.0,0.013024439,2.8764396,0.47540835,0.73725724,34.304222,0.0,0.16792826,0.11091262,2.1898109E-4,2.3244603,7.008603,1.4752172,0.0,0.15611781,0.05285348,0.0,0.0,0.0,0.0,0.0,0.0,0.0,0.0,0.0,0.0
16.0,140.0,8.1920956E-4,0.57365805,0.10708535,0.09466866,9.190765,0.0,0.04854764,0.015646407,0.0,0.43637234,1.5562507,0.2707515,0.0,0.020083202,0.0053079547,0.0,0.0,0.0,0.0,0.0,0.0,0.0,0.0,0.0,0.0
16.0,150.0,0.0,0.0,0.0,0.0,0.0,0.0,0.0,0.0,0.0,0.0,0.0,0.0,0.0,0.0,0.0,0.0,0.0,0.0,0.0,0.0,0.0,0.0,0.0,0.0,0.0
16.0,160.0,0.0,0.0,0.0,0.0,0.0,0.0,0.0,0.0,0.0,0.0,0.0,0.0,0.0,0.0,0.0,0.0,0.0,0.0,0.0,0.0,0.0,0.0,0.0,0.0,0.0
17.0,0.0,0.059103996,0.0010347831,0.010620368,0.068339474,0.0,0.0,8.493366E-6,2.854157E-4,0.23530488,0.026663352,1.1038706E-4,3.2593592E-4,0.19367924,0.46257004,0.0010980641,0.0,0.0,1.1926695E-5,0.17556177,7.2406197,0.69316596,12.184947,0.072989576,1.6468538,5.137491
17.0,10.0,1.8620112,1.6761117,0.27366945,0.063398965,0.0,0.0,0.0030765012,0.007302678,3.4864106,0.054820698,0.0028533426,0.21459146,0.55789024,1.567022,0.026714467,0.0,0.0,0.0,0.0,0.0,0.0,0.0,0.0,0.0,14.790854
17.0,20.0,2.8916974,0.80238736,0.40996945,3.354329E-5,0.0,0.0,1.9434164E-4,0.13614514,4.9739404,0.8643474,0.06840343,0.55570847,0.22513188,0.67954576,0.5503017,0.0,0.0,0.0,0.0,0.0,0.0,0.0,0.0,0.0,7.067365
17.0,30.0,3.5745022,0.9219663,0.058619685,0.5971409,0.0,0.0,2.5012165E-8,0.08491754,5.8259783,0.31417868,0.3962419,1.505623,0.07631175,2.5891135,0.803557,0.0,0.0,0.0,0.0,0.0,0.0,0.0,0.0,0.0,0.0017625906
17.0,40.0,2.116094,1.8615611,0.0012270702,1.4461883,1.2538981,0.0,0.0027373254,0.279785,4.2397904,1.0260124,0.5198262,1.149727,0.37549657,2.3463945,0.9850053,0.0,0.0,0.0,0.0,0.0,0.0,0.0,0.0,0.0,0.0
17.0,50.0,4.7756076,3.85178,0.5897747,1.9520578,2.737848,0.0,0.0063006696,0.64862,7.6788373,2.866441,2.0835574,2.5645657,3.2397864E-5,2.6688802,0.5767341,0.0,0.0,0.0,0.0,0.0,0.0,0.0,0.0,0.0,0.0
17.0,60.0,2.7196944,2.4358215,0.5397424,1.4291887,3.469869,0.0,0.061444942,0.4890108,5.4877615,1.3200346,1.9492338,2.158414,0.0,2.4963703,0.14962433,0.0,0.0,0.0,0.0,0.0,0.0,0.0,0.0,0.0,0.0
17.0,70.0,4.2334876,4.5621395,0.5778326,1.0804502,10.490881,0.0,0.01092644,0.19079596,5.4379764,3.4912589,2.845615,2.2606568,0.0,1.3571774,0.8696096,0.0,0.0,0.0,0.0,0.0,0.0,0.0,0.0,0.0,0.0
17.0,80.0,2.8620694,2.6822183,0.3376894,2.2865903,12.35269,0.0,0.009550228,0.38157746,3.625169,2.3348515,3.2818499,1.8853893,0.0,1.5973169,0.27426642,0.0,0.0,0.0,0.0,0.0,0.0,0.0,0.0,0.0,0.0
17.0,90.0,1.251335,4.9295416,0.88123655,1.6238655,26.411457,0.0,0.31183833,0.4343705,1.676731,2.941395,6.27653,3.350106,0.0,2.124912,0.70640314,0.0,0.0,0.0,0.0,0.0,0.0,0.0,0.0,0.0,0.0
17.0,100.0,0.45925206,3.276151,0.53978854,1.5358702,25.091494,0.0,0.022402544,0.08383912,0.507524,2.5697021,6.787481,1.2490569,0.0,0.83638334,0.67090625,0.0,0.0,0.0,0.0,0.0,0.0,0.0,0.0,0.0,0.0
17.0,110.0,0.24924698,1.584001,0.22611688,1.0984358,17.949657,0.0,0.025178464,0.14138255,0.018923081,1.080285,3.838735,1.5733981,0.0,0.568422,0.13144621,0.0,0.0,0.0,0.0,0.0,0.0,0.0,0.0,0.0,0.0
17.0,120.0,0.016894134,1.6022867,0.30064964,0.57156986,21.186634,0.0,0.097651325,0.08830028,0.011720836,1.1761931,3.6021879,0.83905524,0.0,0.122639544,0.038799737,0.0,0.0,0.0,0.0,0.0,0.0,0.0,0.0,0.0,0.0
17.0,130.0,0.011387876,2.8703136,0.49389556,0.8045396,43.68365,0.0,0.19609636,0.10079828,8.608642E-4,2.183646,6.812724,1.4939452,0.0,0.12867199,0.035217453,0.0,0.0,0.0,0.0,0.0,0.0,0.0,0.0,0.0,0.0
17.0,140.0,1.2995393E-4,0.5644215,0.105191685,0.11793963,10.948576,0.0,0.045523293,0.014511967,0.0,0.41592458,1.3737959,0.27701023,0.0,0.017611101,0.0038250848,0.0,0.0,0.0,0.0,0.0,0.0,0.0,0.0,0.0,0.0
17.0,150.0,0.0,0.0,0.0,0.0,0.0,0.0,0.0,0.0,0.0,0.0,0.0,0.0,0.0,0.0,0.0,0.0,0.0,0.0,0.0,0.0,0.0,0.0,0.0,0.0,0.0
17.0,160.0,0.0,0.0,0.0,0.0,0.0,0.0,0.0,0.0,0.0,0.0,0.0,0.0,0.0,0.0,0.0,0.0,0.0,0.0,0.0,0.0,0.0,0.0,0.0,0.0,0.0
18.0,0.0,0.037828952,4.3800962E-4,0.07562246,0.12587292,0.0,0.0,3.877914E-5,9.86533E-5,0.19822972,0.0067406823,0.0,3.516304E-4,0.42585427,0.7211122,0.010772497,0.0,0.0,1.4811231E-5,0.1482385,6.686594,0.6483736,11.766642,0.07773792,1.6457787,6.353225
18.0,10.0,0.190883,0.1360204,0.05579318,0.035228305,0.0,0.0,2.4813003E-4,0.0059650782,1.1815095,0.07089503,2.8295297E-4,0.0074698613,0.26137507,0.22744954,0.010524695,0.0,0.0,0.0,0.0,0.0,0.0,0.0,0.0,0.0,3.1670606
18.0,20.0,3.4307919,0.3076239,0.37438843,0.73150414,0.0,0.0,7.011465E-4,0.002520814,6.2563133,0.80284894,0.20438589,0.5296189,0.2521674,2.4369993,0.13450782,0.0,0.0,0.0,0.0,0.0,0.0,0.0,0.0,0.0,7.4758487
18.0,30.0,3.657935,1.4505668,0.04992647,0.44562066,0.0,0.0,5.844514E-7,0.087503076,3.4675994,0.78627175,0.27219692,1.2488818,0.03602452,2.6043396,0.45271295,0.0,0.0,0.0,0.0,0.0,0.0,0.0,0.0,0.0,0.03818462
18.0,40.0,1.3742142,0.8821913,0.023115922,0.59863067,0.4532594,0.0,3.0297676E-6,0.1583021,4.938518,0.7340032,0.120839864,0.8147716,0.00657681,0.8413816,0.23061651,0.0,0.0,0.0,0.0,0.0,0.0,0.0,0.0,0.0,0.0
18.0,50.0,4.2056756,2.5061984,0.51870245,1.4817458,1.7272524,0.0,7.113875E-4,0.25183254,3.8780515,1.0304416,0.42912787,1.3758695,0.0,0.8215457,0.11361694,0.0,0.0,0.0,0.0,0.0,0.0,0.0,0.0,0.0,0.0
18.0,60.0,4.7510076,4.1466775,0.38656476,0.78615975,7.028404,0.0,0.0067598685,0.72056425,7.1492248,2.8535411,1.1417553,2.51551,0.0,2.5249002,0.4279963,0.0,0.0,0.0,0.0,0.0,0.0,0.0,0.0,0.0,0.0
18.0,70.0,2.591519,2.9032352,0.95621604,0.28896824,5.503591,0.0,0.06361896,0.14151289,2.7646456,1.8782394,1.5055141,1.4744387,0.0,2.3813405,0.37295803,0.0,0.0,0.0,0.0,0.0,0.0,0.0,0.0,0.0,0.0
18.0,80.0,5.197184,5.8681307,1.0568719,0.95202583,20.296309,0.0,0.045566145,0.035136577,4.654489,3.1674168,5.711805,2.0321987,0.0,2.0883799,0.42816523,0.0,0.0,0.0,0.0,0.0,0.0,0.0,0.0,0.0,0.0
18.0,90.0,0.7195649,1.9151616,0.35110918,0.42598927,10.947656,0.0,0.010446843,0.005809998,0.6460624,1.3643658,2.3027153,1.116382,0.0,0.8250155,0.07691701,0.0,0.0,0.0,0.0,0.0,0.0,0.0,0.0,0.0,0.0
18.0,100.0,0.78584653,5.8235574,0.5962596,1.794825,38.830685,0.0,0.31640977,0.40952033,1.3527772,3.7977798,6.608598,3.1770508,0.0,1.3536016,0.4454578,0.0,0.0,0.0,0.0,0.0,0.0,0.0,0.0,0.0,0.0
18.0,110.0,0.41073477,2.4561608,0.15477432,0.43513286,21.680567,0.0,0.06453509,0.22052872,0.0,2.151649,3.5583034,1.2657928,0.0,0.2670798,0.02733294,0.0,0.0,0.0,0.0,0.0,0.0,0.0,0.0,0.0,0.0
18.0,120.0,0.019944731,0.80152076,0.10222762,0.13590223,11.057851,0.0,0.028789202,0.04686489,0.003072245,0.5214341,1.3335215,0.3569644,0.0,0.05791007,0.013119235,0.0,0.0,0.0,0.0,0.0,0.0,0.0,0.0,0.0,0.0
18.0,130.0,0.013225176,3.427805,0.4791163,0.7651984,51.32007,0.0,0.1833098,0.1630347,0.008672125,2.033954,5.9259815,1.4914446,0.0,0.1791527,0.043147296,0.0,0.0,0.0,0.0,0.0,0.0,0.0,0.0,0.0,0.0
18.0,140.0,8.782772E-4,0.64345866,0.10125265,0.099686295,13.156927,0.0,0.046001676,0.022552583,0.0,0.35572568,1.227114,0.2701935,0.0,0.020797886,0.0037895977,0.0,0.0,0.0,0.0,0.0,0.0,0.0,0.0,0.0,0.0
18.0,150.0,0.0,0.0,0.0,0.0,0.0,0.0,0.0,0.0,0.0,0.0,0.0,0.0,0.0,0.0,0.0,0.0,0.0,0.0,0.0,0.0,0.0,0.0,0.0,0.0,0.0
18.0,160.0,0.0,0.0,0.0,0.0,0.0,0.0,0.0,0.0,0.0,0.0,0.0,0.0,0.0,0.0,0.0,0.0,0.0,0.0,0.0,0.0,0.0,0.0,0.0,0.0,0.0
19.0,0.0,0.14128451,8.693083E-4,0.08404815,0.18089977,0.0,0.0,5.1547463E-6,9.734968E-4,0.24200949,0.042755254,0.0015022143,0.0014141643,0.46386388,0.46046013,0.010962954,0.0,0.0,2.5305684E-5,0.17146291,6.959745,0.6435322,11.742134,0.07201985,1.5936409,7.186268
19.0,10.0,1.5782712,1.6417171,0.14785123,0.6897183,0.0,0.0,0.0014467201,0.020357829,3.5964148,0.033631403,0.0021173637,0.46923363,0.41077963,1.1665103,0.21969476,0.0,0.0,0.0,0.0,0.0,0.0,0.0,0.0,0.0,13.760955
19.0,20.0,0.68276805,0.27302527,0.0631899,0.19215544,0.0,0.0,5.5286855E-5,0.05740357,1.5244594,0.088094644,0.012979045,0.027346926,0.14972499,0.56872106,0.0073629683,0.0,0.0,0.0,0.0,0.0,0.0,0.0,0.0,0.0,2.1034229
19.0,30.0,1.5168943,0.9207331,0.29894966,0.6116972,0.0,0.0,0.00559084,0.1240326,4.02422,0.5071828,0.15264182,0.8969169,0.24973167,1.2839243,0.13842998,0.0,0.0,0.0,0.0,0.0,0.0,0.0,0.0,0.0,0.022639362
19.0,40.0,2.3079276,1.4765075,0.038281247,0.634372,0.6200025,0.0,0.0,0.088632666,2.7468688,1.0163956,0.2066499,0.56504303,0.009877154,1.0230554,0.446473,0.0,0.0,0.0,0.0,0.0,0.0,0.0,0.0,0.0,0.0
19.0,50.0,1.0122397,0.8678198,0.02769726,0.84030455,1.1312871,0.0,0.0,0.17961527,3.557884,0.6726551,0.26588386,0.6563258,3.715251E-4,1.5496987,0.099581584,0.0,0.0,0.0,0.0,0.0,0.0,0.0,0.0,0.0,0.0
19.0,60.0,2.596349,1.9680685,0.96578133,0.6378811,5.5539985,0.0,0.016074745,0.056012902,3.829691,1.1681575,0.7336058,1.9097834,0.0,1.4735378,0.1366296,0.0,0.0,0.0,0.0,0.0,0.0,0.0,0.0,0.0,0.0
19.0,70.0,4.635343,4.1277037,1.0531572,1.0197642,7.780746,0.0,0.05980722,0.14950036,5.7321,1.8472897,1.527374,2.0098546,0.0,3.2937915,0.24315888,0.0,0.0,0.0,0.0,0.0,0.0,0.0,0.0,0.0,0.0
19.0,80.0,1.803771,2.4824986,0.25315484,0.8566835,11.720518,0.0,2.760335E-7,0.08536787,1.8323731,1.9715507,1.99959,1.1681507,0.0,1.7541475,0.06365581,0.0,0.0,0.0,0.0,0.0,0.0,0.0,0.0,0.0,0.0
19.0,90.0,2.0803814,4.0117965,0.63964134,0.72993624,24.107752,0.0,0.07097118,0.03993067,1.738887,2.3788764,3.0272658,0.91231555,0.0,2.9254174,0.076711625,0.0,0.0,0.0,0.0,0.0,0.0,0.0,0.0,0.0,0.0
19.0,100.0,0.7659282,4.430627,0.5731959,0.62294,32.525654,0.0,0.10037996,0.14587225,0.27478674,2.4490478,4.1977024,1.9723902,0.0,1.0366365,0.037818875,0.0,0.0,0.0,0.0,0.0,0.0,0.0,0.0,0.0,0.0
19.0,110.0,0.35255405,1.865083,0.18399885,0.44365737,28.129232,0.0,0.005278079,0.05561496,0.1358577,1.0330994,2.3872144,1.2763053,0.0,0.1377139,0.112920806,0.0,0.0,0.0,0.0,0.0,0.0,0.0,0.0,0.0,0.0
19.0,120.0,0.14308241,0.6386852,0.12571649,0.369756,11.129899,0.0,0.031669427,0.004922628,0.0,0.49883547,0.89436376,0.11611444,0.0,0.16105118,0.036740344,0.0,0.0,0.0,0.0,0.0,0.0,0.0,0.0,0.0,0.0
19.0,130.0,0.00837138,3.2555127,0.3963122,0.5939229,55.041443,0.0,0.1488623,0.12611276,6.2399777E-4,1.9349117,4.7634497,1.1573616,0.0,0.17634062,0.03162775,0.0,0.0,0.0,0.0,0.0,0.0,0.0,0.0,0.0,0.0
19.0,140.0,9.4075025E-5,0.7914061,0.102129415,0.10622901,16.427467,0.0,0.04261493,0.028487721,0.0,0.43556243,1.1624957,0.25976142,0.0,0.032731842,0.0033930396,0.0,0.0,0.0,0.0,0.0,0.0,0.0,0.0,0.0,0.0
19.0,150.0,0.0,0.0,0.0,0.0,0.0,0.0,0.0,0.0,0.0,0.0,0.0,0.0,0.0,0.0,0.0,0.0,0.0,0.0,0.0,0.0,0.0,0.0,0.0,0.0,0.0
19.0,160.0,0.0,0.0,0.0,0.0,0.0,0.0,0.0,0.0,0.0,0.0,0.0,0.0,0.0,0.0,0.0,0.0,0.0,0.0,0.0,0.0,0.0,0.0,0.0,0.0,0.0
20.0,0.0,0.0196061,7.6503935E-4,0.008060205,0.17092195,0.0,0.0,1.3562772E-4,1.00229234E-4,0.36708412,0.016196549,8.721035E-7,0.0050429027,0.3460485,0.37909743,0.005808561,0.0,0.0,4.2898187E-6,0.14773087,5.508956,0.53396326,9.7566805,0.058895897,1.2556881,5.0134826
20.0,10.0,0.37399745,0.46367016,0.077691846,0.12754704,0.0,0.0,6.039457E-6,0.008760048,1.5389717,0.025855307,0.0052805915,0.0032631373,0.19184619,0.51703036,0.037369415,0.0,0.0,0.0,0.0,0.0,0.0,0.0,0.0,0.0,6.367668
20.0,20.0,1.6951934,0.5693223,0.01824473,0.53157866,0.0,0.0,0.0,0.048630834,4.609267,0.22085132,0.022831295,0.6449016,0.24987237,2.3791134,0.08815569,0.0,0.0,0.0,0.0,0.0,0.0,0.0,0.0,0.0,5.999773
20.0,30.0,0.60008544,0.6112475,0.09776254,0.09599921,0.0,0.0,0.0017570353,0.0585621,1.5610895,0.08437873,0.033233386,0.13536307,0.045368403,0.66594213,0.06585944,0.0,0.0,0.0,0.0,0.0,0.0,0.0,0.0,0.0,0.01483353
20.0,40.0,0.9139356,1.0484899,0.0195539,0.40559417,0.46436936,0.0,2.9888998E-8,0.11907045,2.3056242,0.38164485,0.06125251,0.32078233,0.016536029,0.80341065,0.22893746,0.0,0.0,0.0,0.0,0.0,0.0,0.0,0.0,0.0,0.0
20.0,50.0,1.4107946,1.9474571,0.10514669,0.3312501,0.82816327,0.0,0.0,0.13754097,1.8406658,0.3302344,0.14153503,0.54361904,7.4671254E-5,1.4338639,0.09266135,0.0,0.0,0.0,0.0,0.0,0.0,0.0,0.0,0.0,0.0
20.0,60.0,1.5355814,1.4093395,0.003553525,0.3268882,2.5634124,0.0,0.0016926688,0.18780692,2.6021285,0.6506285,0.18082401,0.8027751,0.0,0.7649765,0.26229888,0.0,0.0,0.0,0.0,0.0,0.0,0.0,0.0,0.0,0.0
20.0,70.0,2.2553992,3.2340088,0.22106196,1.1680908,9.779981,0.0,0.021289714,0.112808324,4.0496483,1.0194092,0.44704586,0.59185576,0.0,1.9751086,0.22332935,0.0,0.0,0.0,0.0,0.0,0.0,0.0,0.0,0.0,0.0
20.0,80.0,2.91174,1.7305859,0.37373823,0.9023487,13.156805,0.0,0.017528087,0.25159833,2.6203191,0.74826807,1.4514376,1.6769814,0.0,1.6930045,0.10703307,0.0,0.0,0.0,0.0,0.0,0.0,0.0,0.0,0.0,0.0
20.0,90.0,1.4873497,4.2175946,0.31974965,0.91326094,26.371412,0.0,0.020269314,0.37713596,1.5848402,1.1695822,2.2416925,2.0671778,0.0,1.6732391,0.100880526,0.0,0.0,0.0,0.0,0.0,0.0,0.0,0.0,0.0,0.0
20.0,100.0,0.105769314,1.5732046,0.39471805,0.27627346,19.216326,0.0,0.060449716,0.1969246,0.05739884,0.69190866,2.025833,0.9296387,0.0,0.46863687,0.016515462,0.0,0.0,0.0,0.0,0.0,0.0,0.0,0.0,0.0,0.0
20.0,110.0,0.34168458,3.3980746,0.38089305,0.7929084,34.892376,0.0,0.15096638,0.20949158,0.13687721,1.6946355,2.6521173,1.1852572,0.0,0.5869023,0.074708566,0.0,0.0,0.0,0.0,0.0,0.0,0.0,0.0,0.0,0.0
20.0,120.0,0.10496243,0.9304903,0.08995603,0.34694213,16.584814,0.0,0.024310218,0.11797893,0.15806179,0.754186,1.3581742,0.2044389,0.0,0.11050561,0.011275913,0.0,0.0,0.0,0.0,0.0,0.0,0.0,0.0,0.0,0.0
20.0,130.0,0.0041798707,2.6416478,0.21500978,0.30276906,49.095856,0.0,0.124097385,0.11395971,5.1172666E-4,1.0464439,3.0959837,0.6355872,0.0,0.14549951,0.018503128,0.0,0.0,0.0,0.0,0.0,0.0,0.0,0.0,0.0,0.0
20.0,140.0,4.3329088E-5,0.98666674,0.088404104,0.08452347,21.445656,0.0,0.047911756,0.026865918,3.3540704E-4,0.3969607,1.0949384,0.19637619,0.0,0.040804356,0.006214609,0.0,0.0,0.0,0.0,0.0,0.0,0.0,0.0,0.0,0.0
20.0,150.0,0.0,0.0,0.0,0.0,0.0,0.0,0.0,0.0,0.0,0.0,0.0,0.0,0.0,0.0,0.0,0.0,0.0,0.0,0.0,0.0,0.0,0.0,0.0,0.0,0.0
20.0,160.0,0.0,0.0,0.0,0.0,0.0,0.0,0.0,0.0,0.0,0.0,0.0,0.0,0.0,0.0,0.0,0.0,0.0,0.0,0.0,0.0,0.0,0.0,0.0,0.0,0.0
