"Distribution of the biomass (tonne) of prey species (in columns) in the diet of Scup by Age class (year). For class i, the preyed biomass in [i,i+1[ is reported."
"Time","Age","AtlanticHerring","AtlanticMackerel","BlackSeaBass","Scup","SpinyDogfish","StripedBass","Goosefish","WinterFlounder","Squids","Flounders","SkateRays","Hakes","Benthopelagics","MiscellaneousDemersals","ShallowDemersal","WhitePerch","AtlanticTomcod","Diazotrophs","LargePhytoplankton","LargeZooplankton","MediumPhytoplankton","MediumZooplankton","SmallPhytoplankton","SmallZooplankton","Benthos"
1.0,0.0,3.568024,0.057107974,8.6862687E-4,0.0095440885,0.0,1.2256596E-6,2.3700671E-4,0.24616748,8.266077,0.096694835,0.022389887,0.011732905,2.8373764,9.219268,0.814558,0.0,0.0,6.402507E-4,0.080429494,2.695482,0.28518802,5.08418,0.19462657,4.5741386,629.14215
1.0,2.0,2.0289917,0.5688301,0.015038319,0.0028185972,0.0,1.7908503E-7,0.0037019942,0.2836249,4.7304635,0.5397485,0.10750676,0.08483284,12.215097,0.45635173,0.5388038,0.0,0.0,0.0,0.0,0.0,0.0,0.0,0.0,0.0,23.62148
1.0,4.0,2.101491,0.674359,0.07016053,0.06573806,0.0,1.1220627E-5,0.057728704,0.3641104,7.458465,0.8448621,0.21397044,0.2863103,13.451574,0.673391,0.47311306,0.0,0.0,0.0,0.0,0.0,0.0,0.0,0.0,0.0,8.816366
1.0,6.0,2.3059263,0.2637559,0.04768905,0.19169337,0.0,2.2119446E-5,0.043837886,0.52440476,5.525285,0.42359924,0.83247995,0.3497752,7.6146526,0.52962196,0.23541516,0.0,0.0,0.0,0.0,0.0,0.0,0.0,0.0,0.0,0.0
1.0,8.0,2.3872216,0.14208165,0.034063965,0.14801732,0.0,4.367123E-6,0.03699268,0.34054145,4.346221,0.35228816,0.7326372,0.291716,3.7835333,0.44888297,0.13802536,0.0,0.0,0.0,0.0,0.0,0.0,0.0,0.0,0.0,0.0
1.0,10.0,1.9398574,0.097440355,0.017586952,0.10728959,0.0,2.4643662E-6,0.026011154,0.19837405,3.1642027,0.27400824,0.51736724,0.19646508,2.1029844,0.33219036,0.07567421,0.0,0.0,0.0,0.0,0.0,0.0,0.0,0.0,0.0,0.0
1.0,12.0,1.7167839,0.07506598,0.010365227,0.08361119,0.0,5.2009984E-8,0.02488093,0.16321708,2.4918528,0.19785729,0.417292,0.11553735,1.5012325,0.29391807,0.12819634,0.0,0.0,0.0,0.0,0.0,0.0,0.0,0.0,0.0,0.0
1.0,14.0,1.08508,0.045551416,0.010146181,0.069608755,0.0,0.0,0.019021917,0.1791309,1.763817,0.1196157,0.27540472,0.1411878,1.0108105,0.17908527,0.19214474,0.0,0.0,0.0,0.0,0.0,0.0,0.0,0.0,0.0,0.0
1.0,16.0,0.7368556,0.036874026,0.004495714,0.052411538,0.0,9.122623E-6,0.004629711,0.10392043,1.2432516,0.08056693,0.16871881,0.054730404,0.64240795,0.1238151,0.1678515,0.0,0.0,0.0,0.0,0.0,0.0,0.0,0.0,0.0,0.0
1.0,18.0,0.5511656,0.023839751,0.0038414681,0.04142066,0.0,4.614645E-6,0.008942374,0.035423957,0.83293,0.045479912,0.14569382,0.03462954,0.42297843,0.09443866,0.17431279,0.0,0.0,0.0,0.0,0.0,0.0,0.0,0.0,0.0,0.0
1.0,20.0,0.011555696,0.0,0.0,9.521701E-5,0.0,0.0,0.0,6.584177E-4,0.01075214,0.0033170742,0.0044995113,1.1955671E-4,0.011684913,0.0,0.0010147921,0.0,0.0,0.0,0.0,0.0,0.0,0.0,0.0,0.0,0.0
1.0,22.0,0.0,0.0,0.0,0.0,0.0,0.0,0.0,0.0,0.0,0.0,0.0,0.0,0.0,0.0,0.0,0.0,0.0,0.0,0.0,0.0,0.0,0.0,0.0,0.0,0.0
1.0,24.0,0.0,0.0,0.0,0.0,0.0,0.0,0.0,0.0,0.0,0.0,0.0,0.0,0.0,0.0,0.0,0.0,0.0,0.0,0.0,0.0,0.0,0.0,0.0,0.0,0.0
1.0,26.0,0.0,0.0,0.0,0.0,0.0,0.0,0.0,0.0,0.0,0.0,0.0,0.0,0.0,0.0,0.0,0.0,0.0,0.0,0.0,0.0,0.0,0.0,0.0,0.0,0.0
1.0,28.0,0.0,0.0,0.0,0.0,0.0,0.0,0.0,0.0,0.0,0.0,0.0,0.0,0.0,0.0,0.0,0.0,0.0,0.0,0.0,0.0,0.0,0.0,0.0,0.0,0.0
1.0,30.0,0.0,0.0,0.0,0.0,0.0,0.0,0.0,0.0,0.0,0.0,0.0,0.0,0.0,0.0,0.0,0.0,0.0,0.0,0.0,0.0,0.0,0.0,0.0,0.0,0.0
1.0,32.0,0.0,0.0,0.0,0.0,0.0,0.0,0.0,0.0,0.0,0.0,0.0,0.0,0.0,0.0,0.0,0.0,0.0,0.0,0.0,0.0,0.0,0.0,0.0,0.0,0.0
1.0,34.0,0.0,0.0,0.0,0.0,0.0,0.0,0.0,0.0,0.0,0.0,0.0,0.0,0.0,0.0,0.0,0.0,0.0,0.0,0.0,0.0,0.0,0.0,0.0,0.0,0.0
1.0,36.0,0.0,0.0,0.0,0.0,0.0,0.0,0.0,0.0,0.0,0.0,0.0,0.0,0.0,0.0,0.0,0.0,0.0,0.0,0.0,0.0,0.0,0.0,0.0,0.0,0.0
1.0,38.0,0.0,0.0,0.0,0.0,0.0,0.0,0.0,0.0,0.0,0.0,0.0,0.0,0.0,0.0,0.0,0.0,0.0,0.0,0.0,0.0,0.0,0.0,0.0,0.0,0.0
1.0,40.0,0.0,0.0,0.0,0.0,0.0,0.0,0.0,0.0,0.0,0.0,0.0,0.0,0.0,0.0,0.0,0.0,0.0,0.0,0.0,0.0,0.0,0.0,0.0,0.0,0.0
2.0,0.0,9.53438,0.27354622,0.1847323,0.09375283,0.0,0.0,0.0011533599,0.002102448,35.041527,0.18122624,0.104406215,0.49202862,31.156307,27.311691,9.441604,0.0,0.0,3.3121563E-5,0.012847745,0.44124213,0.05185433,1.0264955,0.031263806,0.73104453,367.52103
2.0,2.0,0.06556992,0.11689427,0.0076076128,0.0053615444,0.0,0.0,0.0010974881,0.024856681,0.70484704,0.06782026,0.0046798605,0.028655022,0.32754618,0.33554327,0.15851703,0.0,0.0,0.0,0.0,0.0,0.0,0.0,0.0,0.0,2.4196458
2.0,4.0,0.25106144,0.2581279,0.023856562,0.01685702,0.0,0.0,0.014961538,0.096017696,2.176972,0.1487666,0.0055014356,0.11146694,0.6394255,0.727746,0.3023804,0.0,0.0,0.0,0.0,0.0,0.0,0.0,0.0,0.0,0.25131953
2.0,6.0,0.20122889,0.2201839,0.014809617,0.010164955,0.0,0.0,8.6625357E-4,0.043318212,1.669876,0.07473143,0.22577707,0.07949946,0.2591393,0.39210242,0.19627765,0.0,0.0,0.0,0.0,0.0,0.0,0.0,0.0,0.0,0.0
2.0,8.0,0.20973758,0.20390649,0.010164417,0.008074441,0.0,0.0,0.0030157987,0.040352408,1.4461008,0.07264965,0.29496932,0.07525904,0.18198317,0.31684384,0.16265589,0.0,0.0,0.0,0.0,0.0,0.0,0.0,0.0,0.0,0.0
2.0,10.0,0.1855677,0.12930664,0.007516526,0.0015988732,0.0,0.0,6.14968E-4,0.030052232,1.1020184,0.056101393,0.19723451,0.051533855,0.10258067,0.21097875,0.13022839,0.0,0.0,0.0,0.0,0.0,0.0,0.0,0.0,0.0,0.0
2.0,12.0,0.20235448,0.13346274,0.010036422,0.0028665522,0.0,0.0,2.3857967E-4,0.018172964,0.8810988,0.03940299,0.17384197,0.030833699,0.07545581,0.14711857,0.1145092,0.0,0.0,0.0,0.0,0.0,0.0,0.0,0.0,0.0,0.0
2.0,14.0,0.18205342,0.088237286,0.004382657,0.0017238876,0.0,0.0,0.0017336094,0.01927969,0.67649823,0.039991267,0.12660815,0.038080897,0.055237968,0.11874262,0.09192541,0.0,0.0,0.0,0.0,0.0,0.0,0.0,0.0,0.0,0.0
2.0,16.0,0.11735398,0.05773113,0.0051281583,0.0011936711,0.0,0.0,7.156072E-4,0.017039761,0.4351306,0.02635479,0.09877497,0.01950972,0.033427425,0.0952213,0.056859884,0.0,0.0,0.0,0.0,0.0,0.0,0.0,0.0,0.0,0.0
2.0,18.0,0.08844938,0.046983834,0.0018027215,7.3962985E-4,0.0,0.0,7.0277097E-6,0.008192253,0.321159,0.01807812,0.05790448,0.0154128345,0.024275796,0.063952126,0.04032062,0.0,0.0,0.0,0.0,0.0,0.0,0.0,0.0,0.0,0.0
2.0,20.0,0.0011911383,0.0010543893,1.2981454E-4,0.0,0.0,0.0,0.0,0.001400578,0.0049756393,0.0,0.0011913246,0.0,5.6959376E-5,3.4157702E-4,0.0012874443,0.0,0.0,0.0,0.0,0.0,0.0,0.0,0.0,0.0,0.0
2.0,22.0,0.0,0.0,0.0,0.0,0.0,0.0,0.0,0.0,0.0,0.0,0.0,0.0,0.0,0.0,0.0,0.0,0.0,0.0,0.0,0.0,0.0,0.0,0.0,0.0,0.0
2.0,24.0,0.0,0.0,0.0,0.0,0.0,0.0,0.0,0.0,0.0,0.0,0.0,0.0,0.0,0.0,0.0,0.0,0.0,0.0,0.0,0.0,0.0,0.0,0.0,0.0,0.0
2.0,26.0,0.0,0.0,0.0,0.0,0.0,0.0,0.0,0.0,0.0,0.0,0.0,0.0,0.0,0.0,0.0,0.0,0.0,0.0,0.0,0.0,0.0,0.0,0.0,0.0,0.0
2.0,28.0,0.0,0.0,0.0,0.0,0.0,0.0,0.0,0.0,0.0,0.0,0.0,0.0,0.0,0.0,0.0,0.0,0.0,0.0,0.0,0.0,0.0,0.0,0.0,0.0,0.0
2.0,30.0,0.0,0.0,0.0,0.0,0.0,0.0,0.0,0.0,0.0,0.0,0.0,0.0,0.0,0.0,0.0,0.0,0.0,0.0,0.0,0.0,0.0,0.0,0.0,0.0,0.0
2.0,32.0,0.0,0.0,0.0,0.0,0.0,0.0,0.0,0.0,0.0,0.0,0.0,0.0,0.0,0.0,0.0,0.0,0.0,0.0,0.0,0.0,0.0,0.0,0.0,0.0,0.0
2.0,34.0,0.0,0.0,0.0,0.0,0.0,0.0,0.0,0.0,0.0,0.0,0.0,0.0,0.0,0.0,0.0,0.0,0.0,0.0,0.0,0.0,0.0,0.0,0.0,0.0,0.0
2.0,36.0,0.0,0.0,0.0,0.0,0.0,0.0,0.0,0.0,0.0,0.0,0.0,0.0,0.0,0.0,0.0,0.0,0.0,0.0,0.0,0.0,0.0,0.0,0.0,0.0,0.0
2.0,38.0,0.0,0.0,0.0,0.0,0.0,0.0,0.0,0.0,0.0,0.0,0.0,0.0,0.0,0.0,0.0,0.0,0.0,0.0,0.0,0.0,0.0,0.0,0.0,0.0,0.0
2.0,40.0,0.0,0.0,0.0,0.0,0.0,0.0,0.0,0.0,0.0,0.0,0.0,0.0,0.0,0.0,0.0,0.0,0.0,0.0,0.0,0.0,0.0,0.0,0.0,0.0,0.0
3.0,0.0,39.923676,2.158916,0.19416012,7.7286956E-4,0.0,0.0,2.8951297E-5,0.2937153,42.15098,0.45332843,0.03198745,0.5716232,22.354866,40.54876,2.1014516,0.0,0.0,1.7613478E-5,0.0077079586,0.3160606,0.044062573,0.7924392,0.023380686,0.61006254,266.4545
3.0,2.0,24.08987,7.3965206,0.96198356,0.03437077,0.0,0.0,1.6023757E-4,0.37931702,18.276827,0.0026728546,0.015568028,0.83247113,15.221015,10.181349,0.9501365,0.0,0.0,0.0,0.0,0.0,0.0,0.0,0.0,0.0,84.45842
3.0,4.0,0.013627178,0.0020024858,0.0027124467,9.6334325E-4,0.0,0.0,0.0010592118,0.00106703,0.09399257,0.006118541,0.004009698,0.0046835137,0.02040134,0.04051402,0.01170912,0.0,0.0,0.0,0.0,0.0,0.0,0.0,0.0,0.0,0.0
3.0,6.0,0.008079214,0.0023102725,0.0016835578,4.543606E-4,0.0,0.0,6.080501E-4,0.0023804058,0.08193152,0.0038567008,0.01715327,0.0048583956,0.009211115,0.036411557,0.0062562833,0.0,0.0,0.0,0.0,0.0,0.0,0.0,0.0,0.0,0.0
3.0,8.0,0.016459797,0.0035468263,0.0023866724,9.0420054E-4,0.0,0.0,0.0012349027,0.0022937835,0.09729538,0.005224361,0.027953273,0.0071066106,0.007326369,0.03720748,0.015711142,0.0,0.0,0.0,0.0,0.0,0.0,0.0,0.0,0.0,0.0
3.0,10.0,0.018577667,0.0033919367,0.0017837377,0.0011187216,0.0,0.0,5.2291586E-4,0.0028105336,0.09427014,0.004577919,0.024116825,0.0044736653,0.0053520175,0.033111084,0.0145128025,0.0,0.0,0.0,0.0,0.0,0.0,0.0,0.0,0.0,0.0
3.0,12.0,0.014858772,0.004885687,0.0010496811,0.0014021473,0.0,0.0,6.310033E-4,0.0023511483,0.07744259,0.0034393508,0.023561293,0.004912168,0.0038534964,0.022994705,0.010684369,0.0,0.0,0.0,0.0,0.0,0.0,0.0,0.0,0.0,0.0
3.0,14.0,0.0140009895,0.0027018648,0.0010318703,4.0129197E-4,0.0,0.0,6.999571E-4,0.001564915,0.0794168,0.0036844462,0.022962747,0.0055195126,0.003383626,0.026471509,0.01499497,0.0,0.0,0.0,0.0,0.0,0.0,0.0,0.0,0.0,0.0
3.0,16.0,0.008476013,0.0036493985,4.7862282E-4,9.163484E-4,0.0,0.0,2.6674662E-4,0.0017043516,0.04936589,0.0027614597,0.017042443,0.0037451312,0.0038933407,0.015043422,0.009042757,0.0,0.0,0.0,0.0,0.0,0.0,0.0,0.0,0.0,0.0
3.0,18.0,0.009127941,0.0022971327,3.4923726E-4,2.832866E-4,0.0,0.0,1.2576205E-4,8.871432E-4,0.038584474,0.0028685664,0.010423241,0.0022956415,0.0011076241,0.0146842655,0.0061248136,0.0,0.0,0.0,0.0,0.0,0.0,0.0,0.0,0.0,0.0
3.0,20.0,2.994375E-4,0.0,0.0,0.0,0.0,0.0,0.0,1.4789065E-7,6.228392E-4,0.0,5.2888026E-5,0.0,1.3821438E-9,2.8972607E-4,4.937582E-5,0.0,0.0,0.0,0.0,0.0,0.0,0.0,0.0,0.0,0.0
3.0,22.0,0.0,0.0,0.0,0.0,0.0,0.0,0.0,0.0,0.0,0.0,0.0,0.0,0.0,0.0,0.0,0.0,0.0,0.0,0.0,0.0,0.0,0.0,0.0,0.0,0.0
3.0,24.0,0.0,0.0,0.0,0.0,0.0,0.0,0.0,0.0,0.0,0.0,0.0,0.0,0.0,0.0,0.0,0.0,0.0,0.0,0.0,0.0,0.0,0.0,0.0,0.0,0.0
3.0,26.0,0.0,0.0,0.0,0.0,0.0,0.0,0.0,0.0,0.0,0.0,0.0,0.0,0.0,0.0,0.0,0.0,0.0,0.0,0.0,0.0,0.0,0.0,0.0,0.0,0.0
3.0,28.0,0.0,0.0,0.0,0.0,0.0,0.0,0.0,0.0,0.0,0.0,0.0,0.0,0.0,0.0,0.0,0.0,0.0,0.0,0.0,0.0,0.0,0.0,0.0,0.0,0.0
3.0,30.0,0.0,0.0,0.0,0.0,0.0,0.0,0.0,0.0,0.0,0.0,0.0,0.0,0.0,0.0,0.0,0.0,0.0,0.0,0.0,0.0,0.0,0.0,0.0,0.0,0.0
3.0,32.0,0.0,0.0,0.0,0.0,0.0,0.0,0.0,0.0,0.0,0.0,0.0,0.0,0.0,0.0,0.0,0.0,0.0,0.0,0.0,0.0,0.0,0.0,0.0,0.0,0.0
3.0,34.0,0.0,0.0,0.0,0.0,0.0,0.0,0.0,0.0,0.0,0.0,0.0,0.0,0.0,0.0,0.0,0.0,0.0,0.0,0.0,0.0,0.0,0.0,0.0,0.0,0.0
3.0,36.0,0.0,0.0,0.0,0.0,0.0,0.0,0.0,0.0,0.0,0.0,0.0,0.0,0.0,0.0,0.0,0.0,0.0,0.0,0.0,0.0,0.0,0.0,0.0,0.0,0.0
3.0,38.0,0.0,0.0,0.0,0.0,0.0,0.0,0.0,0.0,0.0,0.0,0.0,0.0,0.0,0.0,0.0,0.0,0.0,0.0,0.0,0.0,0.0,0.0,0.0,0.0,0.0
3.0,40.0,0.0,0.0,0.0,0.0,0.0,0.0,0.0,0.0,0.0,0.0,0.0,0.0,0.0,0.0,0.0,0.0,0.0,0.0,0.0,0.0,0.0,0.0,0.0,0.0,0.0
4.0,0.0,7.257221,3.1702163,1.0066315,0.15654294,0.0,1.9976674E-10,3.0043986E-4,0.072530165,33.47834,0.53997093,0.12236935,0.62104475,11.638812,5.4315143,1.1416548,0.0,0.0,2.3330094E-5,0.087579615,2.7739556,0.37980616,7.6936426,0.24325918,5.5200267,916.2909
4.0,2.0,31.819557,13.624498,1.9588342,0.21286249,0.0,0.0,2.27448E-4,1.6110872,60.51803,1.8923491,0.18078856,6.847618,14.548419,6.5881176,0.6077896,0.0,0.0,0.0,0.0,0.0,0.0,0.0,0.0,0.0,158.03644
4.0,4.0,8.2192523E-4,9.6220565E-6,2.0005575E-11,1.0931053E-8,0.0,0.0,0.0,0.0,0.0014242553,0.0,2.9671038E-4,4.2558015E-5,2.6358874E-4,2.0520762E-4,1.0084074E-5,0.0,0.0,0.0,0.0,0.0,0.0,0.0,0.0,0.0,0.0
4.0,6.0,2.8450778E-4,2.6624595E-5,6.024297E-7,3.290749E-5,0.0,0.0,1.3427305E-6,0.0,0.001317487,2.2765933E-5,5.3996703E-4,6.432196E-5,2.6967807E-4,5.105652E-4,2.1450265E-4,0.0,0.0,0.0,0.0,0.0,0.0,0.0,0.0,0.0,0.0
4.0,8.0,9.055203E-4,4.8130506E-4,2.6645936E-5,9.8164655E-6,0.0,0.0,2.4774765E-5,8.5784035E-5,0.0032018106,1.19382705E-4,8.5093826E-4,3.7713186E-4,2.0413741E-4,0.0014109404,3.6834358E-4,0.0,0.0,0.0,0.0,0.0,0.0,0.0,0.0,0.0,0.0
4.0,10.0,0.0019518229,3.8884245E-4,1.5492538E-5,2.3383675E-4,0.0,0.0,0.0,8.0604135E-5,0.0041930377,1.2646658E-5,0.0013729476,3.3941865E-4,1.9261545E-4,0.0023274168,6.069536E-4,0.0,0.0,0.0,0.0,0.0,0.0,0.0,0.0,0.0,0.0
4.0,12.0,0.0011011253,1.8045286E-4,2.9941436E-6,8.705894E-5,0.0,0.0,0.0,3.28485E-5,0.00318585,6.374849E-5,0.0010467428,1.7950938E-4,1.6316338E-4,0.0021597524,7.609834E-4,0.0,0.0,0.0,0.0,0.0,0.0,0.0,0.0,0.0,0.0
4.0,14.0,0.0013910475,2.8456614E-4,5.329059E-6,1.0508523E-4,0.0,0.0,5.126352E-5,9.636016E-5,0.0034271383,4.734433E-5,0.0011209679,3.4908077E-4,1.4666357E-4,0.0019318577,6.149575E-4,0.0,0.0,0.0,0.0,0.0,0.0,0.0,0.0,0.0,0.0
4.0,16.0,0.0012127286,3.820361E-4,2.3821747E-6,1.241683E-6,0.0,0.0,4.3042115E-11,1.04580846E-4,0.0031654132,5.2942763E-5,0.0010973379,1.11968344E-4,8.382043E-5,0.0013572762,5.3476205E-4,0.0,0.0,0.0,0.0,0.0,0.0,0.0,0.0,0.0,0.0
4.0,18.0,4.7731065E-4,1.9318491E-4,0.0,5.150948E-6,0.0,0.0,1.2349823E-5,1.12720576E-4,0.0019974082,3.5390814E-5,7.642482E-4,9.348109E-5,5.2638654E-5,0.0010345065,3.2811137E-4,0.0,0.0,0.0,0.0,0.0,0.0,0.0,0.0,0.0,0.0
4.0,20.0,4.0963478E-5,0.0,0.0,0.0,0.0,0.0,0.0,0.0,1.1046865E-5,0.0,3.976206E-5,2.5968839E-6,0.0,5.1947725E-5,2.7285994E-5,0.0,0.0,0.0,0.0,0.0,0.0,0.0,0.0,0.0,0.0
4.0,22.0,0.0,0.0,0.0,0.0,0.0,0.0,0.0,0.0,0.0,0.0,0.0,0.0,0.0,0.0,0.0,0.0,0.0,0.0,0.0,0.0,0.0,0.0,0.0,0.0,0.0
4.0,24.0,0.0,0.0,0.0,0.0,0.0,0.0,0.0,0.0,0.0,0.0,0.0,0.0,0.0,0.0,0.0,0.0,0.0,0.0,0.0,0.0,0.0,0.0,0.0,0.0,0.0
4.0,26.0,0.0,0.0,0.0,0.0,0.0,0.0,0.0,0.0,0.0,0.0,0.0,0.0,0.0,0.0,0.0,0.0,0.0,0.0,0.0,0.0,0.0,0.0,0.0,0.0,0.0
4.0,28.0,0.0,0.0,0.0,0.0,0.0,0.0,0.0,0.0,0.0,0.0,0.0,0.0,0.0,0.0,0.0,0.0,0.0,0.0,0.0,0.0,0.0,0.0,0.0,0.0,0.0
4.0,30.0,0.0,0.0,0.0,0.0,0.0,0.0,0.0,0.0,0.0,0.0,0.0,0.0,0.0,0.0,0.0,0.0,0.0,0.0,0.0,0.0,0.0,0.0,0.0,0.0,0.0
4.0,32.0,0.0,0.0,0.0,0.0,0.0,0.0,0.0,0.0,0.0,0.0,0.0,0.0,0.0,0.0,0.0,0.0,0.0,0.0,0.0,0.0,0.0,0.0,0.0,0.0,0.0
4.0,34.0,0.0,0.0,0.0,0.0,0.0,0.0,0.0,0.0,0.0,0.0,0.0,0.0,0.0,0.0,0.0,0.0,0.0,0.0,0.0,0.0,0.0,0.0,0.0,0.0,0.0
4.0,36.0,0.0,0.0,0.0,0.0,0.0,0.0,0.0,0.0,0.0,0.0,0.0,0.0,0.0,0.0,0.0,0.0,0.0,0.0,0.0,0.0,0.0,0.0,0.0,0.0,0.0
4.0,38.0,0.0,0.0,0.0,0.0,0.0,0.0,0.0,0.0,0.0,0.0,0.0,0.0,0.0,0.0,0.0,0.0,0.0,0.0,0.0,0.0,0.0,0.0,0.0,0.0,0.0
4.0,40.0,0.0,0.0,0.0,0.0,0.0,0.0,0.0,0.0,0.0,0.0,0.0,0.0,0.0,0.0,0.0,0.0,0.0,0.0,0.0,0.0,0.0,0.0,0.0,0.0,0.0
5.0,0.0,8.517886,8.338483,11.023778,1.2366195,0.0,0.0,0.0015488797,1.398713,102.6496,3.334452,0.22877797,6.091287,78.25402,42.69941,0.32445025,0.0,0.0,3.4739674E-5,0.14865391,5.0576525,0.6200148,13.193217,0.3940669,9.040882,1847.423
5.0,2.0,21.416193,4.167884,1.3621192,0.2734089,0.0,0.0,0.0062494962,0.48503575,49.443142,4.709507,0.24827345,2.9528809,18.489872,7.307586,3.035038,0.0,0.0,0.0,0.0,0.0,0.0,0.0,0.0,0.0,120.32386
5.0,4.0,5.5756235,4.862161,0.116609074,0.3736493,0.0,0.0,0.0038931048,0.92688483,17.551746,0.60238177,0.094251595,0.7439382,3.420336,2.5017848,3.0613272,0.0,0.0,0.0,0.0,0.0,0.0,0.0,0.0,0.0,25.027613
5.0,6.0,0.0,0.0,0.0,0.0,0.0,0.0,0.0,0.0,0.0,0.0,0.0,0.0,0.0,0.0,0.0,0.0,0.0,0.0,0.0,0.0,0.0,0.0,0.0,0.0,0.0
5.0,8.0,0.0,0.0,0.0,0.0,0.0,0.0,0.0,0.0,2.0137797E-5,0.0,4.6369382E-6,0.0,0.0,8.135117E-6,0.0,0.0,0.0,0.0,0.0,0.0,0.0,0.0,0.0,0.0,0.0
5.0,10.0,6.397959E-5,1.5342064E-5,1.6655429E-6,9.824523E-9,0.0,0.0,7.852151E-6,0.0,1.0850317E-4,7.386749E-6,2.3941766E-5,3.4058135E-5,1.874743E-5,6.221691E-5,7.262186E-6,0.0,0.0,0.0,0.0,0.0,0.0,0.0,0.0,0.0,0.0
5.0,12.0,1.2218178E-5,0.0,0.0,1.4983351E-7,0.0,0.0,0.0,3.967562E-6,0.0,0.0,4.9345413E-8,0.0,0.0,0.0,0.0,0.0,0.0,0.0,0.0,0.0,0.0,0.0,0.0,0.0,0.0
5.0,14.0,1.5159755E-4,1.2872461E-5,1.4383147E-5,0.0,0.0,0.0,0.0,0.0,1.1575405E-4,0.0,8.1180406E-7,2.8119812E-6,1.3487629E-6,1.0921214E-5,3.0188949E-5,0.0,0.0,0.0,0.0,0.0,0.0,0.0,0.0,0.0,0.0
5.0,16.0,6.954893E-5,1.4680528E-5,0.0,0.0,0.0,0.0,0.0,1.1895943E-5,1.2641035E-4,3.540606E-11,4.6262317E-5,1.3954462E-11,1.1014907E-9,2.4156785E-5,1.8796867E-5,0.0,0.0,0.0,0.0,0.0,0.0,0.0,0.0,0.0,0.0
5.0,18.0,1.5087108E-5,1.0740807E-5,0.0,2.8188602E-8,0.0,0.0,0.0,0.0,9.445293E-6,2.0242623E-10,1.0018143E-5,0.0,3.345599E-7,0.0,7.0447986E-6,0.0,0.0,0.0,0.0,0.0,0.0,0.0,0.0,0.0,0.0
5.0,20.0,0.0,0.0,0.0,0.0,0.0,0.0,0.0,0.0,0.0,0.0,0.0,0.0,0.0,0.0,0.0,0.0,0.0,0.0,0.0,0.0,0.0,0.0,0.0,0.0,0.0
5.0,22.0,0.0,0.0,0.0,0.0,0.0,0.0,0.0,0.0,0.0,0.0,0.0,0.0,0.0,0.0,0.0,0.0,0.0,0.0,0.0,0.0,0.0,0.0,0.0,0.0,0.0
5.0,24.0,0.0,0.0,0.0,0.0,0.0,0.0,0.0,0.0,0.0,0.0,0.0,0.0,0.0,0.0,0.0,0.0,0.0,0.0,0.0,0.0,0.0,0.0,0.0,0.0,0.0
5.0,26.0,0.0,0.0,0.0,0.0,0.0,0.0,0.0,0.0,0.0,0.0,0.0,0.0,0.0,0.0,0.0,0.0,0.0,0.0,0.0,0.0,0.0,0.0,0.0,0.0,0.0
5.0,28.0,0.0,0.0,0.0,0.0,0.0,0.0,0.0,0.0,0.0,0.0,0.0,0.0,0.0,0.0,0.0,0.0,0.0,0.0,0.0,0.0,0.0,0.0,0.0,0.0,0.0
5.0,30.0,0.0,0.0,0.0,0.0,0.0,0.0,0.0,0.0,0.0,0.0,0.0,0.0,0.0,0.0,0.0,0.0,0.0,0.0,0.0,0.0,0.0,0.0,0.0,0.0,0.0
5.0,32.0,0.0,0.0,0.0,0.0,0.0,0.0,0.0,0.0,0.0,0.0,0.0,0.0,0.0,0.0,0.0,0.0,0.0,0.0,0.0,0.0,0.0,0.0,0.0,0.0,0.0
5.0,34.0,0.0,0.0,0.0,0.0,0.0,0.0,0.0,0.0,0.0,0.0,0.0,0.0,0.0,0.0,0.0,0.0,0.0,0.0,0.0,0.0,0.0,0.0,0.0,0.0,0.0
5.0,36.0,0.0,0.0,0.0,0.0,0.0,0.0,0.0,0.0,0.0,0.0,0.0,0.0,0.0,0.0,0.0,0.0,0.0,0.0,0.0,0.0,0.0,0.0,0.0,0.0,0.0
5.0,38.0,0.0,0.0,0.0,0.0,0.0,0.0,0.0,0.0,0.0,0.0,0.0,0.0,0.0,0.0,0.0,0.0,0.0,0.0,0.0,0.0,0.0,0.0,0.0,0.0,0.0
5.0,40.0,0.0,0.0,0.0,0.0,0.0,0.0,0.0,0.0,0.0,0.0,0.0,0.0,0.0,0.0,0.0,0.0,0.0,0.0,0.0,0.0,0.0,0.0,0.0,0.0,0.0
6.0,0.0,50.08784,8.138628,12.555296,1.3478822,0.0,0.0,0.0028218422,1.9563899,125.81932,12.556949,0.42186445,8.877961,106.96747,95.7837,3.649629,0.0,0.0,9.684018E-5,0.10135268,3.8313973,0.5539566,10.302296,0.31644842,7.6542296,1940.6119
6.0,2.0,42.13881,19.468504,10.301517,0.32044578,0.0,0.0,0.11002037,2.4275339,90.9021,2.2643945,0.58989567,11.296295,63.375378,17.430523,1.7087097,0.0,0.0,0.0,0.0,0.0,0.0,0.0,0.0,0.0,350.63928
6.0,4.0,8.233438,4.9996567,2.2224233,1.2943959,0.0,0.0,0.026625182,1.9127213,23.848328,2.3869534,0.11318107,1.3737806,5.3194227,4.301827,1.7996925,0.0,0.0,0.0,0.0,0.0,0.0,0.0,0.0,0.0,42.625782
6.0,6.0,0.0,0.0,0.0,0.0,0.0,0.0,0.0,0.0,0.0,0.0,0.0,0.0,0.0,0.0,0.0,0.0,0.0,0.0,0.0,0.0,0.0,0.0,0.0,0.0,0.0
6.0,8.0,0.0,0.0,0.0,0.0,0.0,0.0,0.0,0.0,0.0,0.0,0.0,0.0,0.0,0.0,0.0,0.0,0.0,0.0,0.0,0.0,0.0,0.0,0.0,0.0,0.0
6.0,10.0,0.0,0.0,0.0,0.0,0.0,0.0,0.0,0.0,0.0,0.0,0.0,0.0,0.0,0.0,0.0,0.0,0.0,0.0,0.0,0.0,0.0,0.0,0.0,0.0,0.0
6.0,12.0,0.0,0.0,0.0,0.0,0.0,0.0,0.0,0.0,0.0,0.0,0.0,0.0,0.0,0.0,0.0,0.0,0.0,0.0,0.0,0.0,0.0,0.0,0.0,0.0,0.0
6.0,14.0,0.0,0.0,0.0,0.0,0.0,0.0,0.0,0.0,0.0,0.0,0.0,0.0,0.0,0.0,0.0,0.0,0.0,0.0,0.0,0.0,0.0,0.0,0.0,0.0,0.0
6.0,16.0,0.0,0.0,0.0,0.0,0.0,0.0,0.0,0.0,0.0,0.0,0.0,0.0,0.0,0.0,0.0,0.0,0.0,0.0,0.0,0.0,0.0,0.0,0.0,0.0,0.0
6.0,18.0,0.0,0.0,0.0,0.0,0.0,0.0,0.0,0.0,0.0,0.0,0.0,0.0,0.0,0.0,0.0,0.0,0.0,0.0,0.0,0.0,0.0,0.0,0.0,0.0,0.0
6.0,20.0,0.0,0.0,0.0,0.0,0.0,0.0,0.0,0.0,0.0,0.0,0.0,0.0,0.0,0.0,0.0,0.0,0.0,0.0,0.0,0.0,0.0,0.0,0.0,0.0,0.0
6.0,22.0,0.0,0.0,0.0,0.0,0.0,0.0,0.0,0.0,0.0,0.0,0.0,0.0,0.0,0.0,0.0,0.0,0.0,0.0,0.0,0.0,0.0,0.0,0.0,0.0,0.0
6.0,24.0,0.0,0.0,0.0,0.0,0.0,0.0,0.0,0.0,0.0,0.0,0.0,0.0,0.0,0.0,0.0,0.0,0.0,0.0,0.0,0.0,0.0,0.0,0.0,0.0,0.0
6.0,26.0,0.0,0.0,0.0,0.0,0.0,0.0,0.0,0.0,0.0,0.0,0.0,0.0,0.0,0.0,0.0,0.0,0.0,0.0,0.0,0.0,0.0,0.0,0.0,0.0,0.0
6.0,28.0,0.0,0.0,0.0,0.0,0.0,0.0,0.0,0.0,0.0,0.0,0.0,0.0,0.0,0.0,0.0,0.0,0.0,0.0,0.0,0.0,0.0,0.0,0.0,0.0,0.0
6.0,30.0,0.0,0.0,0.0,0.0,0.0,0.0,0.0,0.0,0.0,0.0,0.0,0.0,0.0,0.0,0.0,0.0,0.0,0.0,0.0,0.0,0.0,0.0,0.0,0.0,0.0
6.0,32.0,0.0,0.0,0.0,0.0,0.0,0.0,0.0,0.0,0.0,0.0,0.0,0.0,0.0,0.0,0.0,0.0,0.0,0.0,0.0,0.0,0.0,0.0,0.0,0.0,0.0
6.0,34.0,0.0,0.0,0.0,0.0,0.0,0.0,0.0,0.0,0.0,0.0,0.0,0.0,0.0,0.0,0.0,0.0,0.0,0.0,0.0,0.0,0.0,0.0,0.0,0.0,0.0
6.0,36.0,0.0,0.0,0.0,0.0,0.0,0.0,0.0,0.0,0.0,0.0,0.0,0.0,0.0,0.0,0.0,0.0,0.0,0.0,0.0,0.0,0.0,0.0,0.0,0.0,0.0
6.0,38.0,0.0,0.0,0.0,0.0,0.0,0.0,0.0,0.0,0.0,0.0,0.0,0.0,0.0,0.0,0.0,0.0,0.0,0.0,0.0,0.0,0.0,0.0,0.0,0.0,0.0
6.0,40.0,0.0,0.0,0.0,0.0,0.0,0.0,0.0,0.0,0.0,0.0,0.0,0.0,0.0,0.0,0.0,0.0,0.0,0.0,0.0,0.0,0.0,0.0,0.0,0.0,0.0
7.0,0.0,47.69631,10.313702,15.178235,1.6339389,0.0,0.0,0.0031587323,0.5150072,115.31809,1.7156729,0.3889105,4.395378,76.10489,80.27644,2.4729013,0.0,0.0,1.6101524E-4,0.2870099,9.999161,1.2961414,25.753014,0.8204481,19.113956,2512.7703
7.0,2.0,129.78726,48.21479,9.532538,1.8605692,0.0,0.0,0.050488003,2.5696433,182.50824,3.4283855,0.8556479,19.280449,99.25679,56.417774,6.7404113,0.0,0.0,0.0,0.0,0.0,0.0,0.0,0.0,0.0,643.4233
7.0,4.0,6.3537045,2.623708,0.10257073,0.15985449,0.0,0.0,0.0028315848,0.9441986,14.771624,0.6741549,0.012052787,0.8905878,3.835276,3.848116,0.8625891,0.0,0.0,0.0,0.0,0.0,0.0,0.0,0.0,0.0,26.151936
7.0,6.0,1.6006812,1.2097086,0.053724855,0.23177889,0.0,0.0,0.0,0.076082535,1.7688161,0.074251674,1.2529713E-4,0.047260486,0.40434983,0.46181834,0.025406461,0.0,0.0,0.0,0.0,0.0,0.0,0.0,0.0,0.0,0.7070502
7.0,8.0,0.0,0.0,0.0,0.0,0.0,0.0,0.0,0.0,0.0,0.0,0.0,0.0,0.0,0.0,0.0,0.0,0.0,0.0,0.0,0.0,0.0,0.0,0.0,0.0,0.0
7.0,10.0,0.0,0.0,0.0,0.0,0.0,0.0,0.0,0.0,0.0,0.0,0.0,0.0,0.0,0.0,0.0,0.0,0.0,0.0,0.0,0.0,0.0,0.0,0.0,0.0,0.0
7.0,12.0,0.0,0.0,0.0,0.0,0.0,0.0,0.0,0.0,0.0,0.0,0.0,0.0,0.0,0.0,0.0,0.0,0.0,0.0,0.0,0.0,0.0,0.0,0.0,0.0,0.0
7.0,14.0,0.0,0.0,0.0,0.0,0.0,0.0,0.0,0.0,0.0,0.0,0.0,0.0,0.0,0.0,0.0,0.0,0.0,0.0,0.0,0.0,0.0,0.0,0.0,0.0,0.0
7.0,16.0,0.0,0.0,0.0,0.0,0.0,0.0,0.0,0.0,0.0,0.0,0.0,0.0,0.0,0.0,0.0,0.0,0.0,0.0,0.0,0.0,0.0,0.0,0.0,0.0,0.0
7.0,18.0,0.0,0.0,0.0,0.0,0.0,0.0,0.0,0.0,0.0,0.0,0.0,0.0,0.0,0.0,0.0,0.0,0.0,0.0,0.0,0.0,0.0,0.0,0.0,0.0,0.0
7.0,20.0,0.0,0.0,0.0,0.0,0.0,0.0,0.0,0.0,0.0,0.0,0.0,0.0,0.0,0.0,0.0,0.0,0.0,0.0,0.0,0.0,0.0,0.0,0.0,0.0,0.0
7.0,22.0,0.0,0.0,0.0,0.0,0.0,0.0,0.0,0.0,0.0,0.0,0.0,0.0,0.0,0.0,0.0,0.0,0.0,0.0,0.0,0.0,0.0,0.0,0.0,0.0,0.0
7.0,24.0,0.0,0.0,0.0,0.0,0.0,0.0,0.0,0.0,0.0,0.0,0.0,0.0,0.0,0.0,0.0,0.0,0.0,0.0,0.0,0.0,0.0,0.0,0.0,0.0,0.0
7.0,26.0,0.0,0.0,0.0,0.0,0.0,0.0,0.0,0.0,0.0,0.0,0.0,0.0,0.0,0.0,0.0,0.0,0.0,0.0,0.0,0.0,0.0,0.0,0.0,0.0,0.0
7.0,28.0,0.0,0.0,0.0,0.0,0.0,0.0,0.0,0.0,0.0,0.0,0.0,0.0,0.0,0.0,0.0,0.0,0.0,0.0,0.0,0.0,0.0,0.0,0.0,0.0,0.0
7.0,30.0,0.0,0.0,0.0,0.0,0.0,0.0,0.0,0.0,0.0,0.0,0.0,0.0,0.0,0.0,0.0,0.0,0.0,0.0,0.0,0.0,0.0,0.0,0.0,0.0,0.0
7.0,32.0,0.0,0.0,0.0,0.0,0.0,0.0,0.0,0.0,0.0,0.0,0.0,0.0,0.0,0.0,0.0,0.0,0.0,0.0,0.0,0.0,0.0,0.0,0.0,0.0,0.0
7.0,34.0,0.0,0.0,0.0,0.0,0.0,0.0,0.0,0.0,0.0,0.0,0.0,0.0,0.0,0.0,0.0,0.0,0.0,0.0,0.0,0.0,0.0,0.0,0.0,0.0,0.0
7.0,36.0,0.0,0.0,0.0,0.0,0.0,0.0,0.0,0.0,0.0,0.0,0.0,0.0,0.0,0.0,0.0,0.0,0.0,0.0,0.0,0.0,0.0,0.0,0.0,0.0,0.0
7.0,38.0,0.0,0.0,0.0,0.0,0.0,0.0,0.0,0.0,0.0,0.0,0.0,0.0,0.0,0.0,0.0,0.0,0.0,0.0,0.0,0.0,0.0,0.0,0.0,0.0,0.0
7.0,40.0,0.0,0.0,0.0,0.0,0.0,0.0,0.0,0.0,0.0,0.0,0.0,0.0,0.0,0.0,0.0,0.0,0.0,0.0,0.0,0.0,0.0,0.0,0.0,0.0,0.0
8.0,0.0,74.76314,14.997727,21.458464,3.90017,0.0,0.0,0.011052746,0.66839284,130.75334,3.7737174,0.552423,6.079761,102.203636,107.47989,1.7884305,0.0,0.0,1.9273654E-4,0.3552812,13.853085,1.727217,34.04373,1.0713499,25.475552,3280.2524
8.0,2.0,109.13227,51.420223,12.622245,4.794435,0.0,0.0,0.07124252,2.2132201,219.29393,13.483494,1.0407876,14.998683,93.83772,46.172726,3.9329014,0.0,0.0,0.0,0.0,0.0,0.0,0.0,0.0,0.0,666.7
8.0,4.0,28.04543,19.188025,0.36720124,1.517136,0.0,0.0,0.009404786,0.09108539,49.065666,1.1405311,0.19574177,4.5876694,12.737339,6.9496484,2.1880221,0.0,0.0,0.0,0.0,0.0,0.0,0.0,0.0,0.0,108.98566
8.0,6.0,0.7223469,0.52494085,0.052735504,0.1116757,0.0,0.0,0.0020510047,0.03502586,2.398995,0.18273723,0.0030529036,0.13427073,0.17995483,0.4761489,0.11748227,0.0,0.0,0.0,0.0,0.0,0.0,0.0,0.0,0.0,0.80476123
8.0,8.0,0.0,0.0,0.0,0.0,0.0,0.0,0.0,0.0,0.0,0.0,0.0,0.0,0.0,0.0,0.0,0.0,0.0,0.0,0.0,0.0,0.0,0.0,0.0,0.0,0.0
8.0,10.0,0.0,0.0,0.0,0.0,0.0,0.0,0.0,0.0,0.0,0.0,0.0,0.0,0.0,0.0,0.0,0.0,0.0,0.0,0.0,0.0,0.0,0.0,0.0,0.0,0.0
8.0,12.0,0.0,0.0,0.0,0.0,0.0,0.0,0.0,0.0,0.0,0.0,0.0,0.0,0.0,0.0,0.0,0.0,0.0,0.0,0.0,0.0,0.0,0.0,0.0,0.0,0.0
8.0,14.0,0.0,0.0,0.0,0.0,0.0,0.0,0.0,0.0,0.0,0.0,0.0,0.0,0.0,0.0,0.0,0.0,0.0,0.0,0.0,0.0,0.0,0.0,0.0,0.0,0.0
8.0,16.0,0.0,0.0,0.0,0.0,0.0,0.0,0.0,0.0,0.0,0.0,0.0,0.0,0.0,0.0,0.0,0.0,0.0,0.0,0.0,0.0,0.0,0.0,0.0,0.0,0.0
8.0,18.0,0.0,0.0,0.0,0.0,0.0,0.0,0.0,0.0,0.0,0.0,0.0,0.0,0.0,0.0,0.0,0.0,0.0,0.0,0.0,0.0,0.0,0.0,0.0,0.0,0.0
8.0,20.0,0.0,0.0,0.0,0.0,0.0,0.0,0.0,0.0,0.0,0.0,0.0,0.0,0.0,0.0,0.0,0.0,0.0,0.0,0.0,0.0,0.0,0.0,0.0,0.0,0.0
8.0,22.0,0.0,0.0,0.0,0.0,0.0,0.0,0.0,0.0,0.0,0.0,0.0,0.0,0.0,0.0,0.0,0.0,0.0,0.0,0.0,0.0,0.0,0.0,0.0,0.0,0.0
8.0,24.0,0.0,0.0,0.0,0.0,0.0,0.0,0.0,0.0,0.0,0.0,0.0,0.0,0.0,0.0,0.0,0.0,0.0,0.0,0.0,0.0,0.0,0.0,0.0,0.0,0.0
8.0,26.0,0.0,0.0,0.0,0.0,0.0,0.0,0.0,0.0,0.0,0.0,0.0,0.0,0.0,0.0,0.0,0.0,0.0,0.0,0.0,0.0,0.0,0.0,0.0,0.0,0.0
8.0,28.0,0.0,0.0,0.0,0.0,0.0,0.0,0.0,0.0,0.0,0.0,0.0,0.0,0.0,0.0,0.0,0.0,0.0,0.0,0.0,0.0,0.0,0.0,0.0,0.0,0.0
8.0,30.0,0.0,0.0,0.0,0.0,0.0,0.0,0.0,0.0,0.0,0.0,0.0,0.0,0.0,0.0,0.0,0.0,0.0,0.0,0.0,0.0,0.0,0.0,0.0,0.0,0.0
8.0,32.0,0.0,0.0,0.0,0.0,0.0,0.0,0.0,0.0,0.0,0.0,0.0,0.0,0.0,0.0,0.0,0.0,0.0,0.0,0.0,0.0,0.0,0.0,0.0,0.0,0.0
8.0,34.0,0.0,0.0,0.0,0.0,0.0,0.0,0.0,0.0,0.0,0.0,0.0,0.0,0.0,0.0,0.0,0.0,0.0,0.0,0.0,0.0,0.0,0.0,0.0,0.0,0.0
8.0,36.0,0.0,0.0,0.0,0.0,0.0,0.0,0.0,0.0,0.0,0.0,0.0,0.0,0.0,0.0,0.0,0.0,0.0,0.0,0.0,0.0,0.0,0.0,0.0,0.0,0.0
8.0,38.0,0.0,0.0,0.0,0.0,0.0,0.0,0.0,0.0,0.0,0.0,0.0,0.0,0.0,0.0,0.0,0.0,0.0,0.0,0.0,0.0,0.0,0.0,0.0,0.0,0.0
8.0,40.0,0.0,0.0,0.0,0.0,0.0,0.0,0.0,0.0,0.0,0.0,0.0,0.0,0.0,0.0,0.0,0.0,0.0,0.0,0.0,0.0,0.0,0.0,0.0,0.0,0.0
9.0,0.0,101.99497,8.010727,14.994578,4.3390884,0.0,0.0,0.007035757,1.2380002,179.80739,14.985684,0.64852697,13.938285,107.86666,128.84647,3.2580805,0.0,0.0,3.8110063E-4,0.45790234,17.215408,2.16359,42.735172,1.3386029,32.459663,3623.8394
9.0,2.0,156.4749,47.17732,15.314458,2.7434452,0.0,0.0,0.008813193,1.462548,251.46994,25.874018,1.1169088,21.753654,94.064896,59.253986,2.8582451,0.0,0.0,0.0,0.0,0.0,0.0,0.0,0.0,0.0,807.1999
9.0,4.0,49.06207,20.176882,1.9952931,2.8148873,0.0,0.0,0.083435625,1.7628181,95.79821,10.071121,0.467987,6.196594,25.77658,19.260849,3.7100174,0.0,0.0,0.0,0.0,0.0,0.0,0.0,0.0,0.0,184.49144
9.0,6.0,0.26504138,0.31414926,0.016861297,0.01878891,0.0,0.0,9.7228E-4,0.018176615,1.0579444,0.11641141,0.0078132665,0.041987482,0.099037334,0.508658,0.098847464,0.0,0.0,0.0,0.0,0.0,0.0,0.0,0.0,0.0,0.29277065
9.0,8.0,0.0063234237,0.0071070483,2.5184158E-6,0.0010457492,0.0,0.0,0.0,0.0040264144,0.020108636,0.012230144,0.003351158,0.002611467,0.002983134,0.0074886126,0.012063849,0.0,0.0,0.0,0.0,0.0,0.0,0.0,0.0,0.0,0.0
9.0,10.0,0.0,0.0,0.0,0.0,0.0,0.0,0.0,0.0,0.0,0.0,0.0,0.0,0.0,0.0,0.0,0.0,0.0,0.0,0.0,0.0,0.0,0.0,0.0,0.0,0.0
9.0,12.0,0.0,0.0,0.0,0.0,0.0,0.0,0.0,0.0,0.0,0.0,0.0,0.0,0.0,0.0,0.0,0.0,0.0,0.0,0.0,0.0,0.0,0.0,0.0,0.0,0.0
9.0,14.0,0.0,0.0,0.0,0.0,0.0,0.0,0.0,0.0,0.0,0.0,0.0,0.0,0.0,0.0,0.0,0.0,0.0,0.0,0.0,0.0,0.0,0.0,0.0,0.0,0.0
9.0,16.0,0.0,0.0,0.0,0.0,0.0,0.0,0.0,0.0,0.0,0.0,0.0,0.0,0.0,0.0,0.0,0.0,0.0,0.0,0.0,0.0,0.0,0.0,0.0,0.0,0.0
9.0,18.0,0.0,0.0,0.0,0.0,0.0,0.0,0.0,0.0,0.0,0.0,0.0,0.0,0.0,0.0,0.0,0.0,0.0,0.0,0.0,0.0,0.0,0.0,0.0,0.0,0.0
9.0,20.0,0.0,0.0,0.0,0.0,0.0,0.0,0.0,0.0,0.0,0.0,0.0,0.0,0.0,0.0,0.0,0.0,0.0,0.0,0.0,0.0,0.0,0.0,0.0,0.0,0.0
9.0,22.0,0.0,0.0,0.0,0.0,0.0,0.0,0.0,0.0,0.0,0.0,0.0,0.0,0.0,0.0,0.0,0.0,0.0,0.0,0.0,0.0,0.0,0.0,0.0,0.0,0.0
9.0,24.0,0.0,0.0,0.0,0.0,0.0,0.0,0.0,0.0,0.0,0.0,0.0,0.0,0.0,0.0,0.0,0.0,0.0,0.0,0.0,0.0,0.0,0.0,0.0,0.0,0.0
9.0,26.0,0.0,0.0,0.0,0.0,0.0,0.0,0.0,0.0,0.0,0.0,0.0,0.0,0.0,0.0,0.0,0.0,0.0,0.0,0.0,0.0,0.0,0.0,0.0,0.0,0.0
9.0,28.0,0.0,0.0,0.0,0.0,0.0,0.0,0.0,0.0,0.0,0.0,0.0,0.0,0.0,0.0,0.0,0.0,0.0,0.0,0.0,0.0,0.0,0.0,0.0,0.0,0.0
9.0,30.0,0.0,0.0,0.0,0.0,0.0,0.0,0.0,0.0,0.0,0.0,0.0,0.0,0.0,0.0,0.0,0.0,0.0,0.0,0.0,0.0,0.0,0.0,0.0,0.0,0.0
9.0,32.0,0.0,0.0,0.0,0.0,0.0,0.0,0.0,0.0,0.0,0.0,0.0,0.0,0.0,0.0,0.0,0.0,0.0,0.0,0.0,0.0,0.0,0.0,0.0,0.0,0.0
9.0,34.0,0.0,0.0,0.0,0.0,0.0,0.0,0.0,0.0,0.0,0.0,0.0,0.0,0.0,0.0,0.0,0.0,0.0,0.0,0.0,0.0,0.0,0.0,0.0,0.0,0.0
9.0,36.0,0.0,0.0,0.0,0.0,0.0,0.0,0.0,0.0,0.0,0.0,0.0,0.0,0.0,0.0,0.0,0.0,0.0,0.0,0.0,0.0,0.0,0.0,0.0,0.0,0.0
9.0,38.0,0.0,0.0,0.0,0.0,0.0,0.0,0.0,0.0,0.0,0.0,0.0,0.0,0.0,0.0,0.0,0.0,0.0,0.0,0.0,0.0,0.0,0.0,0.0,0.0,0.0
9.0,40.0,0.0,0.0,0.0,0.0,0.0,0.0,0.0,0.0,0.0,0.0,0.0,0.0,0.0,0.0,0.0,0.0,0.0,0.0,0.0,0.0,0.0,0.0,0.0,0.0,0.0
10.0,0.0,80.21595,10.057522,15.420438,2.0120332,0.0,0.0,0.04538432,0.87902,133.8308,9.727289,0.5201858,6.095255,80.94165,64.58737,2.8963263,0.0,0.0,6.157978E-4,0.6136362,22.883171,2.9611459,56.215847,1.7132798,42.913483,3127.7192
10.0,2.0,228.67107,65.97249,21.169182,3.2233582,0.0,0.0,0.24144535,2.1408105,327.6262,25.502153,1.5116308,19.895538,131.24384,43.69913,9.14579,0.0,0.0,0.0,0.0,0.0,0.0,0.0,0.0,0.0,1032.1351
10.0,4.0,46.351524,25.042995,1.5034387,3.506106,0.0,0.0,6.82387E-5,0.93924475,100.84727,7.5500364,0.48726696,7.3851247,19.107912,15.788161,3.0742283,0.0,0.0,0.0,0.0,0.0,0.0,0.0,0.0,0.0,175.06075
10.0,6.0,3.1345537,3.121305,0.05282318,0.0765331,0.0,0.0,2.0052023E-5,0.8032938,8.995843,0.07600409,0.011712604,0.532806,2.1242266,2.3260944,0.66058856,0.0,0.0,0.0,0.0,0.0,0.0,0.0,0.0,0.0,8.475687
10.0,8.0,0.008767726,0.001585262,0.007890908,0.007940966,0.0,0.0,1.2930828E-6,8.1712846E-4,0.04384616,0.00534175,0.0031928169,0.0020502605,0.006301736,0.0044406755,0.011116707,0.0,0.0,0.0,0.0,0.0,0.0,0.0,0.0,0.0,0.0
10.0,10.0,0.0,0.0,0.0,0.0,0.0,0.0,0.0,0.0,0.0,0.0,0.0,0.0,0.0,0.0,0.0,0.0,0.0,0.0,0.0,0.0,0.0,0.0,0.0,0.0,0.0
10.0,12.0,0.0,0.0,0.0,0.0,0.0,0.0,0.0,0.0,0.0,0.0,0.0,0.0,0.0,0.0,0.0,0.0,0.0,0.0,0.0,0.0,0.0,0.0,0.0,0.0,0.0
10.0,14.0,0.0,0.0,0.0,0.0,0.0,0.0,0.0,0.0,0.0,0.0,0.0,0.0,0.0,0.0,0.0,0.0,0.0,0.0,0.0,0.0,0.0,0.0,0.0,0.0,0.0
10.0,16.0,0.0,0.0,0.0,0.0,0.0,0.0,0.0,0.0,0.0,0.0,0.0,0.0,0.0,0.0,0.0,0.0,0.0,0.0,0.0,0.0,0.0,0.0,0.0,0.0,0.0
10.0,18.0,0.0,0.0,0.0,0.0,0.0,0.0,0.0,0.0,0.0,0.0,0.0,0.0,0.0,0.0,0.0,0.0,0.0,0.0,0.0,0.0,0.0,0.0,0.0,0.0,0.0
10.0,20.0,0.0,0.0,0.0,0.0,0.0,0.0,0.0,0.0,0.0,0.0,0.0,0.0,0.0,0.0,0.0,0.0,0.0,0.0,0.0,0.0,0.0,0.0,0.0,0.0,0.0
10.0,22.0,0.0,0.0,0.0,0.0,0.0,0.0,0.0,0.0,0.0,0.0,0.0,0.0,0.0,0.0,0.0,0.0,0.0,0.0,0.0,0.0,0.0,0.0,0.0,0.0,0.0
10.0,24.0,0.0,0.0,0.0,0.0,0.0,0.0,0.0,0.0,0.0,0.0,0.0,0.0,0.0,0.0,0.0,0.0,0.0,0.0,0.0,0.0,0.0,0.0,0.0,0.0,0.0
10.0,26.0,0.0,0.0,0.0,0.0,0.0,0.0,0.0,0.0,0.0,0.0,0.0,0.0,0.0,0.0,0.0,0.0,0.0,0.0,0.0,0.0,0.0,0.0,0.0,0.0,0.0
10.0,28.0,0.0,0.0,0.0,0.0,0.0,0.0,0.0,0.0,0.0,0.0,0.0,0.0,0.0,0.0,0.0,0.0,0.0,0.0,0.0,0.0,0.0,0.0,0.0,0.0,0.0
10.0,30.0,0.0,0.0,0.0,0.0,0.0,0.0,0.0,0.0,0.0,0.0,0.0,0.0,0.0,0.0,0.0,0.0,0.0,0.0,0.0,0.0,0.0,0.0,0.0,0.0,0.0
10.0,32.0,0.0,0.0,0.0,0.0,0.0,0.0,0.0,0.0,0.0,0.0,0.0,0.0,0.0,0.0,0.0,0.0,0.0,0.0,0.0,0.0,0.0,0.0,0.0,0.0,0.0
10.0,34.0,0.0,0.0,0.0,0.0,0.0,0.0,0.0,0.0,0.0,0.0,0.0,0.0,0.0,0.0,0.0,0.0,0.0,0.0,0.0,0.0,0.0,0.0,0.0,0.0,0.0
10.0,36.0,0.0,0.0,0.0,0.0,0.0,0.0,0.0,0.0,0.0,0.0,0.0,0.0,0.0,0.0,0.0,0.0,0.0,0.0,0.0,0.0,0.0,0.0,0.0,0.0,0.0
10.0,38.0,0.0,0.0,0.0,0.0,0.0,0.0,0.0,0.0,0.0,0.0,0.0,0.0,0.0,0.0,0.0,0.0,0.0,0.0,0.0,0.0,0.0,0.0,0.0,0.0,0.0
10.0,40.0,0.0,0.0,0.0,0.0,0.0,0.0,0.0,0.0,0.0,0.0,0.0,0.0,0.0,0.0,0.0,0.0,0.0,0.0,0.0,0.0,0.0,0.0,0.0,0.0,0.0
11.0,0.0,53.72161,4.844924,18.222485,3.0598657,0.0,0.0,0.0051965415,0.6016711,114.11375,2.6360762,0.22380546,5.8781857,86.16386,90.145485,4.0180254,0.0,0.0,0.0010173304,0.73352045,25.98699,3.2003365,64.05639,2.0070314,47.56675,3137.372
11.0,2.0,192.30722,47.001266,24.925856,4.854127,0.0,0.0,0.089041956,3.0848217,281.6362,13.5882845,1.5934871,23.212479,108.92586,85.942375,19.741552,0.0,0.0,0.0,0.0,0.0,0.0,0.0,0.0,0.0,925.9067
11.0,4.0,63.698284,18.532377,2.2080896,2.7023625,0.0,0.0,0.01123022,3.2285028,106.23532,4.063897,0.5411608,14.241946,27.554703,24.170385,4.0669365,0.0,0.0,0.0,0.0,0.0,0.0,0.0,0.0,0.0,241.10138
11.0,6.0,4.3002067,2.859911,0.6760185,0.24830675,0.0,0.0,0.00361977,0.47092018,9.203952,1.1043206,0.019740067,0.81668967,1.7808181,3.674688,1.280329,0.0,0.0,0.0,0.0,0.0,0.0,0.0,0.0,0.0,9.060237
11.0,8.0,0.009694725,6.0624396E-4,5.0755716E-6,0.0017379675,0.0,0.0,0.0,2.2884194E-6,0.025954826,0.0063771307,0.013228083,6.9670455E-4,7.246267E-4,0.001738941,3.62694E-5,0.0,0.0,0.0,0.0,0.0,0.0,0.0,0.0,0.0,0.0
11.0,10.0,1.15641924E-4,1.3658541E-4,0.0,7.116113E-5,0.0,0.0,0.0,2.3421231E-5,3.4737788E-4,3.3172735E-5,3.858975E-4,5.8117334E-6,3.355306E-5,7.574562E-5,0.0,0.0,0.0,0.0,0.0,0.0,0.0,0.0,0.0,0.0,0.0
11.0,12.0,0.0,0.0,0.0,0.0,0.0,0.0,0.0,0.0,0.0,0.0,0.0,0.0,0.0,0.0,0.0,0.0,0.0,0.0,0.0,0.0,0.0,0.0,0.0,0.0,0.0
11.0,14.0,0.0,0.0,0.0,0.0,0.0,0.0,0.0,0.0,0.0,0.0,0.0,0.0,0.0,0.0,0.0,0.0,0.0,0.0,0.0,0.0,0.0,0.0,0.0,0.0,0.0
11.0,16.0,0.0,0.0,0.0,0.0,0.0,0.0,0.0,0.0,0.0,0.0,0.0,0.0,0.0,0.0,0.0,0.0,0.0,0.0,0.0,0.0,0.0,0.0,0.0,0.0,0.0
11.0,18.0,0.0,0.0,0.0,0.0,0.0,0.0,0.0,0.0,0.0,0.0,0.0,0.0,0.0,0.0,0.0,0.0,0.0,0.0,0.0,0.0,0.0,0.0,0.0,0.0,0.0
11.0,20.0,0.0,0.0,0.0,0.0,0.0,0.0,0.0,0.0,0.0,0.0,0.0,0.0,0.0,0.0,0.0,0.0,0.0,0.0,0.0,0.0,0.0,0.0,0.0,0.0,0.0
11.0,22.0,0.0,0.0,0.0,0.0,0.0,0.0,0.0,0.0,0.0,0.0,0.0,0.0,0.0,0.0,0.0,0.0,0.0,0.0,0.0,0.0,0.0,0.0,0.0,0.0,0.0
11.0,24.0,0.0,0.0,0.0,0.0,0.0,0.0,0.0,0.0,0.0,0.0,0.0,0.0,0.0,0.0,0.0,0.0,0.0,0.0,0.0,0.0,0.0,0.0,0.0,0.0,0.0
11.0,26.0,0.0,0.0,0.0,0.0,0.0,0.0,0.0,0.0,0.0,0.0,0.0,0.0,0.0,0.0,0.0,0.0,0.0,0.0,0.0,0.0,0.0,0.0,0.0,0.0,0.0
11.0,28.0,0.0,0.0,0.0,0.0,0.0,0.0,0.0,0.0,0.0,0.0,0.0,0.0,0.0,0.0,0.0,0.0,0.0,0.0,0.0,0.0,0.0,0.0,0.0,0.0,0.0
11.0,30.0,0.0,0.0,0.0,0.0,0.0,0.0,0.0,0.0,0.0,0.0,0.0,0.0,0.0,0.0,0.0,0.0,0.0,0.0,0.0,0.0,0.0,0.0,0.0,0.0,0.0
11.0,32.0,0.0,0.0,0.0,0.0,0.0,0.0,0.0,0.0,0.0,0.0,0.0,0.0,0.0,0.0,0.0,0.0,0.0,0.0,0.0,0.0,0.0,0.0,0.0,0.0,0.0
11.0,34.0,0.0,0.0,0.0,0.0,0.0,0.0,0.0,0.0,0.0,0.0,0.0,0.0,0.0,0.0,0.0,0.0,0.0,0.0,0.0,0.0,0.0,0.0,0.0,0.0,0.0
11.0,36.0,0.0,0.0,0.0,0.0,0.0,0.0,0.0,0.0,0.0,0.0,0.0,0.0,0.0,0.0,0.0,0.0,0.0,0.0,0.0,0.0,0.0,0.0,0.0,0.0,0.0
11.0,38.0,0.0,0.0,0.0,0.0,0.0,0.0,0.0,0.0,0.0,0.0,0.0,0.0,0.0,0.0,0.0,0.0,0.0,0.0,0.0,0.0,0.0,0.0,0.0,0.0,0.0
11.0,40.0,0.0,0.0,0.0,0.0,0.0,0.0,0.0,0.0,0.0,0.0,0.0,0.0,0.0,0.0,0.0,0.0,0.0,0.0,0.0,0.0,0.0,0.0,0.0,0.0,0.0
12.0,0.0,80.61925,9.660122,18.859644,4.9529023,0.0,0.0,0.0041257967,0.15521562,143.456,5.1745996,0.34659135,7.649915,111.57439,80.30872,5.925833,0.0,0.0,2.5496373E-4,0.7546534,25.77365,3.026976,61.53564,1.8145803,44.288998,3560.3774
12.0,2.0,165.92958,32.063335,10.414183,4.237678,0.0,0.0,0.23312443,1.5130342,230.12515,16.701365,1.1034855,21.47195,87.36288,44.309937,9.117858,0.0,0.0,0.0,0.0,0.0,0.0,0.0,0.0,0.0,709.6524
12.0,4.0,76.524025,31.662777,2.903963,3.8459702,0.0,0.0,0.1291795,1.2512504,127.40308,9.00853,0.74154526,9.961572,31.859306,26.015629,8.211617,0.0,0.0,0.0,0.0,0.0,0.0,0.0,0.0,0.0,294.40796
12.0,6.0,4.354643,1.3332608,0.24596077,0.56698686,0.0,0.0,0.05002217,0.091309525,11.27289,0.74589413,0.014867567,0.4803383,1.4271986,3.179109,0.92054564,0.0,0.0,0.0,0.0,0.0,0.0,0.0,0.0,0.0,9.622565
12.0,8.0,0.07123267,0.018702362,1.2149552E-4,0.0037246298,0.0,0.0,2.6514294E-4,0.0018647999,0.26608664,0.005648873,0.0053048353,0.010686114,0.012683784,0.058326233,0.033412505,0.0,0.0,0.0,0.0,0.0,0.0,0.0,0.0,0.0,0.0
12.0,10.0,6.5217755E-5,0.0,2.1726476E-6,0.0,0.0,0.0,0.0,1.6229451E-5,4.975316E-4,0.0,1.1416319E-4,8.218991E-5,7.80476E-5,8.655386E-6,9.553387E-5,0.0,0.0,0.0,0.0,0.0,0.0,0.0,0.0,0.0,0.0
12.0,12.0,0.0,0.0,0.0,0.0,0.0,0.0,0.0,0.0,0.0,0.0,0.0,0.0,0.0,0.0,0.0,0.0,0.0,0.0,0.0,0.0,0.0,0.0,0.0,0.0,0.0
12.0,14.0,0.0,0.0,0.0,0.0,0.0,0.0,0.0,0.0,0.0,0.0,0.0,0.0,0.0,0.0,0.0,0.0,0.0,0.0,0.0,0.0,0.0,0.0,0.0,0.0,0.0
12.0,16.0,0.0,0.0,0.0,0.0,0.0,0.0,0.0,0.0,0.0,0.0,0.0,0.0,0.0,0.0,0.0,0.0,0.0,0.0,0.0,0.0,0.0,0.0,0.0,0.0,0.0
12.0,18.0,0.0,0.0,0.0,0.0,0.0,0.0,0.0,0.0,0.0,0.0,0.0,0.0,0.0,0.0,0.0,0.0,0.0,0.0,0.0,0.0,0.0,0.0,0.0,0.0,0.0
12.0,20.0,0.0,0.0,0.0,0.0,0.0,0.0,0.0,0.0,0.0,0.0,0.0,0.0,0.0,0.0,0.0,0.0,0.0,0.0,0.0,0.0,0.0,0.0,0.0,0.0,0.0
12.0,22.0,0.0,0.0,0.0,0.0,0.0,0.0,0.0,0.0,0.0,0.0,0.0,0.0,0.0,0.0,0.0,0.0,0.0,0.0,0.0,0.0,0.0,0.0,0.0,0.0,0.0
12.0,24.0,0.0,0.0,0.0,0.0,0.0,0.0,0.0,0.0,0.0,0.0,0.0,0.0,0.0,0.0,0.0,0.0,0.0,0.0,0.0,0.0,0.0,0.0,0.0,0.0,0.0
12.0,26.0,0.0,0.0,0.0,0.0,0.0,0.0,0.0,0.0,0.0,0.0,0.0,0.0,0.0,0.0,0.0,0.0,0.0,0.0,0.0,0.0,0.0,0.0,0.0,0.0,0.0
12.0,28.0,0.0,0.0,0.0,0.0,0.0,0.0,0.0,0.0,0.0,0.0,0.0,0.0,0.0,0.0,0.0,0.0,0.0,0.0,0.0,0.0,0.0,0.0,0.0,0.0,0.0
12.0,30.0,0.0,0.0,0.0,0.0,0.0,0.0,0.0,0.0,0.0,0.0,0.0,0.0,0.0,0.0,0.0,0.0,0.0,0.0,0.0,0.0,0.0,0.0,0.0,0.0,0.0
12.0,32.0,0.0,0.0,0.0,0.0,0.0,0.0,0.0,0.0,0.0,0.0,0.0,0.0,0.0,0.0,0.0,0.0,0.0,0.0,0.0,0.0,0.0,0.0,0.0,0.0,0.0
12.0,34.0,0.0,0.0,0.0,0.0,0.0,0.0,0.0,0.0,0.0,0.0,0.0,0.0,0.0,0.0,0.0,0.0,0.0,0.0,0.0,0.0,0.0,0.0,0.0,0.0,0.0
12.0,36.0,0.0,0.0,0.0,0.0,0.0,0.0,0.0,0.0,0.0,0.0,0.0,0.0,0.0,0.0,0.0,0.0,0.0,0.0,0.0,0.0,0.0,0.0,0.0,0.0,0.0
12.0,38.0,0.0,0.0,0.0,0.0,0.0,0.0,0.0,0.0,0.0,0.0,0.0,0.0,0.0,0.0,0.0,0.0,0.0,0.0,0.0,0.0,0.0,0.0,0.0,0.0,0.0
12.0,40.0,0.0,0.0,0.0,0.0,0.0,0.0,0.0,0.0,0.0,0.0,0.0,0.0,0.0,0.0,0.0,0.0,0.0,0.0,0.0,0.0,0.0,0.0,0.0,0.0,0.0
13.0,0.0,87.322174,15.414781,15.297882,3.7016385,0.0,0.0,0.044076655,0.587885,138.29326,8.718201,0.36767024,3.7810454,72.4829,104.92217,9.188748,0.0,0.0,0.0010325796,0.5553359,21.415838,2.7925744,52.817825,1.6513624,41.094845,3544.841
13.0,2.0,141.50856,33.215984,15.137857,5.08369,0.0,0.0,0.059665214,1.1331424,218.1249,16.31193,0.9009012,20.12184,93.76653,45.3794,12.856918,0.0,0.0,0.0,0.0,0.0,0.0,0.0,0.0,0.0,748.27234
13.0,4.0,53.98634,26.407816,2.2723336,3.8077314,0.0,0.0,0.08288348,2.048261,125.90201,10.343148,0.33582217,12.392131,27.743006,26.687769,6.722951,0.0,0.0,0.0,0.0,0.0,0.0,0.0,0.0,0.0,220.47742
13.0,6.0,7.4642105,3.6159518,0.30212584,0.72655845,0.0,0.0,2.8361822E-4,0.41469347,15.011737,1.5384873,0.05631343,1.5111747,3.396651,4.986218,1.5478648,0.0,0.0,0.0,0.0,0.0,0.0,0.0,0.0,0.0,10.842319
13.0,8.0,0.08713267,0.029680038,3.953055E-4,0.005053163,0.0,0.0,0.0054738675,0.0056056757,0.21409506,0.010149311,0.027748931,0.008513765,0.008198656,0.044068597,0.013014557,0.0,0.0,0.0,0.0,0.0,0.0,0.0,0.0,0.0,0.0
13.0,10.0,7.0609945E-5,0.0,0.0,0.0,0.0,0.0,0.0,0.0,1.9161729E-4,4.8393254E-6,2.0532809E-5,2.2707494E-5,7.1570685E-6,2.1644341E-4,0.0,0.0,0.0,0.0,0.0,0.0,0.0,0.0,0.0,0.0,0.0
13.0,12.0,0.0,0.0,0.0,0.0,0.0,0.0,0.0,0.0,0.0,0.0,0.0,0.0,0.0,0.0,0.0,0.0,0.0,0.0,0.0,0.0,0.0,0.0,0.0,0.0,0.0
13.0,14.0,0.0,0.0,0.0,0.0,0.0,0.0,0.0,0.0,0.0,0.0,0.0,0.0,0.0,0.0,0.0,0.0,0.0,0.0,0.0,0.0,0.0,0.0,0.0,0.0,0.0
13.0,16.0,0.0,0.0,0.0,0.0,0.0,0.0,0.0,0.0,0.0,0.0,0.0,0.0,0.0,0.0,0.0,0.0,0.0,0.0,0.0,0.0,0.0,0.0,0.0,0.0,0.0
13.0,18.0,0.0,0.0,0.0,0.0,0.0,0.0,0.0,0.0,0.0,0.0,0.0,0.0,0.0,0.0,0.0,0.0,0.0,0.0,0.0,0.0,0.0,0.0,0.0,0.0,0.0
13.0,20.0,0.0,0.0,0.0,0.0,0.0,0.0,0.0,0.0,0.0,0.0,0.0,0.0,0.0,0.0,0.0,0.0,0.0,0.0,0.0,0.0,0.0,0.0,0.0,0.0,0.0
13.0,22.0,0.0,0.0,0.0,0.0,0.0,0.0,0.0,0.0,0.0,0.0,0.0,0.0,0.0,0.0,0.0,0.0,0.0,0.0,0.0,0.0,0.0,0.0,0.0,0.0,0.0
13.0,24.0,0.0,0.0,0.0,0.0,0.0,0.0,0.0,0.0,0.0,0.0,0.0,0.0,0.0,0.0,0.0,0.0,0.0,0.0,0.0,0.0,0.0,0.0,0.0,0.0,0.0
13.0,26.0,0.0,0.0,0.0,0.0,0.0,0.0,0.0,0.0,0.0,0.0,0.0,0.0,0.0,0.0,0.0,0.0,0.0,0.0,0.0,0.0,0.0,0.0,0.0,0.0,0.0
13.0,28.0,0.0,0.0,0.0,0.0,0.0,0.0,0.0,0.0,0.0,0.0,0.0,0.0,0.0,0.0,0.0,0.0,0.0,0.0,0.0,0.0,0.0,0.0,0.0,0.0,0.0
13.0,30.0,0.0,0.0,0.0,0.0,0.0,0.0,0.0,0.0,0.0,0.0,0.0,0.0,0.0,0.0,0.0,0.0,0.0,0.0,0.0,0.0,0.0,0.0,0.0,0.0,0.0
13.0,32.0,0.0,0.0,0.0,0.0,0.0,0.0,0.0,0.0,0.0,0.0,0.0,0.0,0.0,0.0,0.0,0.0,0.0,0.0,0.0,0.0,0.0,0.0,0.0,0.0,0.0
13.0,34.0,0.0,0.0,0.0,0.0,0.0,0.0,0.0,0.0,0.0,0.0,0.0,0.0,0.0,0.0,0.0,0.0,0.0,0.0,0.0,0.0,0.0,0.0,0.0,0.0,0.0
13.0,36.0,0.0,0.0,0.0,0.0,0.0,0.0,0.0,0.0,0.0,0.0,0.0,0.0,0.0,0.0,0.0,0.0,0.0,0.0,0.0,0.0,0.0,0.0,0.0,0.0,0.0
13.0,38.0,0.0,0.0,0.0,0.0,0.0,0.0,0.0,0.0,0.0,0.0,0.0,0.0,0.0,0.0,0.0,0.0,0.0,0.0,0.0,0.0,0.0,0.0,0.0,0.0,0.0
13.0,40.0,0.0,0.0,0.0,0.0,0.0,0.0,0.0,0.0,0.0,0.0,0.0,0.0,0.0,0.0,0.0,0.0,0.0,0.0,0.0,0.0,0.0,0.0,0.0,0.0,0.0
14.0,0.0,69.75728,8.737406,20.500431,3.1664531,0.0,0.0,0.008442032,1.5499932,127.67328,10.060408,0.25464687,8.435471,99.77688,130.58557,3.8242462,0.0,0.0,4.031459E-4,0.616456,19.763664,2.3886023,50.46792,1.6523811,36.60989,3399.3728
14.0,2.0,139.5372,44.22091,15.488057,4.8013253,0.0,0.0,0.18837348,0.90239227,239.43954,28.208708,1.1320083,24.417446,112.87655,54.087482,2.54461,0.0,0.0,0.0,0.0,0.0,0.0,0.0,0.0,0.0,813.2743
14.0,4.0,42.429127,18.887024,1.2758025,2.2284975,0.0,0.0,0.19596013,1.7389084,77.33948,5.3211417,0.38603377,6.461207,21.914507,20.37625,3.898588,0.0,0.0,0.0,0.0,0.0,0.0,0.0,0.0,0.0,164.39218
14.0,6.0,6.4779534,4.185823,0.18577899,0.80576754,0.0,0.0,0.018848758,0.7379084,11.3778715,1.6982329,0.021784667,1.1792159,4.5148554,3.0680666,1.1073507,0.0,0.0,0.0,0.0,0.0,0.0,0.0,0.0,0.0,10.711966
14.0,8.0,0.06271164,0.060412034,2.3399026E-4,0.012217916,0.0,0.0,0.0035980032,0.010115867,0.19678326,0.0077740555,0.02044003,0.021354718,0.0342097,0.055913974,0.006844905,0.0,0.0,0.0,0.0,0.0,0.0,0.0,0.0,0.0,0.0
14.0,10.0,7.305353E-4,7.462851E-4,6.3426995E-7,6.5776454E-5,0.0,0.0,0.0,7.941921E-5,0.0014008549,2.3218266E-4,6.0563145E-4,3.5090652E-5,7.6279146E-5,1.688691E-4,1.6138423E-4,0.0,0.0,0.0,0.0,0.0,0.0,0.0,0.0,0.0,0.0
14.0,12.0,0.0,0.0,0.0,0.0,0.0,0.0,0.0,0.0,0.0,0.0,0.0,0.0,0.0,0.0,0.0,0.0,0.0,0.0,0.0,0.0,0.0,0.0,0.0,0.0,0.0
14.0,14.0,0.0,0.0,0.0,0.0,0.0,0.0,0.0,0.0,0.0,0.0,0.0,0.0,0.0,0.0,0.0,0.0,0.0,0.0,0.0,0.0,0.0,0.0,0.0,0.0,0.0
14.0,16.0,0.0,0.0,0.0,0.0,0.0,0.0,0.0,0.0,0.0,0.0,0.0,0.0,0.0,0.0,0.0,0.0,0.0,0.0,0.0,0.0,0.0,0.0,0.0,0.0,0.0
14.0,18.0,0.0,0.0,0.0,0.0,0.0,0.0,0.0,0.0,0.0,0.0,0.0,0.0,0.0,0.0,0.0,0.0,0.0,0.0,0.0,0.0,0.0,0.0,0.0,0.0,0.0
14.0,20.0,0.0,0.0,0.0,0.0,0.0,0.0,0.0,0.0,0.0,0.0,0.0,0.0,0.0,0.0,0.0,0.0,0.0,0.0,0.0,0.0,0.0,0.0,0.0,0.0,0.0
14.0,22.0,0.0,0.0,0.0,0.0,0.0,0.0,0.0,0.0,0.0,0.0,0.0,0.0,0.0,0.0,0.0,0.0,0.0,0.0,0.0,0.0,0.0,0.0,0.0,0.0,0.0
14.0,24.0,0.0,0.0,0.0,0.0,0.0,0.0,0.0,0.0,0.0,0.0,0.0,0.0,0.0,0.0,0.0,0.0,0.0,0.0,0.0,0.0,0.0,0.0,0.0,0.0,0.0
14.0,26.0,0.0,0.0,0.0,0.0,0.0,0.0,0.0,0.0,0.0,0.0,0.0,0.0,0.0,0.0,0.0,0.0,0.0,0.0,0.0,0.0,0.0,0.0,0.0,0.0,0.0
14.0,28.0,0.0,0.0,0.0,0.0,0.0,0.0,0.0,0.0,0.0,0.0,0.0,0.0,0.0,0.0,0.0,0.0,0.0,0.0,0.0,0.0,0.0,0.0,0.0,0.0,0.0
14.0,30.0,0.0,0.0,0.0,0.0,0.0,0.0,0.0,0.0,0.0,0.0,0.0,0.0,0.0,0.0,0.0,0.0,0.0,0.0,0.0,0.0,0.0,0.0,0.0,0.0,0.0
14.0,32.0,0.0,0.0,0.0,0.0,0.0,0.0,0.0,0.0,0.0,0.0,0.0,0.0,0.0,0.0,0.0,0.0,0.0,0.0,0.0,0.0,0.0,0.0,0.0,0.0,0.0
14.0,34.0,0.0,0.0,0.0,0.0,0.0,0.0,0.0,0.0,0.0,0.0,0.0,0.0,0.0,0.0,0.0,0.0,0.0,0.0,0.0,0.0,0.0,0.0,0.0,0.0,0.0
14.0,36.0,0.0,0.0,0.0,0.0,0.0,0.0,0.0,0.0,0.0,0.0,0.0,0.0,0.0,0.0,0.0,0.0,0.0,0.0,0.0,0.0,0.0,0.0,0.0,0.0,0.0
14.0,38.0,0.0,0.0,0.0,0.0,0.0,0.0,0.0,0.0,0.0,0.0,0.0,0.0,0.0,0.0,0.0,0.0,0.0,0.0,0.0,0.0,0.0,0.0,0.0,0.0,0.0
14.0,40.0,0.0,0.0,0.0,0.0,0.0,0.0,0.0,0.0,0.0,0.0,0.0,0.0,0.0,0.0,0.0,0.0,0.0,0.0,0.0,0.0,0.0,0.0,0.0,0.0,0.0
15.0,0.0,94.58137,10.599732,16.857712,2.6961539,0.0,0.0,0.018800946,0.3345443,172.99487,6.418694,0.2845859,12.481729,93.31749,82.28235,3.9639273,0.0,0.0,2.9288165E-4,0.47674304,17.189568,2.2296333,43.682884,1.3674852,32.63657,3270.1514
15.0,2.0,175.59114,30.966602,11.755039,2.8378344,0.0,0.0,0.02625437,1.3820829,223.29703,13.320374,1.016225,22.822243,81.079384,49.107094,9.2552595,0.0,0.0,0.0,0.0,0.0,0.0,0.0,0.0,0.0,783.58026
15.0,4.0,46.062733,13.296409,3.1540482,1.6024029,0.0,0.0,0.38486195,0.7242964,77.10268,5.0810685,0.27451253,9.491348,20.273598,13.282117,4.6703534,0.0,0.0,0.0,0.0,0.0,0.0,0.0,0.0,0.0,171.93684
15.0,6.0,3.546064,2.0662162,0.21025766,0.57305485,0.0,0.0,0.008922265,0.2698044,9.397886,0.60315424,0.045977343,1.211181,1.8865774,2.7041256,0.7679383,0.0,0.0,0.0,0.0,0.0,0.0,0.0,0.0,0.0,4.5194635
15.0,8.0,0.100528166,0.04062484,0.0033912905,0.009273935,0.0,0.0,6.988703E-4,0.0044912514,0.27395838,0.016948586,0.02215294,0.022560526,0.028189888,0.030948421,0.017301152,0.0,0.0,0.0,0.0,0.0,0.0,0.0,0.0,0.0,0.0
15.0,10.0,6.692417E-4,4.6164828E-4,2.529694E-4,8.795387E-5,0.0,0.0,0.0,1.0615695E-5,0.0013000352,8.306167E-5,3.987417E-4,1.4127602E-4,1.3749617E-4,3.294777E-4,5.2539926E-5,0.0,0.0,0.0,0.0,0.0,0.0,0.0,0.0,0.0,0.0
15.0,12.0,0.0,0.0,0.0,0.0,0.0,0.0,0.0,0.0,0.0,0.0,0.0,0.0,0.0,0.0,0.0,0.0,0.0,0.0,0.0,0.0,0.0,0.0,0.0,0.0,0.0
15.0,14.0,0.0,0.0,0.0,0.0,0.0,0.0,0.0,0.0,0.0,0.0,0.0,0.0,0.0,0.0,0.0,0.0,0.0,0.0,0.0,0.0,0.0,0.0,0.0,0.0,0.0
15.0,16.0,0.0,0.0,0.0,0.0,0.0,0.0,0.0,0.0,0.0,0.0,0.0,0.0,0.0,0.0,0.0,0.0,0.0,0.0,0.0,0.0,0.0,0.0,0.0,0.0,0.0
15.0,18.0,0.0,0.0,0.0,0.0,0.0,0.0,0.0,0.0,0.0,0.0,0.0,0.0,0.0,0.0,0.0,0.0,0.0,0.0,0.0,0.0,0.0,0.0,0.0,0.0,0.0
15.0,20.0,0.0,0.0,0.0,0.0,0.0,0.0,0.0,0.0,0.0,0.0,0.0,0.0,0.0,0.0,0.0,0.0,0.0,0.0,0.0,0.0,0.0,0.0,0.0,0.0,0.0
15.0,22.0,0.0,0.0,0.0,0.0,0.0,0.0,0.0,0.0,0.0,0.0,0.0,0.0,0.0,0.0,0.0,0.0,0.0,0.0,0.0,0.0,0.0,0.0,0.0,0.0,0.0
15.0,24.0,0.0,0.0,0.0,0.0,0.0,0.0,0.0,0.0,0.0,0.0,0.0,0.0,0.0,0.0,0.0,0.0,0.0,0.0,0.0,0.0,0.0,0.0,0.0,0.0,0.0
15.0,26.0,0.0,0.0,0.0,0.0,0.0,0.0,0.0,0.0,0.0,0.0,0.0,0.0,0.0,0.0,0.0,0.0,0.0,0.0,0.0,0.0,0.0,0.0,0.0,0.0,0.0
15.0,28.0,0.0,0.0,0.0,0.0,0.0,0.0,0.0,0.0,0.0,0.0,0.0,0.0,0.0,0.0,0.0,0.0,0.0,0.0,0.0,0.0,0.0,0.0,0.0,0.0,0.0
15.0,30.0,0.0,0.0,0.0,0.0,0.0,0.0,0.0,0.0,0.0,0.0,0.0,0.0,0.0,0.0,0.0,0.0,0.0,0.0,0.0,0.0,0.0,0.0,0.0,0.0,0.0
15.0,32.0,0.0,0.0,0.0,0.0,0.0,0.0,0.0,0.0,0.0,0.0,0.0,0.0,0.0,0.0,0.0,0.0,0.0,0.0,0.0,0.0,0.0,0.0,0.0,0.0,0.0
15.0,34.0,0.0,0.0,0.0,0.0,0.0,0.0,0.0,0.0,0.0,0.0,0.0,0.0,0.0,0.0,0.0,0.0,0.0,0.0,0.0,0.0,0.0,0.0,0.0,0.0,0.0
15.0,36.0,0.0,0.0,0.0,0.0,0.0,0.0,0.0,0.0,0.0,0.0,0.0,0.0,0.0,0.0,0.0,0.0,0.0,0.0,0.0,0.0,0.0,0.0,0.0,0.0,0.0
15.0,38.0,0.0,0.0,0.0,0.0,0.0,0.0,0.0,0.0,0.0,0.0,0.0,0.0,0.0,0.0,0.0,0.0,0.0,0.0,0.0,0.0,0.0,0.0,0.0,0.0,0.0
15.0,40.0,0.0,0.0,0.0,0.0,0.0,0.0,0.0,0.0,0.0,0.0,0.0,0.0,0.0,0.0,0.0,0.0,0.0,0.0,0.0,0.0,0.0,0.0,0.0,0.0,0.0
16.0,0.0,79.38636,12.434532,19.95172,4.2139153,0.0,0.0,0.0103909,0.40549874,136.41234,6.1678762,0.4042806,6.1464744,81.92937,90.85451,2.3094254,0.0,0.0,3.7781676E-4,0.4444024,17.35606,2.2899415,43.52235,1.3498257,33.234722,3186.329
16.0,2.0,137.48964,33.613293,13.724333,3.3805807,0.0,0.0,0.19958244,3.2401974,220.10799,11.958474,0.875439,15.129701,93.551315,53.19321,7.6358194,0.0,0.0,0.0,0.0,0.0,0.0,0.0,0.0,0.0,780.3023
16.0,4.0,43.160915,18.214113,1.5373286,3.0575387,0.0,0.0,0.045857113,1.1088722,66.55509,4.658937,0.26214653,7.557556,19.860485,16.791758,3.3694882,0.0,0.0,0.0,0.0,0.0,0.0,0.0,0.0,0.0,147.43156
16.0,6.0,2.3233435,1.6316892,0.055031147,0.3876772,0.0,0.0,0.058605276,0.265206,6.1623406,0.46181515,0.02060059,0.17860106,1.0206323,1.5826566,0.5722295,0.0,0.0,0.0,0.0,0.0,0.0,0.0,0.0,0.0,3.635856
16.0,8.0,0.1014776,0.02441894,0.0080463765,0.01783493,0.0,0.0,8.3906325E-6,0.0061629447,0.20969693,0.004782334,0.030049095,0.01670463,0.02375945,0.03608725,0.024694912,0.0,0.0,0.0,0.0,0.0,0.0,0.0,0.0,0.0,0.0
16.0,10.0,6.399393E-4,1.20295634E-4,1.3694519E-5,7.477963E-5,0.0,0.0,1.290767E-5,3.220185E-5,0.0016276048,6.8227804E-5,5.756529E-4,8.325722E-5,1.1491445E-4,3.917164E-4,3.3747798E-5,0.0,0.0,0.0,0.0,0.0,0.0,0.0,0.0,0.0,0.0
16.0,12.0,5.966122E-6,0.0,0.0,3.8976594E-7,0.0,0.0,0.0,0.0,0.0,0.0,7.088847E-8,0.0,0.0,1.170944E-5,0.0,0.0,0.0,0.0,0.0,0.0,0.0,0.0,0.0,0.0,0.0
16.0,14.0,0.0,0.0,0.0,0.0,0.0,0.0,0.0,0.0,0.0,0.0,0.0,0.0,0.0,0.0,0.0,0.0,0.0,0.0,0.0,0.0,0.0,0.0,0.0,0.0,0.0
16.0,16.0,0.0,0.0,0.0,0.0,0.0,0.0,0.0,0.0,0.0,0.0,0.0,0.0,0.0,0.0,0.0,0.0,0.0,0.0,0.0,0.0,0.0,0.0,0.0,0.0,0.0
16.0,18.0,0.0,0.0,0.0,0.0,0.0,0.0,0.0,0.0,0.0,0.0,0.0,0.0,0.0,0.0,0.0,0.0,0.0,0.0,0.0,0.0,0.0,0.0,0.0,0.0,0.0
16.0,20.0,0.0,0.0,0.0,0.0,0.0,0.0,0.0,0.0,0.0,0.0,0.0,0.0,0.0,0.0,0.0,0.0,0.0,0.0,0.0,0.0,0.0,0.0,0.0,0.0,0.0
16.0,22.0,0.0,0.0,0.0,0.0,0.0,0.0,0.0,0.0,0.0,0.0,0.0,0.0,0.0,0.0,0.0,0.0,0.0,0.0,0.0,0.0,0.0,0.0,0.0,0.0,0.0
16.0,24.0,0.0,0.0,0.0,0.0,0.0,0.0,0.0,0.0,0.0,0.0,0.0,0.0,0.0,0.0,0.0,0.0,0.0,0.0,0.0,0.0,0.0,0.0,0.0,0.0,0.0
16.0,26.0,0.0,0.0,0.0,0.0,0.0,0.0,0.0,0.0,0.0,0.0,0.0,0.0,0.0,0.0,0.0,0.0,0.0,0.0,0.0,0.0,0.0,0.0,0.0,0.0,0.0
16.0,28.0,0.0,0.0,0.0,0.0,0.0,0.0,0.0,0.0,0.0,0.0,0.0,0.0,0.0,0.0,0.0,0.0,0.0,0.0,0.0,0.0,0.0,0.0,0.0,0.0,0.0
16.0,30.0,0.0,0.0,0.0,0.0,0.0,0.0,0.0,0.0,0.0,0.0,0.0,0.0,0.0,0.0,0.0,0.0,0.0,0.0,0.0,0.0,0.0,0.0,0.0,0.0,0.0
16.0,32.0,0.0,0.0,0.0,0.0,0.0,0.0,0.0,0.0,0.0,0.0,0.0,0.0,0.0,0.0,0.0,0.0,0.0,0.0,0.0,0.0,0.0,0.0,0.0,0.0,0.0
16.0,34.0,0.0,0.0,0.0,0.0,0.0,0.0,0.0,0.0,0.0,0.0,0.0,0.0,0.0,0.0,0.0,0.0,0.0,0.0,0.0,0.0,0.0,0.0,0.0,0.0,0.0
16.0,36.0,0.0,0.0,0.0,0.0,0.0,0.0,0.0,0.0,0.0,0.0,0.0,0.0,0.0,0.0,0.0,0.0,0.0,0.0,0.0,0.0,0.0,0.0,0.0,0.0,0.0
16.0,38.0,0.0,0.0,0.0,0.0,0.0,0.0,0.0,0.0,0.0,0.0,0.0,0.0,0.0,0.0,0.0,0.0,0.0,0.0,0.0,0.0,0.0,0.0,0.0,0.0,0.0
16.0,40.0,0.0,0.0,0.0,0.0,0.0,0.0,0.0,0.0,0.0,0.0,0.0,0.0,0.0,0.0,0.0,0.0,0.0,0.0,0.0,0.0,0.0,0.0,0.0,0.0,0.0
17.0,0.0,66.27714,15.814051,13.170926,2.5934782,0.0,0.0,0.009115249,0.4863056,117.740845,3.7430139,0.5314697,6.4177256,121.03979,90.35768,3.1891286,0.0,0.0,1.5746984E-4,0.4088032,14.665069,1.9751846,37.10467,1.1444093,27.73047,3051.4326
17.0,2.0,106.5047,39.34931,10.768856,3.9608822,0.0,0.0,0.29645666,2.9417832,198.82587,14.820037,0.5973953,15.62878,74.733955,47.41592,4.176694,0.0,0.0,0.0,0.0,0.0,0.0,0.0,0.0,0.0,674.3618
17.0,4.0,22.013351,14.166919,1.8791701,2.2033327,0.0,0.0,0.15156825,1.7879282,52.782776,3.4182649,0.20841186,6.9362454,14.925031,10.293577,1.2269416,0.0,0.0,0.0,0.0,0.0,0.0,0.0,0.0,0.0,108.01072
17.0,6.0,2.4636235,1.299928,0.014009518,0.20766994,0.0,0.0,0.018295212,0.2091298,3.9529696,0.17289041,0.02037349,0.54188836,1.0591744,0.8517229,0.056736987,0.0,0.0,0.0,0.0,0.0,0.0,0.0,0.0,0.0,1.9080474
17.0,8.0,0.054247595,0.012722633,0.0022102625,0.0027111825,0.0,0.0,2.8641845E-4,0.0019723778,0.10712477,0.0077072894,0.013276572,0.0059026554,0.013866247,0.023540964,0.0026088576,0.0,0.0,0.0,0.0,0.0,0.0,0.0,0.0,0.0,0.0
17.0,10.0,0.0012139261,3.93071E-4,4.7535905E-5,9.5282354E-5,0.0,0.0,0.0,1.4794895E-5,0.0023341246,1.1458741E-4,4.6425124E-4,1.1986962E-4,3.929898E-4,5.7978847E-4,7.6298275E-5,0.0,0.0,0.0,0.0,0.0,0.0,0.0,0.0,0.0,0.0
17.0,12.0,0.0,0.0,0.0,0.0,0.0,0.0,0.0,0.0,0.0,0.0,0.0,0.0,0.0,0.0,0.0,0.0,0.0,0.0,0.0,0.0,0.0,0.0,0.0,0.0,0.0
17.0,14.0,0.0,0.0,0.0,0.0,0.0,0.0,0.0,0.0,0.0,0.0,0.0,0.0,0.0,0.0,0.0,0.0,0.0,0.0,0.0,0.0,0.0,0.0,0.0,0.0,0.0
17.0,16.0,0.0,0.0,0.0,0.0,0.0,0.0,0.0,0.0,0.0,0.0,0.0,0.0,0.0,0.0,0.0,0.0,0.0,0.0,0.0,0.0,0.0,0.0,0.0,0.0,0.0
17.0,18.0,0.0,0.0,0.0,0.0,0.0,0.0,0.0,0.0,0.0,0.0,0.0,0.0,0.0,0.0,0.0,0.0,0.0,0.0,0.0,0.0,0.0,0.0,0.0,0.0,0.0
17.0,20.0,0.0,0.0,0.0,0.0,0.0,0.0,0.0,0.0,0.0,0.0,0.0,0.0,0.0,0.0,0.0,0.0,0.0,0.0,0.0,0.0,0.0,0.0,0.0,0.0,0.0
17.0,22.0,0.0,0.0,0.0,0.0,0.0,0.0,0.0,0.0,0.0,0.0,0.0,0.0,0.0,0.0,0.0,0.0,0.0,0.0,0.0,0.0,0.0,0.0,0.0,0.0,0.0
17.0,24.0,0.0,0.0,0.0,0.0,0.0,0.0,0.0,0.0,0.0,0.0,0.0,0.0,0.0,0.0,0.0,0.0,0.0,0.0,0.0,0.0,0.0,0.0,0.0,0.0,0.0
17.0,26.0,0.0,0.0,0.0,0.0,0.0,0.0,0.0,0.0,0.0,0.0,0.0,0.0,0.0,0.0,0.0,0.0,0.0,0.0,0.0,0.0,0.0,0.0,0.0,0.0,0.0
17.0,28.0,0.0,0.0,0.0,0.0,0.0,0.0,0.0,0.0,0.0,0.0,0.0,0.0,0.0,0.0,0.0,0.0,0.0,0.0,0.0,0.0,0.0,0.0,0.0,0.0,0.0
17.0,30.0,0.0,0.0,0.0,0.0,0.0,0.0,0.0,0.0,0.0,0.0,0.0,0.0,0.0,0.0,0.0,0.0,0.0,0.0,0.0,0.0,0.0,0.0,0.0,0.0,0.0
17.0,32.0,0.0,0.0,0.0,0.0,0.0,0.0,0.0,0.0,0.0,0.0,0.0,0.0,0.0,0.0,0.0,0.0,0.0,0.0,0.0,0.0,0.0,0.0,0.0,0.0,0.0
17.0,34.0,0.0,0.0,0.0,0.0,0.0,0.0,0.0,0.0,0.0,0.0,0.0,0.0,0.0,0.0,0.0,0.0,0.0,0.0,0.0,0.0,0.0,0.0,0.0,0.0,0.0
17.0,36.0,0.0,0.0,0.0,0.0,0.0,0.0,0.0,0.0,0.0,0.0,0.0,0.0,0.0,0.0,0.0,0.0,0.0,0.0,0.0,0.0,0.0,0.0,0.0,0.0,0.0
17.0,38.0,0.0,0.0,0.0,0.0,0.0,0.0,0.0,0.0,0.0,0.0,0.0,0.0,0.0,0.0,0.0,0.0,0.0,0.0,0.0,0.0,0.0,0.0,0.0,0.0,0.0
17.0,40.0,0.0,0.0,0.0,0.0,0.0,0.0,0.0,0.0,0.0,0.0,0.0,0.0,0.0,0.0,0.0,0.0,0.0,0.0,0.0,0.0,0.0,0.0,0.0,0.0,0.0
18.0,0.0,49.36809,9.148709,19.078672,2.3964221,0.0,0.0,0.016365513,0.18135032,134.60587,3.8758304,0.30788675,7.5608363,107.9581,93.22805,3.3224764,0.0,0.0,1.7294732E-4,0.30945677,10.63571,1.5064299,29.229057,0.9430192,21.626055,2991.0264
18.0,2.0,90.77586,26.153427,7.580698,3.021733,0.0,0.0,0.07985921,1.4007623,148.12947,12.679299,0.43783206,9.720475,71.527176,30.32164,2.4107382,0.0,0.0,0.0,0.0,0.0,0.0,0.0,0.0,0.0,566.33496
18.0,4.0,16.347082,8.620446,0.6818703,1.8050283,0.0,0.0,0.08789854,0.36860687,39.412857,3.961847,0.066208646,3.0202405,9.866437,9.006844,1.4599283,0.0,0.0,0.0,0.0,0.0,0.0,0.0,0.0,0.0,79.34764
18.0,6.0,0.6620522,0.3034567,0.11309419,0.08928142,0.0,0.0,0.0017243717,0.016037079,1.840298,0.12240449,0.009954107,0.26039967,0.3865167,0.5454578,0.24391603,0.0,0.0,0.0,0.0,0.0,0.0,0.0,0.0,0.0,0.35410425
18.0,8.0,0.030835591,0.010771058,1.02878534E-4,0.0038331635,0.0,0.0,3.1716656E-5,8.916363E-4,0.054610092,0.002273457,0.0066470816,0.0020315032,0.008750035,0.01249509,0.0012775501,0.0,0.0,0.0,0.0,0.0,0.0,0.0,0.0,0.0,0.0
18.0,10.0,8.103936E-4,2.9224358E-4,3.0197409E-5,2.0311483E-5,0.0,0.0,6.9562496E-8,5.228843E-5,0.0017288349,2.1178034E-4,6.448138E-4,9.714453E-5,1.8620276E-4,3.2320124E-4,5.5168937E-5,0.0,0.0,0.0,0.0,0.0,0.0,0.0,0.0,0.0,0.0
18.0,12.0,0.0,0.0,0.0,0.0,0.0,0.0,0.0,0.0,0.0,0.0,0.0,0.0,0.0,0.0,0.0,0.0,0.0,0.0,0.0,0.0,0.0,0.0,0.0,0.0,0.0
18.0,14.0,0.0,0.0,0.0,0.0,0.0,0.0,0.0,0.0,0.0,0.0,0.0,0.0,0.0,0.0,0.0,0.0,0.0,0.0,0.0,0.0,0.0,0.0,0.0,0.0,0.0
18.0,16.0,0.0,0.0,0.0,0.0,0.0,0.0,0.0,0.0,0.0,0.0,0.0,0.0,0.0,0.0,0.0,0.0,0.0,0.0,0.0,0.0,0.0,0.0,0.0,0.0,0.0
18.0,18.0,0.0,0.0,0.0,0.0,0.0,0.0,0.0,0.0,0.0,0.0,0.0,0.0,0.0,0.0,0.0,0.0,0.0,0.0,0.0,0.0,0.0,0.0,0.0,0.0,0.0
18.0,20.0,0.0,0.0,0.0,0.0,0.0,0.0,0.0,0.0,0.0,0.0,0.0,0.0,0.0,0.0,0.0,0.0,0.0,0.0,0.0,0.0,0.0,0.0,0.0,0.0,0.0
18.0,22.0,0.0,0.0,0.0,0.0,0.0,0.0,0.0,0.0,0.0,0.0,0.0,0.0,0.0,0.0,0.0,0.0,0.0,0.0,0.0,0.0,0.0,0.0,0.0,0.0,0.0
18.0,24.0,0.0,0.0,0.0,0.0,0.0,0.0,0.0,0.0,0.0,0.0,0.0,0.0,0.0,0.0,0.0,0.0,0.0,0.0,0.0,0.0,0.0,0.0,0.0,0.0,0.0
18.0,26.0,0.0,0.0,0.0,0.0,0.0,0.0,0.0,0.0,0.0,0.0,0.0,0.0,0.0,0.0,0.0,0.0,0.0,0.0,0.0,0.0,0.0,0.0,0.0,0.0,0.0
18.0,28.0,0.0,0.0,0.0,0.0,0.0,0.0,0.0,0.0,0.0,0.0,0.0,0.0,0.0,0.0,0.0,0.0,0.0,0.0,0.0,0.0,0.0,0.0,0.0,0.0,0.0
18.0,30.0,0.0,0.0,0.0,0.0,0.0,0.0,0.0,0.0,0.0,0.0,0.0,0.0,0.0,0.0,0.0,0.0,0.0,0.0,0.0,0.0,0.0,0.0,0.0,0.0,0.0
18.0,32.0,0.0,0.0,0.0,0.0,0.0,0.0,0.0,0.0,0.0,0.0,0.0,0.0,0.0,0.0,0.0,0.0,0.0,0.0,0.0,0.0,0.0,0.0,0.0,0.0,0.0
18.0,34.0,0.0,0.0,0.0,0.0,0.0,0.0,0.0,0.0,0.0,0.0,0.0,0.0,0.0,0.0,0.0,0.0,0.0,0.0,0.0,0.0,0.0,0.0,0.0,0.0,0.0
18.0,36.0,0.0,0.0,0.0,0.0,0.0,0.0,0.0,0.0,0.0,0.0,0.0,0.0,0.0,0.0,0.0,0.0,0.0,0.0,0.0,0.0,0.0,0.0,0.0,0.0,0.0
18.0,38.0,0.0,0.0,0.0,0.0,0.0,0.0,0.0,0.0,0.0,0.0,0.0,0.0,0.0,0.0,0.0,0.0,0.0,0.0,0.0,0.0,0.0,0.0,0.0,0.0,0.0
18.0,40.0,0.0,0.0,0.0,0.0,0.0,0.0,0.0,0.0,0.0,0.0,0.0,0.0,0.0,0.0,0.0,0.0,0.0,0.0,0.0,0.0,0.0,0.0,0.0,0.0,0.0
19.0,0.0,65.16561,14.036554,15.750547,2.88888,0.0,0.0,0.0132266665,0.9025339,138.76678,2.834224,0.15564585,2.242926,119.67039,107.33579,2.242947,0.0,0.0,1.9532829E-4,0.21671994,8.02037,1.0769658,20.934809,0.6652555,15.500601,2906.6138
19.0,2.0,71.36778,28.89502,6.096241,3.1980233,0.0,0.0,0.07298783,1.6527885,126.42136,5.1872544,0.32994208,8.039052,56.21797,33.51725,2.268855,0.0,0.0,0.0,0.0,0.0,0.0,0.0,0.0,0.0,476.07666
19.0,4.0,8.727804,3.6667783,0.3910102,1.1840658,0.0,0.0,0.02726093,0.34326482,17.07801,1.5812452,0.025576973,2.0980167,4.9736605,5.5587554,0.6475274,0.0,0.0,0.0,0.0,0.0,0.0,0.0,0.0,0.0,43.00663
19.0,6.0,0.2335601,0.13701537,0.031355277,0.02527526,0.0,0.0,0.003093153,0.014168053,0.7216271,0.0485681,0.0104318205,0.05830977,0.17108066,0.18464926,0.04455516,0.0,0.0,0.0,0.0,0.0,0.0,0.0,0.0,0.0,0.04233049
19.0,8.0,0.005843857,0.0033425773,1.376861E-4,0.0021124887,0.0,0.0,2.2209305E-4,8.25125E-4,0.022058537,0.002110562,0.0037426974,8.472646E-4,0.0019835976,0.006408753,0.002075717,0.0,0.0,0.0,0.0,0.0,0.0,0.0,0.0,0.0,0.0
19.0,10.0,2.3488297E-4,3.5941655E-5,2.1177438E-7,1.5897618E-5,0.0,0.0,2.6816167E-7,2.0598206E-6,2.9175574E-4,4.6203815E-5,1.7338156E-4,1.947033E-5,1.03755934E-4,2.0407845E-4,1.9868088E-5,0.0,0.0,0.0,0.0,0.0,0.0,0.0,0.0,0.0,0.0
19.0,12.0,0.0,0.0,0.0,0.0,0.0,0.0,0.0,0.0,0.0,0.0,0.0,0.0,0.0,0.0,0.0,0.0,0.0,0.0,0.0,0.0,0.0,0.0,0.0,0.0,0.0
19.0,14.0,0.0,0.0,0.0,0.0,0.0,0.0,0.0,0.0,0.0,0.0,0.0,0.0,0.0,0.0,0.0,0.0,0.0,0.0,0.0,0.0,0.0,0.0,0.0,0.0,0.0
19.0,16.0,0.0,0.0,0.0,0.0,0.0,0.0,0.0,0.0,0.0,0.0,0.0,0.0,0.0,0.0,0.0,0.0,0.0,0.0,0.0,0.0,0.0,0.0,0.0,0.0,0.0
19.0,18.0,0.0,0.0,0.0,0.0,0.0,0.0,0.0,0.0,0.0,0.0,0.0,0.0,0.0,0.0,0.0,0.0,0.0,0.0,0.0,0.0,0.0,0.0,0.0,0.0,0.0
19.0,20.0,0.0,0.0,0.0,0.0,0.0,0.0,0.0,0.0,0.0,0.0,0.0,0.0,0.0,0.0,0.0,0.0,0.0,0.0,0.0,0.0,0.0,0.0,0.0,0.0,0.0
19.0,22.0,0.0,0.0,0.0,0.0,0.0,0.0,0.0,0.0,0.0,0.0,0.0,0.0,0.0,0.0,0.0,0.0,0.0,0.0,0.0,0.0,0.0,0.0,0.0,0.0,0.0
19.0,24.0,0.0,0.0,0.0,0.0,0.0,0.0,0.0,0.0,0.0,0.0,0.0,0.0,0.0,0.0,0.0,0.0,0.0,0.0,0.0,0.0,0.0,0.0,0.0,0.0,0.0
19.0,26.0,0.0,0.0,0.0,0.0,0.0,0.0,0.0,0.0,0.0,0.0,0.0,0.0,0.0,0.0,0.0,0.0,0.0,0.0,0.0,0.0,0.0,0.0,0.0,0.0,0.0
19.0,28.0,0.0,0.0,0.0,0.0,0.0,0.0,0.0,0.0,0.0,0.0,0.0,0.0,0.0,0.0,0.0,0.0,0.0,0.0,0.0,0.0,0.0,0.0,0.0,0.0,0.0
19.0,30.0,0.0,0.0,0.0,0.0,0.0,0.0,0.0,0.0,0.0,0.0,0.0,0.0,0.0,0.0,0.0,0.0,0.0,0.0,0.0,0.0,0.0,0.0,0.0,0.0,0.0
19.0,32.0,0.0,0.0,0.0,0.0,0.0,0.0,0.0,0.0,0.0,0.0,0.0,0.0,0.0,0.0,0.0,0.0,0.0,0.0,0.0,0.0,0.0,0.0,0.0,0.0,0.0
19.0,34.0,0.0,0.0,0.0,0.0,0.0,0.0,0.0,0.0,0.0,0.0,0.0,0.0,0.0,0.0,0.0,0.0,0.0,0.0,0.0,0.0,0.0,0.0,0.0,0.0,0.0
19.0,36.0,0.0,0.0,0.0,0.0,0.0,0.0,0.0,0.0,0.0,0.0,0.0,0.0,0.0,0.0,0.0,0.0,0.0,0.0,0.0,0.0,0.0,0.0,0.0,0.0,0.0
19.0,38.0,0.0,0.0,0.0,0.0,0.0,0.0,0.0,0.0,0.0,0.0,0.0,0.0,0.0,0.0,0.0,0.0,0.0,0.0,0.0,0.0,0.0,0.0,0.0,0.0,0.0
19.0,40.0,0.0,0.0,0.0,0.0,0.0,0.0,0.0,0.0,0.0,0.0,0.0,0.0,0.0,0.0,0.0,0.0,0.0,0.0,0.0,0.0,0.0,0.0,0.0,0.0,0.0
20.0,0.0,53.743755,12.623877,9.625737,1.8215271,0.0,0.0,0.025501423,1.0359471,147.53773,1.6757529,0.14391096,1.0045197,110.152725,96.07255,2.2442033,0.0,0.0,4.4297423E-5,0.1745502,6.0621576,0.9087498,17.156916,0.53536385,12.542386,2375.827
20.0,2.0,53.10432,32.816658,4.576689,2.1628444,0.0,0.0,0.23410651,1.6249721,119.452515,2.1871936,0.15758714,3.5501041,43.4508,22.62096,3.3045437,0.0,0.0,0.0,0.0,0.0,0.0,0.0,0.0,0.0,397.0733
20.0,4.0,4.1296353,1.6143254,0.08830636,0.5450988,0.0,0.0,0.019086044,0.53543174,7.4150844,0.4254488,0.013449785,0.26830497,2.7705219,2.5601819,0.8053146,0.0,0.0,0.0,0.0,0.0,0.0,0.0,0.0,0.0,16.786247
20.0,6.0,0.118002795,0.042714234,0.0043840804,0.011074908,0.0,0.0,0.001804299,0.007115866,0.20446557,0.0045399545,0.006190765,0.008320557,0.077943526,0.09016612,0.016602159,0.0,0.0,0.0,0.0,0.0,0.0,0.0,0.0,0.0,0.069212824
20.0,8.0,0.0017383969,4.0537136E-4,4.532834E-5,3.9438927E-4,0.0,0.0,2.4230394E-5,5.4507913E-5,0.004177279,1.2844331E-4,5.632458E-4,2.3729628E-4,7.356792E-4,8.285218E-4,1.4708872E-4,0.0,0.0,0.0,0.0,0.0,0.0,0.0,0.0,0.0,0.0
20.0,10.0,1.5583648E-5,2.5122711E-11,0.0,0.0,0.0,0.0,0.0,6.3478694E-7,6.445121E-5,1.6889888E-10,3.058884E-5,0.0,2.0799955E-5,1.4325948E-5,0.0,0.0,0.0,0.0,0.0,0.0,0.0,0.0,0.0,0.0,0.0
20.0,12.0,0.0,0.0,0.0,0.0,0.0,0.0,0.0,0.0,0.0,0.0,0.0,0.0,0.0,0.0,0.0,0.0,0.0,0.0,0.0,0.0,0.0,0.0,0.0,0.0,0.0
20.0,14.0,0.0,0.0,0.0,0.0,0.0,0.0,0.0,0.0,0.0,0.0,0.0,0.0,0.0,0.0,0.0,0.0,0.0,0.0,0.0,0.0,0.0,0.0,0.0,0.0,0.0
20.0,16.0,0.0,0.0,0.0,0.0,0.0,0.0,0.0,0.0,0.0,0.0,0.0,0.0,0.0,0.0,0.0,0.0,0.0,0.0,0.0,0.0,0.0,0.0,0.0,0.0,0.0
20.0,18.0,0.0,0.0,0.0,0.0,0.0,0.0,0.0,0.0,0.0,0.0,0.0,0.0,0.0,0.0,0.0,0.0,0.0,0.0,0.0,0.0,0.0,0.0,0.0,0.0,0.0
20.0,20.0,0.0,0.0,0.0,0.0,0.0,0.0,0.0,0.0,0.0,0.0,0.0,0.0,0.0,0.0,0.0,0.0,0.0,0.0,0.0,0.0,0.0,0.0,0.0,0.0,0.0
20.0,22.0,0.0,0.0,0.0,0.0,0.0,0.0,0.0,0.0,0.0,0.0,0.0,0.0,0.0,0.0,0.0,0.0,0.0,0.0,0.0,0.0,0.0,0.0,0.0,0.0,0.0
20.0,24.0,0.0,0.0,0.0,0.0,0.0,0.0,0.0,0.0,0.0,0.0,0.0,0.0,0.0,0.0,0.0,0.0,0.0,0.0,0.0,0.0,0.0,0.0,0.0,0.0,0.0
20.0,26.0,0.0,0.0,0.0,0.0,0.0,0.0,0.0,0.0,0.0,0.0,0.0,0.0,0.0,0.0,0.0,0.0,0.0,0.0,0.0,0.0,0.0,0.0,0.0,0.0,0.0
20.0,28.0,0.0,0.0,0.0,0.0,0.0,0.0,0.0,0.0,0.0,0.0,0.0,0.0,0.0,0.0,0.0,0.0,0.0,0.0,0.0,0.0,0.0,0.0,0.0,0.0,0.0
20.0,30.0,0.0,0.0,0.0,0.0,0.0,0.0,0.0,0.0,0.0,0.0,0.0,0.0,0.0,0.0,0.0,0.0,0.0,0.0,0.0,0.0,0.0,0.0,0.0,0.0,0.0
20.0,32.0,0.0,0.0,0.0,0.0,0.0,0.0,0.0,0.0,0.0,0.0,0.0,0.0,0.0,0.0,0.0,0.0,0.0,0.0,0.0,0.0,0.0,0.0,0.0,0.0,0.0
20.0,34.0,0.0,0.0,0.0,0.0,0.0,0.0,0.0,0.0,0.0,0.0,0.0,0.0,0.0,0.0,0.0,0.0,0.0,0.0,0.0,0.0,0.0,0.0,0.0,0.0,0.0
20.0,36.0,0.0,0.0,0.0,0.0,0.0,0.0,0.0,0.0,0.0,0.0,0.0,0.0,0.0,0.0,0.0,0.0,0.0,0.0,0.0,0.0,0.0,0.0,0.0,0.0,0.0
20.0,38.0,0.0,0.0,0.0,0.0,0.0,0.0,0.0,0.0,0.0,0.0,0.0,0.0,0.0,0.0,0.0,0.0,0.0,0.0,0.0,0.0,0.0,0.0,0.0,0.0,0.0
20.0,40.0,0.0,0.0,0.0,0.0,0.0,0.0,0.0,0.0,0.0,0.0,0.0,0.0,0.0,0.0,0.0,0.0,0.0,0.0,0.0,0.0,0.0,0.0,0.0,0.0,0.0
