"Distribution of cumulative catch (number of fish per time step of saving) by Size class (cm). Class i designates interval [i,i+1[."
"Time","Size","AtlanticHerring","AtlanticMackerel","BlackSeaBass","Scup","SpinyDogfish","StripedBass","Goosefish","WinterFlounder","Squids","Flounders","SkateRays","Hakes","Benthopelagics","MiscellaneousDemersals","ShallowDemersal","WhitePerch","AtlanticTomcod"
1.0,0.0,0.0,0.0,0.0,0.0,0.0,0.0,0.0,0.0,0.0,0.0,0.0,0.0,1.109611E7,0.0,0.0,0.0,0.0
1.0,10.0,236243.39,0.0,0.0,0.0,0.0,0.0,0.0,0.0,6.8249536E7,0.0,0.0,0.0,0.0,3057437.2,0.0,0.0,0.0
1.0,20.0,239468.77,12362.024,0.0,52941.914,0.0,0.0,0.0,0.0,2.2342374E7,0.0,0.0,355.31454,0.0,9260017.0,5004.1123,0.0,0.0
1.0,30.0,5472.6826,536352.06,0.0,91304.984,0.0,0.0,0.0,4.76848256E8,0.0,0.0,1.0221345,471.7816,0.0,185450.03,0.0,0.0,0.0
1.0,40.0,0.0,21973.71,4568.0,0.0,0.0,0.0,8448.1455,5.1811536E8,0.0,9.729168E7,4.5546236,371.31055,0.0,0.0,0.0,0.0,0.0
1.0,50.0,0.0,0.0,1659.4609,0.0,10480.144,0.0,8909.866,0.0,0.0,6.285008E8,2.5547595,0.0,0.0,0.0,0.0,0.0,0.0
1.0,60.0,0.0,0.0,0.0,0.0,10120.766,0.0,6110.7905,0.0,0.0,4.35660224E8,0.0,0.0,0.0,0.0,0.0,0.0,0.0
1.0,70.0,0.0,0.0,0.0,0.0,8860.565,1773.5039,3972.4094,0.0,0.0,2.0320496E7,0.0,0.0,0.0,0.0,0.0,0.0,0.0
1.0,80.0,0.0,0.0,0.0,0.0,10108.684,1121.1456,2429.2993,0.0,0.0,0.0,0.0,0.0,0.0,0.0,0.0,0.0,0.0
1.0,90.0,0.0,0.0,0.0,0.0,10823.328,556.01416,1852.728,0.0,0.0,0.0,0.0,0.0,0.0,0.0,0.0,0.0,0.0
1.0,100.0,0.0,0.0,0.0,0.0,13606.651,36.562565,1301.0531,0.0,0.0,0.0,0.0,0.0,0.0,0.0,0.0,0.0,0.0
1.0,110.0,0.0,0.0,0.0,0.0,19860.2,0.0,902.28467,0.0,0.0,0.0,0.0,0.0,0.0,0.0,0.0,0.0,0.0
1.0,120.0,0.0,0.0,0.0,0.0,0.0,0.0,1249.8577,0.0,0.0,0.0,0.0,0.0,0.0,0.0,0.0,0.0,0.0
2.0,0.0,0.0,0.0,0.0,0.0,0.0,0.0,0.0,0.0,0.0,0.0,0.0,0.0,7.6141584E7,0.0,0.0,0.0,0.0
2.0,10.0,271758.44,0.0,0.0,0.0,0.0,0.0,0.0,0.0,9.779164E7,0.0,0.0,0.0,17.006876,7565548.0,0.0,0.0,0.0
2.0,20.0,491153.5,118447.12,0.0,26114.064,0.0,0.0,0.0,0.0,5.0327956E7,0.0,0.0,30.848904,0.0,4.6255064E7,270.22406,0.0,0.0
2.0,30.0,9257.578,242507.53,0.0,56835.05,0.0,0.0,0.0,1.02211187E9,0.0,0.0,289.63785,29.824478,0.0,1871968.2,0.0,0.0,0.0
2.0,40.0,0.0,191.57504,7116.3945,0.0,0.0,0.0,12.225335,9.3658362E8,0.0,903.41064,1664.2262,19.940742,0.0,0.0,0.0,0.0,0.0
2.0,50.0,0.0,0.0,3894.0017,0.0,8606.354,0.0,13.128211,0.0,0.0,3.72026848E8,1108.5553,0.0,0.0,0.0,0.0,0.0,0.0
2.0,60.0,0.0,0.0,0.0,0.0,8834.154,0.0,6.550445,0.0,0.0,2.34413328E8,0.0,0.0,0.0,0.0,0.0,0.0,0.0
2.0,70.0,0.0,0.0,0.0,0.0,8532.785,1652.118,4.297153,0.0,0.0,2.0037754,0.0,0.0,0.0,0.0,0.0,0.0,0.0
2.0,80.0,0.0,0.0,0.0,0.0,8352.16,1085.662,2.4155328,0.0,0.0,0.0,0.0,0.0,0.0,0.0,0.0,0.0,0.0
2.0,90.0,0.0,0.0,0.0,0.0,9495.13,558.87134,1.7328029,0.0,0.0,0.0,0.0,0.0,0.0,0.0,0.0,0.0,0.0
2.0,100.0,0.0,0.0,0.0,0.0,11555.64,32.55126,1.1923928,0.0,0.0,0.0,0.0,0.0,0.0,0.0,0.0,0.0,0.0
2.0,110.0,0.0,0.0,0.0,0.0,16901.494,0.0,0.81122476,0.0,0.0,0.0,0.0,0.0,0.0,0.0,0.0,0.0,0.0
2.0,120.0,0.0,0.0,0.0,0.0,0.0,0.0,1.0730902,0.0,0.0,0.0,0.0,0.0,0.0,0.0,0.0,0.0,0.0
3.0,0.0,0.0,0.0,0.0,0.0,0.0,0.0,0.0,0.0,0.0,0.0,0.0,0.0,5.9487092E7,0.0,0.0,0.0,0.0
3.0,10.0,51559.617,0.0,0.0,0.0,0.0,0.0,0.0,0.0,1.26800328E8,0.0,0.0,0.0,358.9732,5.356976E7,0.0,0.0,0.0
3.0,20.0,577121.0,23117.74,0.0,15640.82,0.0,0.0,0.0,0.0,4.7830792E7,0.0,0.0,2.2038128,0.0,8.7787496E7,25087.658,0.0,0.0
3.0,30.0,14915.483,94915.57,0.0,47342.418,0.0,0.0,0.0,2.0565344E7,0.0,0.0,70745.195,2781.6445,0.0,6910717.5,0.0,0.0,0.0
3.0,40.0,0.0,48.54753,8371.511,0.0,0.0,0.0,2521.5251,1.08626227E9,0.0,5.6395664E7,376171.7,1552.6971,0.0,0.0,0.0,0.0,0.0
3.0,50.0,0.0,0.0,7062.139,0.0,9909.146,0.0,2568.9246,0.0,0.0,2.93667968E8,321379.53,0.0,0.0,0.0,0.0,0.0,0.0
3.0,60.0,0.0,0.0,0.0,0.0,8288.671,0.0,1417.2457,0.0,0.0,1.5642552E8,0.0,0.0,0.0,0.0,0.0,0.0,0.0
3.0,70.0,0.0,0.0,0.0,0.0,8182.472,1934.6212,713.2525,0.0,0.0,0.0,0.0,0.0,0.0,0.0,0.0,0.0,0.0
3.0,80.0,0.0,0.0,0.0,0.0,7637.0166,813.72894,406.98682,0.0,0.0,0.0,0.0,0.0,0.0,0.0,0.0,0.0,0.0
3.0,90.0,0.0,0.0,0.0,0.0,8490.492,431.84406,263.61694,0.0,0.0,0.0,0.0,0.0,0.0,0.0,0.0,0.0,0.0
3.0,100.0,0.0,0.0,0.0,0.0,10245.235,21.999884,172.5123,0.0,0.0,0.0,0.0,0.0,0.0,0.0,0.0,0.0,0.0
3.0,110.0,0.0,0.0,0.0,0.0,14636.465,0.0,113.241,0.0,0.0,0.0,0.0,0.0,0.0,0.0,0.0,0.0,0.0
3.0,120.0,0.0,0.0,0.0,0.0,0.0,0.0,147.88441,0.0,0.0,0.0,0.0,0.0,0.0,0.0,0.0,0.0,0.0
4.0,0.0,0.0,0.0,0.0,0.0,0.0,0.0,0.0,0.0,0.0,0.0,0.0,0.0,4.3134664E7,0.0,0.0,0.0,0.0
4.0,10.0,192810.56,0.0,0.0,0.0,0.0,0.0,0.0,0.0,6.7352088E7,0.0,0.0,0.0,11.743188,8.5645808E7,0.0,0.0,0.0
4.0,20.0,525306.44,4613027.5,0.0,6426.13,0.0,0.0,0.0,0.0,2.2802312E7,0.0,0.0,55.35441,0.0,1.31146264E8,582717.94,0.0,0.0
4.0,30.0,41772.633,1.098659E7,0.0,67053.76,0.0,0.0,0.0,1.9408948E7,0.0,0.0,695.6276,3015.4028,0.0,1.0132072E7,0.0,0.0,0.0
4.0,40.0,0.0,9738.826,33141.574,441.28424,0.0,0.0,3608.2761,6.7324902E8,0.0,595947.8,581.4866,3188.8875,0.0,0.0,0.0,0.0,0.0
4.0,50.0,0.0,0.0,8865.811,0.0,13581.889,0.0,3553.557,0.0,0.0,3.31886592E8,621.9185,0.0,0.0,0.0,0.0,0.0,0.0
4.0,60.0,0.0,0.0,0.0,0.0,5161.115,0.0,1778.9822,0.0,0.0,1.4479152E8,0.0,0.0,0.0,0.0,0.0,0.0,0.0
4.0,70.0,0.0,0.0,0.0,0.0,4429.9995,1429.6775,785.67664,0.0,0.0,0.0,0.0,0.0,0.0,0.0,0.0,0.0,0.0
4.0,80.0,0.0,0.0,0.0,0.0,4581.533,930.5651,421.7993,0.0,0.0,0.0,0.0,0.0,0.0,0.0,0.0,0.0,0.0
4.0,90.0,0.0,0.0,0.0,0.0,4638.3335,363.19846,242.01291,0.0,0.0,0.0,0.0,0.0,0.0,0.0,0.0,0.0,0.0
4.0,100.0,0.0,0.0,0.0,0.0,5824.9478,17.051184,147.06712,0.0,0.0,0.0,0.0,0.0,0.0,0.0,0.0,0.0,0.0
4.0,110.0,0.0,0.0,0.0,0.0,8022.279,0.0,95.7047,0.0,0.0,0.0,0.0,0.0,0.0,0.0,0.0,0.0,0.0
4.0,120.0,0.0,0.0,0.0,0.0,0.0,0.0,118.85067,0.0,0.0,0.0,0.0,0.0,0.0,0.0,0.0,0.0,0.0
5.0,0.0,0.0,0.0,0.0,0.0,0.0,0.0,0.0,0.0,0.0,0.0,0.0,0.0,3.104324E7,0.0,0.0,0.0,0.0
5.0,10.0,234897.53,0.0,0.0,0.0,0.0,0.0,0.0,0.0,1.58200432E8,0.0,0.0,0.0,8.419438,5.9037624E7,0.0,0.0,0.0
5.0,20.0,491001.94,289687.03,0.0,0.07488009,0.0,0.0,0.0,0.0,5.85736E7,0.0,0.0,0.82814634,0.0,1.29655408E8,55061.94,0.0,0.0
5.0,30.0,93208.01,641564.5,0.0,30868.918,0.0,0.0,0.0,1.3913683E7,0.0,0.0,34.555317,586.5362,0.0,9335767.0,0.0,0.0,0.0
5.0,40.0,0.0,265.32407,28936.287,17498.754,0.0,0.0,0.0,3.4164176E8,0.0,3.951466E7,112.3594,7336.355,0.0,0.0,0.0,0.0,0.0
5.0,50.0,0.0,0.0,16897.105,0.0,42531.18,0.0,45260.43,3.55296E7,0.0,2.80635488E8,31.875895,0.0,0.0,0.0,0.0,0.0,0.0
5.0,60.0,0.0,0.0,0.0,0.0,7355.3335,0.0,32904.797,0.0,0.0,1.10698472E8,0.0,0.0,0.0,0.0,0.0,0.0,0.0
5.0,70.0,0.0,0.0,0.0,0.0,5864.809,2979.4072,16491.63,0.0,0.0,0.0,0.0,0.0,0.0,0.0,0.0,0.0,0.0
5.0,80.0,0.0,0.0,0.0,0.0,5758.0205,1027.8278,6758.6953,0.0,0.0,0.0,0.0,0.0,0.0,0.0,0.0,0.0,0.0
5.0,90.0,0.0,0.0,0.0,0.0,6097.7363,437.33035,3533.779,0.0,0.0,0.0,0.0,0.0,0.0,0.0,0.0,0.0,0.0
5.0,100.0,0.0,0.0,0.0,0.0,7288.938,17.124664,1953.537,0.0,0.0,0.0,0.0,0.0,0.0,0.0,0.0,0.0,0.0
5.0,110.0,0.0,0.0,0.0,0.0,9820.944,0.0,1290.1146,0.0,0.0,0.0,0.0,0.0,0.0,0.0,0.0,0.0,0.0
5.0,120.0,0.0,0.0,0.0,0.0,0.0,0.0,1433.6235,0.0,0.0,0.0,0.0,0.0,0.0,0.0,0.0,0.0,0.0
6.0,0.0,0.0,0.0,0.0,0.0,0.0,0.0,0.0,0.0,0.0,0.0,0.0,0.0,1.6497583E7,0.0,0.0,0.0,0.0
6.0,10.0,166096.42,0.0,0.0,0.0,0.0,0.0,0.0,0.0,1.8985112E8,0.0,0.0,0.0,7.334759,1.10115032E8,0.0,0.0,0.0
6.0,20.0,510185.94,5222304.5,0.0,0.0,0.0,0.0,0.0,0.0,6.7155752E7,0.0,0.0,744.7556,0.0,2.51717328E8,90215.79,0.0,0.0
6.0,30.0,188691.28,1.1146746E7,0.0,7799.742,0.0,0.0,0.0,9129840.0,0.0,0.0,230458.33,576.0642,0.0,1.4099492E7,0.0,0.0,0.0
6.0,40.0,0.0,1158.2278,9.945698,14588.3125,0.0,0.0,0.0,9.467448E7,0.0,5961315.5,1650623.2,45218.062,0.0,0.0,0.0,0.0,0.0
6.0,50.0,0.0,0.0,32596.27,0.0,52454.234,0.0,3.114634E-5,1.437448E8,0.0,4.03119296E8,397094.34,0.0,0.0,0.0,0.0,0.0,0.0
6.0,60.0,0.0,0.0,1754.678,0.0,13739.832,0.0,14.060707,0.0,0.0,8.2048344E7,0.0,0.0,0.0,0.0,0.0,0.0,0.0
6.0,70.0,0.0,0.0,0.0,0.0,5667.257,2251.4731,7.6142297,0.0,0.0,0.0,0.0,0.0,0.0,0.0,0.0,0.0,0.0
6.0,80.0,0.0,0.0,0.0,0.0,4836.42,694.99023,3.7557883,0.0,0.0,0.0,0.0,0.0,0.0,0.0,0.0,0.0,0.0
6.0,90.0,0.0,0.0,0.0,0.0,4959.4814,319.34033,1.4592232,0.0,0.0,0.0,0.0,0.0,0.0,0.0,0.0,0.0,0.0
6.0,100.0,0.0,0.0,0.0,0.0,5840.0503,9.745813,0.7582764,0.0,0.0,0.0,0.0,0.0,0.0,0.0,0.0,0.0,0.0
6.0,110.0,0.0,0.0,0.0,0.0,7554.883,0.0,0.4344314,0.0,0.0,0.0,0.0,0.0,0.0,0.0,0.0,0.0,0.0
6.0,120.0,0.0,0.0,0.0,0.0,0.0,0.0,0.4646235,0.0,0.0,0.0,0.0,0.0,0.0,0.0,0.0,0.0,0.0
7.0,0.0,0.0,0.0,0.0,0.0,0.0,0.0,0.0,0.0,0.0,0.0,0.0,0.0,1.4913528E7,0.0,0.0,0.0,0.0
7.0,10.0,157757.98,0.0,0.0,0.0,0.0,0.0,0.0,0.0,9.5615792E7,0.0,0.0,0.0,141.9648,1.57326368E8,0.0,0.0,0.0
7.0,20.0,559894.9,34134.062,0.0,0.0,0.0,0.0,0.0,0.0,3.284376E7,0.0,0.0,13976.585,0.0,2.36573392E8,130815.71,0.0,0.0
7.0,30.0,248706.95,69890.984,0.0,2313.7917,0.0,0.0,0.0,8794690.0,0.0,0.0,2.4413955,5619.589,0.0,1.1576801E7,0.0017032209,0.0,0.0
7.0,40.0,0.0,3.9214785,25.935255,20667.94,0.0,0.0,0.0,7.8568376E7,0.0,2.523314E7,14.953815,163099.42,0.0,0.0,0.0,0.0,0.0
7.0,50.0,0.0,0.0,25972.71,0.0,63874.055,0.0,0.0,1.42570528E8,0.0,2.11195952E8,5.3387856,0.0,0.0,0.0,0.0,0.0,0.0
7.0,60.0,0.0,0.0,3535.8215,0.0,40835.586,0.0,10.624992,0.0,0.0,5.6686112E7,0.0,0.0,0.0,0.0,0.0,0.0,0.0
7.0,70.0,0.0,0.0,0.0,0.0,7579.6772,2270.8206,360.5295,0.0,0.0,0.0,0.0,0.0,0.0,0.0,0.0,0.0,0.0
7.0,80.0,0.0,0.0,0.0,0.0,5951.376,614.1677,143.7861,0.0,0.0,0.0,0.0,0.0,0.0,0.0,0.0,0.0,0.0
7.0,90.0,0.0,0.0,0.0,0.0,5773.3716,261.94998,53.284695,0.0,0.0,0.0,0.0,0.0,0.0,0.0,0.0,0.0,0.0
7.0,100.0,0.0,0.0,0.0,0.0,7140.6646,5.4945517,24.83055,0.0,0.0,0.0,0.0,0.0,0.0,0.0,0.0,0.0,0.0
7.0,110.0,0.0,0.0,0.0,0.0,9064.751,0.0,12.240546,0.0,0.0,0.0,0.0,0.0,0.0,0.0,0.0,0.0,0.0
7.0,120.0,0.0,0.0,0.0,0.0,0.0,0.0,12.474028,0.0,0.0,0.0,0.0,0.0,0.0,0.0,0.0,0.0,0.0
8.0,0.0,0.0,0.0,0.0,0.0,0.0,0.0,0.0,0.0,0.0,0.0,0.0,0.0,6685530.5,0.0,0.0,0.0,0.0
8.0,10.0,420036.53,0.0,0.0,0.0,0.0,0.0,0.0,0.0,6.2765384E7,0.0,0.0,0.0,0.9264449,1.57350512E8,0.0,0.0,0.0
8.0,20.0,475850.3,3338024.8,0.0,0.0,0.0,0.0,0.0,0.0,2.4077092E7,0.0,0.0,15.042355,0.0,2.61395152E8,19049.053,0.0,0.0
8.0,30.0,194762.52,6977594.5,0.0,0.03359223,0.0,0.0,0.0,5625455.0,0.0,0.0,26.859026,2817.0193,0.0,1.0411413E7,19.909712,0.0,0.0
8.0,40.0,0.0,535.46796,69024.96,18259.475,0.0,0.0,0.0,3.9457324E7,0.0,5089147.5,72.81686,22899.291,0.0,0.0,0.0,0.0,0.0
8.0,50.0,0.0,0.0,5863.989,0.0,73639.375,0.0,0.0,9.108392E7,0.0,2.14958208E8,87.89242,0.0,0.0,0.0,0.0,0.0,0.0
8.0,60.0,0.0,0.0,18987.691,0.0,82077.94,0.0,0.0,0.0,0.0,2.8179476E7,0.0,0.0,0.0,0.0,0.0,0.0,0.0
8.0,70.0,0.0,0.0,0.0,0.0,13058.243,3031.2817,6184.9033,0.0,0.0,0.0,0.0,0.0,0.0,0.0,0.0,0.0,0.0
8.0,80.0,0.0,0.0,0.0,0.0,8340.675,598.60736,18293.17,0.0,0.0,0.0,0.0,0.0,0.0,0.0,0.0,0.0,0.0
8.0,90.0,0.0,0.0,0.0,0.0,8186.265,139.58496,6074.7207,0.0,0.0,0.0,0.0,0.0,0.0,0.0,0.0,0.0,0.0
8.0,100.0,0.0,0.0,0.0,0.0,9150.341,0.9335943,2089.6787,0.0,0.0,0.0,0.0,0.0,0.0,0.0,0.0,0.0,0.0
8.0,110.0,0.0,0.0,0.0,0.0,10916.899,0.0,899.5705,0.0,0.0,0.0,0.0,0.0,0.0,0.0,0.0,0.0,0.0
8.0,120.0,0.0,0.0,0.0,0.0,0.0,0.0,872.51636,0.0,0.0,0.0,0.0,0.0,0.0,0.0,0.0,0.0,0.0
9.0,0.0,0.0,0.0,0.0,0.0,0.0,0.0,0.0,0.0,0.0,0.0,0.0,0.0,1.0874932E7,0.0,0.0,0.0,0.0
9.0,10.0,290353.2,0.0,0.0,0.0,0.0,0.0,0.0,0.0,8.9974448E7,0.0,0.0,0.0,53.089005,8.8190216E7,0.0,0.0,0.0
9.0,20.0,788475.8,554302.7,0.0,0.0,0.0,0.0,0.0,0.0,3.1567818E7,0.0,0.0,17.342546,0.0,1.83614928E8,30293.674,0.0,0.0
9.0,30.0,236588.64,1778749.2,0.0,0.0,0.0,0.0,0.0,2924307.5,0.0,0.0,2035.3938,47.696438,0.0,6581750.5,93.986244,0.0,0.0
9.0,40.0,0.0,299.4253,10594.883,8078.191,0.0,0.0,0.0,2.054764E7,0.0,5.9091944E7,6387.251,364.58264,0.0,0.0,0.0,0.0,0.0
9.0,50.0,0.0,0.0,52017.043,0.0,62077.688,0.0,0.0,5.7057616E7,0.0,2.86670048E8,5840.2603,0.0,0.0,0.0,0.0,0.0,0.0
9.0,60.0,0.0,0.0,17279.9,0.0,73549.77,0.0,0.0,0.0,0.0,2.0352586E7,0.0,0.0,0.0,0.0,0.0,0.0,0.0
9.0,70.0,0.0,0.0,0.0,0.0,27527.096,2632.9912,0.0,0.0,0.0,0.0,0.0,0.0,0.0,0.0,0.0,0.0,0.0
9.0,80.0,0.0,0.0,0.0,0.0,7748.1885,539.4811,4681.893,0.0,0.0,0.0,0.0,0.0,0.0,0.0,0.0,0.0,0.0
9.0,90.0,0.0,0.0,0.0,0.0,6644.6514,129.29774,2998.0403,0.0,0.0,0.0,0.0,0.0,0.0,0.0,0.0,0.0,0.0
9.0,100.0,0.0,0.0,0.0,0.0,7442.6123,0.30478004,998.43915,0.0,0.0,0.0,0.0,0.0,0.0,0.0,0.0,0.0,0.0
9.0,110.0,0.0,0.0,0.0,0.0,9035.37,0.0,368.72943,0.0,0.0,0.0,0.0,0.0,0.0,0.0,0.0,0.0,0.0
9.0,120.0,0.0,0.0,0.0,0.0,0.0,0.0,303.49948,0.0,0.0,0.0,0.0,0.0,0.0,0.0,0.0,0.0,0.0
10.0,0.0,0.0,0.0,0.0,0.0,0.0,0.0,0.0,0.0,0.0,0.0,0.0,0.0,1.4485406E7,0.0,0.0,0.0,0.0
10.0,10.0,177141.33,0.0,0.0,0.0,0.0,0.0,0.0,0.0,8.8762048E7,0.0,0.0,0.0,65.31354,1.0693704E8,0.0,0.0,0.0
10.0,20.0,1048495.7,101741.82,0.0,0.0,0.0,0.0,0.0,0.0,3.44781E7,0.0,0.0,12625.994,0.0,2.59557008E8,478653.84,0.0,0.0
10.0,30.0,414737.0,210652.53,0.0,0.0,0.0,0.0,0.0,1156278.9,0.0,0.0,166.83853,243.12111,0.0,8942744.0,2371.4365,0.0,0.0
10.0,40.0,0.0,53.522583,19.524431,8022.373,0.0,0.0,0.0,7300352.5,0.0,2.019583E7,630.7221,3000.3552,0.0,0.0,0.0,0.0,0.0
10.0,50.0,0.0,0.0,88874.836,0.0,81984.664,0.0,0.0,2.1699098E7,0.0,3.7210336E8,487.21793,0.0,0.0,0.0,0.0,0.0,0.0
10.0,60.0,0.0,0.0,17411.49,0.0,85505.98,0.0,0.0,0.0,0.0,1.5004059E7,0.0,0.0,0.0,0.0,0.0,0.0,0.0
10.0,70.0,0.0,0.0,0.0,0.0,67050.48,3759.5693,0.0,0.0,0.0,0.0,0.0,0.0,0.0,0.0,0.0,0.0,0.0
10.0,80.0,0.0,0.0,0.0,0.0,10563.857,351.10233,2407.165,0.0,0.0,0.0,0.0,0.0,0.0,0.0,0.0,0.0,0.0
10.0,90.0,0.0,0.0,0.0,0.0,8687.637,102.72138,37284.418,0.0,0.0,0.0,0.0,0.0,0.0,0.0,0.0,0.0,0.0
10.0,100.0,0.0,0.0,0.0,0.0,9891.619,0.0,11825.858,0.0,0.0,0.0,0.0,0.0,0.0,0.0,0.0,0.0,0.0
10.0,110.0,0.0,0.0,0.0,0.0,10839.088,0.0,3556.3572,0.0,0.0,0.0,0.0,0.0,0.0,0.0,0.0,0.0,0.0
10.0,120.0,0.0,0.0,0.0,0.0,0.0,0.0,2349.672,0.0,0.0,0.0,0.0,0.0,0.0,0.0,0.0,0.0,0.0
11.0,0.0,0.0,0.0,0.0,0.0,0.0,0.0,0.0,0.0,0.0,0.0,0.0,0.0,8107443.0,0.0,0.0,0.0,0.0
11.0,10.0,450784.3,0.0,0.0,0.0,0.0,0.0,0.0,0.0,5.7919624E7,0.0,0.0,0.0,5.80546,1.04389456E8,0.0,0.0,0.0
11.0,20.0,628382.8,525678.6,0.0,0.0,0.0,0.0,0.0,0.0,2.1215336E7,0.0,0.0,1256.8849,0.0,2.03000816E8,186813.73,0.0,0.0
11.0,30.0,277225.28,1790904.5,0.0,0.0,0.0,0.0,0.0,562642.94,0.0,0.0,49430.438,28226.572,0.0,7321789.5,70.87641,0.0,0.0
11.0,40.0,0.0,828.8295,2909.02,9036.153,0.0,0.0,0.0,3773285.0,0.0,9849445.0,247066.22,5075.48,0.0,0.0,0.0,0.0,0.0
11.0,50.0,0.0,0.0,84160.016,0.0,61870.7,0.0,0.0,1.2162711E7,0.0,4.97213312E8,196899.8,0.0,0.0,0.0,0.0,0.0,0.0
11.0,60.0,0.0,0.0,15.626881,0.0,64381.465,0.0,0.0,0.0,0.0,9966098.0,0.0,0.0,0.0,0.0,0.0,0.0,0.0
11.0,70.0,0.0,0.0,0.0,0.0,70300.586,5456.7935,0.0,0.0,0.0,0.0,0.0,0.0,0.0,0.0,0.0,0.0,0.0
11.0,80.0,0.0,0.0,0.0,0.0,9119.942,292.7955,0.0,0.0,0.0,0.0,0.0,0.0,0.0,0.0,0.0,0.0,0.0
11.0,90.0,0.0,0.0,0.0,0.0,7346.8853,87.87394,26188.582,0.0,0.0,0.0,0.0,0.0,0.0,0.0,0.0,0.0,0.0
11.0,100.0,0.0,0.0,0.0,0.0,7030.9956,0.0,20608.709,0.0,0.0,0.0,0.0,0.0,0.0,0.0,0.0,0.0,0.0
11.0,110.0,0.0,0.0,0.0,0.0,8024.999,0.0,5473.481,0.0,0.0,0.0,0.0,0.0,0.0,0.0,0.0,0.0,0.0
11.0,120.0,0.0,0.0,0.0,0.0,0.0,0.0,2665.7568,0.0,0.0,0.0,0.0,0.0,0.0,0.0,0.0,0.0,0.0
12.0,0.0,0.0,0.0,0.0,0.0,0.0,0.0,0.0,0.0,0.0,0.0,0.0,0.0,1.6146065E7,0.0,0.0,0.0,0.0
12.0,10.0,252825.84,0.0,0.0,0.0,0.0,0.0,0.0,0.0,8.6168272E7,0.0,0.0,0.0,0.86247027,7.7887016E7,0.0,0.0,0.0
12.0,20.0,706013.6,1381700.9,0.0,0.0,0.0,0.0,0.0,0.0,3.2433276E7,0.0,0.0,4089.963,0.0,1.65417632E8,3402.2056,0.0,0.0
12.0,30.0,209809.3,3089846.0,0.0,0.0,0.0,0.0,0.0,638430.6,0.0,0.0,5415.738,175053.66,0.0,5878074.5,0.0,0.0,0.0
12.0,40.0,0.0,2168.4539,157.76738,7924.3545,0.0,0.0,0.0,3971739.2,0.0,1.0199303E7,28232.227,26818.045,0.0,0.0,0.0,0.0,0.0
12.0,50.0,0.0,0.0,13803.067,0.0,104237.63,0.0,0.0,1.4766445E7,0.0,5.23477056E8,29157.092,0.0,0.0,0.0,0.0,0.0,0.0
12.0,60.0,0.0,0.0,27621.299,0.0,110208.19,0.0,0.0,0.0,0.0,0.0,128.16734,0.0,0.0,0.0,0.0,0.0,0.0
12.0,70.0,0.0,0.0,0.0,0.0,127448.586,7550.059,0.0,0.0,0.0,0.0,0.0,0.0,0.0,0.0,0.0,0.0,0.0
12.0,80.0,0.0,0.0,0.0,0.0,30821.283,240.08073,0.0,0.0,0.0,0.0,0.0,0.0,0.0,0.0,0.0,0.0,0.0
12.0,90.0,0.0,0.0,0.0,0.0,11527.895,45.638027,1.1897916,0.0,0.0,0.0,0.0,0.0,0.0,0.0,0.0,0.0,0.0
12.0,100.0,0.0,0.0,0.0,0.0,12540.343,0.0,34.23356,0.0,0.0,0.0,0.0,0.0,0.0,0.0,0.0,0.0,0.0
12.0,110.0,0.0,0.0,0.0,0.0,12182.096,0.0,9.437048,0.0,0.0,0.0,0.0,0.0,0.0,0.0,0.0,0.0,0.0
12.0,120.0,0.0,0.0,0.0,0.0,0.0,0.0,2.904706,0.0,0.0,0.0,0.0,0.0,0.0,0.0,0.0,0.0,0.0
13.0,0.0,0.0,0.0,0.0,0.0,0.0,0.0,0.0,0.0,0.0,0.0,0.0,0.0,1.5864952E7,0.0,0.0,0.0,0.0
13.0,10.0,265569.88,0.0,0.0,0.0,0.0,0.0,0.0,0.0,7.4829416E7,0.0,0.0,0.0,37.224365,1.29751408E8,0.0,0.0,0.0
13.0,20.0,598750.44,77883.83,0.0,0.0,0.0,0.0,0.0,0.0,2.7555464E7,0.0,0.0,948.3337,0.0,2.35300384E8,2011.1445,0.0,0.0
13.0,30.0,248189.42,185694.64,0.0,0.0,0.0,0.0,0.0,750719.9,0.0,0.0,2295.63,13322.337,0.0,7283373.0,0.0,0.0,0.0
13.0,40.0,0.0,89.28172,374326.38,6990.516,0.0,0.0,0.0,3987260.0,0.0,1.0052571E7,10109.858,2086.8435,0.0,0.0,0.0,0.0,0.0
13.0,50.0,0.0,0.0,1883.0253,0.0,122660.94,0.0,0.0,1.7120886E7,0.0,4.15068416E8,12076.247,0.0,0.0,0.0,0.0,0.0,0.0
13.0,60.0,0.0,0.0,51461.51,0.0,126944.52,0.0,0.0,0.0,0.0,0.0,1138.2885,0.0,0.0,0.0,0.0,0.0,0.0
13.0,70.0,0.0,0.0,0.0,0.0,133298.9,15929.666,0.0,0.0,0.0,0.0,0.0,0.0,0.0,0.0,0.0,0.0,0.0
13.0,80.0,0.0,0.0,0.0,0.0,72733.664,274.51627,0.0,0.0,0.0,0.0,0.0,0.0,0.0,0.0,0.0,0.0,0.0
13.0,90.0,0.0,0.0,0.0,0.0,14069.071,14.857743,0.0,0.0,0.0,0.0,0.0,0.0,0.0,0.0,0.0,0.0,0.0
13.0,100.0,0.0,0.0,0.0,0.0,12666.18,0.0,824.07385,0.0,0.0,0.0,0.0,0.0,0.0,0.0,0.0,0.0,0.0
13.0,110.0,0.0,0.0,0.0,0.0,13217.029,0.0,500.29996,0.0,0.0,0.0,0.0,0.0,0.0,0.0,0.0,0.0,0.0
13.0,120.0,0.0,0.0,0.0,0.0,0.0,0.0,133.27458,0.0,0.0,0.0,0.0,0.0,0.0,0.0,0.0,0.0,0.0
14.0,0.0,0.0,0.0,0.0,0.0,0.0,0.0,0.0,0.0,0.0,0.0,0.0,0.0,2.0577124E7,0.0,0.0,0.0,0.0
14.0,10.0,411852.78,0.0,0.0,0.0,0.0,0.0,0.0,0.0,5.3079996E7,0.0,0.0,0.0,1147.5754,8.1706168E7,0.0,0.0,0.0
14.0,20.0,646062.4,66646.98,0.0,0.0,0.0,0.0,0.0,0.0,1.982101E7,0.0,0.0,14175.482,0.0,1.4865448E8,3710.2715,0.0,0.0
14.0,30.0,229169.03,179186.27,0.0,0.0,0.0,0.0,0.0,940708.7,0.0,0.0,122.67504,1015529.9,0.0,4855670.0,0.0,0.0,0.0
14.0,40.0,0.0,75.20078,443961.72,8510.892,0.0,0.0,0.0,4347743.5,0.0,1.1041533E7,613.2001,106319.05,0.0,0.0,0.0,0.0,0.0
14.0,50.0,0.0,0.0,1910.5066,0.0,126409.67,0.0,0.0,2.322176E7,0.0,3.97380064E8,793.73596,0.0,0.0,0.0,0.0,0.0,0.0
14.0,60.0,0.0,0.0,12970.749,0.0,126349.17,0.0,0.0,0.0,0.0,0.0,14.799395,0.0,0.0,0.0,0.0,0.0,0.0
14.0,70.0,0.0,0.0,0.0,0.0,131331.92,16393.916,0.0,0.0,0.0,0.0,0.0,0.0,0.0,0.0,0.0,0.0,0.0
14.0,80.0,0.0,0.0,0.0,0.0,101984.5,302.9321,0.0,0.0,0.0,0.0,0.0,0.0,0.0,0.0,0.0,0.0,0.0
14.0,90.0,0.0,0.0,0.0,0.0,14583.119,1.9018785,0.0,0.0,0.0,0.0,0.0,0.0,0.0,0.0,0.0,0.0,0.0
14.0,100.0,0.0,0.0,0.0,0.0,13551.813,0.0,2404.2532,0.0,0.0,0.0,0.0,0.0,0.0,0.0,0.0,0.0,0.0
14.0,110.0,0.0,0.0,0.0,0.0,11678.63,0.0,9821.342,0.0,0.0,0.0,0.0,0.0,0.0,0.0,0.0,0.0,0.0
14.0,120.0,0.0,0.0,0.0,0.0,0.0,0.0,1858.3346,0.0,0.0,0.0,0.0,0.0,0.0,0.0,0.0,0.0,0.0
15.0,0.0,0.0,0.0,0.0,0.0,0.0,0.0,0.0,0.0,0.0,0.0,0.0,0.0,6.9453016E7,0.0,0.0,0.0,0.0
15.0,10.0,335360.62,0.0,0.0,0.0,0.0,0.0,0.0,0.0,8.971868E7,0.0,0.0,0.0,3.4791307,9.6236496E7,0.0,0.0,0.0
15.0,20.0,609510.25,2428481.0,0.0,0.0,0.0,0.0,0.0,0.0,3.302849E7,0.0,0.0,8.436356,0.0,1.85064288E8,12314.514,0.0,0.0
15.0,30.0,142323.89,5744251.5,0.0,0.0,0.0,0.0,0.0,810091.5,0.0,0.0,1737.0652,125.6784,0.0,6355163.0,0.0,0.0,0.0
15.0,40.0,0.0,4334.447,287914.03,6146.186,0.0,0.0,0.0,2562908.8,0.0,9972724.0,6799.437,1056.9498,0.0,0.0,0.0,0.0,0.0
15.0,50.0,0.0,0.0,418.06305,0.0,201017.47,0.0,0.0,2.04036E7,0.0,3.25115744E8,9306.595,0.0,0.0,0.0,0.0,0.0,0.0
15.0,60.0,0.0,0.0,907.07355,0.0,213651.77,0.0,0.0,0.0,0.0,0.0,226.84976,0.0,0.0,0.0,0.0,0.0,0.0
15.0,70.0,0.0,0.0,0.0,0.0,217493.97,8602.506,0.0,0.0,0.0,0.0,0.0,0.0,0.0,0.0,0.0,0.0,0.0
15.0,80.0,0.0,0.0,0.0,0.0,201244.8,137.65532,0.0,0.0,0.0,0.0,0.0,0.0,0.0,0.0,0.0,0.0,0.0
15.0,90.0,0.0,0.0,0.0,0.0,25822.514,0.0,0.0,0.0,0.0,0.0,0.0,0.0,0.0,0.0,0.0,0.0,0.0
15.0,100.0,0.0,0.0,0.0,0.0,19887.404,0.0,0.0,0.0,0.0,0.0,0.0,0.0,0.0,0.0,0.0,0.0,0.0
15.0,110.0,0.0,0.0,0.0,0.0,18228.781,0.0,44.614826,0.0,0.0,0.0,0.0,0.0,0.0,0.0,0.0,0.0,0.0
15.0,120.0,0.0,0.0,0.0,0.0,0.0,0.0,14.422456,0.0,0.0,0.0,0.0,0.0,0.0,0.0,0.0,0.0,0.0
16.0,0.0,0.0,0.0,0.0,0.0,0.0,0.0,0.0,0.0,0.0,0.0,0.0,0.0,3.6360144E7,0.0,0.0,0.0,0.0
16.0,10.0,223555.17,0.0,0.0,0.0,0.0,0.0,0.0,0.0,9.1193464E7,0.0,0.0,0.0,6205.4194,6.9721472E7,0.0,0.0,0.0
16.0,20.0,577546.8,641791.06,0.0,0.0,0.0,0.0,0.0,0.0,3.496334E7,0.0,0.0,2151.5503,0.0,1.4742104E8,52046.418,0.0,0.0
16.0,30.0,155684.55,1290257.0,0.0,0.0,0.0,0.0,0.0,717829.6,0.0,0.0,134.00221,5775.284,0.0,4393358.5,0.0,0.0,0.0
16.0,40.0,0.0,630.1127,759.0724,7165.9414,0.0,0.0,0.0,1866318.9,0.0,1.1011405E7,743.06366,210498.1,0.0,0.0,0.0,0.0,0.0
16.0,50.0,0.0,0.0,192373.2,0.0,165752.73,0.0,0.0,1.6433908E7,0.0,2.85555168E8,1021.1466,0.0,0.0,0.0,0.0,0.0,0.0
16.0,60.0,0.0,0.0,685.8165,0.0,168431.39,0.0,0.0,0.0,0.0,0.0,29.307852,0.0,0.0,0.0,0.0,0.0,0.0
16.0,70.0,0.0,0.0,0.0,0.0,168531.0,5382.3857,0.0,0.0,0.0,0.0,0.0,0.0,0.0,0.0,0.0,0.0,0.0
16.0,80.0,0.0,0.0,0.0,0.0,177831.02,70.86567,0.0,0.0,0.0,0.0,0.0,0.0,0.0,0.0,0.0,0.0,0.0
16.0,90.0,0.0,0.0,0.0,0.0,21421.135,0.0,0.0,0.0,0.0,0.0,0.0,0.0,0.0,0.0,0.0,0.0,0.0
16.0,100.0,0.0,0.0,0.0,0.0,15717.415,0.0,0.0,0.0,0.0,0.0,0.0,0.0,0.0,0.0,0.0,0.0,0.0
16.0,110.0,0.0,0.0,0.0,0.0,12320.123,0.0,636.28546,0.0,0.0,0.0,0.0,0.0,0.0,0.0,0.0,0.0,0.0
16.0,120.0,0.0,0.0,0.0,0.0,0.0,0.0,448.5278,0.0,0.0,0.0,0.0,0.0,0.0,0.0,0.0,0.0,0.0
17.0,0.0,0.0,0.0,0.0,0.0,0.0,0.0,0.0,0.0,0.0,0.0,0.0,0.0,2.7681408E7,0.0,0.0,0.0,0.0
17.0,10.0,395361.78,0.0,0.0,0.0,0.0,0.0,0.0,0.0,1.25906312E8,0.0,0.0,0.0,44.063145,9.0102592E7,0.0,0.0,0.0
17.0,20.0,497937.1,451455.47,0.0,0.0,0.0,0.0,0.0,0.0,4.4734284E7,0.0,0.0,142.41054,0.0,1.81211088E8,1600.7739,0.0,0.0
17.0,30.0,135300.53,1209286.8,0.0,0.0,0.0,0.0,0.0,604667.94,0.0,0.0,971.6664,310.81375,0.0,4897498.5,0.0,0.0,0.0
17.0,40.0,0.0,433.43304,2615.6848,4434.0786,0.0,0.0,0.0,1701571.2,0.0,1.0905088E7,7852.949,39781.766,0.0,0.0,0.0,0.0,0.0
17.0,50.0,0.0,0.0,189501.61,0.0,306729.47,0.0,0.0,8613904.0,0.0,2.67354496E8,11737.195,0.0,0.0,0.0,0.0,0.0,0.0
17.0,60.0,0.0,0.0,334.00577,0.0,239285.6,0.0,0.0,0.0,0.0,0.0,578.07007,0.0,0.0,0.0,0.0,0.0,0.0
17.0,70.0,0.0,0.0,0.0,0.0,241660.11,4638.7983,0.0,0.0,0.0,0.0,0.0,0.0,0.0,0.0,0.0,0.0,0.0
17.0,80.0,0.0,0.0,0.0,0.0,267544.7,52.506413,0.0,0.0,0.0,0.0,0.0,0.0,0.0,0.0,0.0,0.0,0.0
17.0,90.0,0.0,0.0,0.0,0.0,56087.58,0.0,0.0,0.0,0.0,0.0,0.0,0.0,0.0,0.0,0.0,0.0,0.0
17.0,100.0,0.0,0.0,0.0,0.0,21460.598,0.0,0.0,0.0,0.0,0.0,0.0,0.0,0.0,0.0,0.0,0.0,0.0
17.0,110.0,0.0,0.0,0.0,0.0,15781.642,0.0,3.5216126,0.0,0.0,0.0,0.0,0.0,0.0,0.0,0.0,0.0,0.0
17.0,120.0,0.0,0.0,0.0,0.0,0.0,0.0,15.583597,0.0,0.0,0.0,0.0,0.0,0.0,0.0,0.0,0.0,0.0
18.0,0.0,0.0,0.0,0.0,0.0,0.0,0.0,0.0,0.0,0.0,0.0,0.0,0.0,5.4375416E7,0.0,0.0,0.0,0.0
18.0,10.0,180962.72,0.0,0.0,0.0,0.0,0.0,0.0,0.0,1.04932896E8,0.0,0.0,0.0,523.32916,8.611256E7,0.0,0.0,0.0
18.0,20.0,542311.0,375270.22,0.0,0.0,0.0,0.0,0.0,0.0,3.75137E7,0.0,0.0,800.42914,0.0,1.51839136E8,886.5114,0.0,0.0
18.0,30.0,103475.734,1072371.9,0.0,0.0,0.0,0.0,0.0,347813.53,0.0,0.0,1770.1796,354.5104,0.0,3724176.5,0.0,0.0,0.0
18.0,40.0,0.0,428.0542,24531.406,1161.4703,0.0,0.0,0.0,1265379.5,0.0,9546938.0,15012.606,27614.55,0.0,0.0,0.0,0.0,0.0
18.0,50.0,0.0,0.0,242872.11,2674.1338,367361.9,0.0,0.0,5632822.5,0.0,2.31101888E8,30598.512,0.0,0.0,0.0,0.0,0.0,0.0
18.0,60.0,0.0,0.0,377.4068,0.0,232835.44,0.0,0.0,0.0,0.0,0.0,1561.1066,0.0,0.0,0.0,0.0,0.0,0.0
18.0,70.0,0.0,0.0,0.0,0.0,230355.3,3679.731,0.0,0.0,0.0,0.0,0.0,0.0,0.0,0.0,0.0,0.0,0.0
18.0,80.0,0.0,0.0,0.0,0.0,234648.42,27.960052,0.0,0.0,0.0,0.0,0.0,0.0,0.0,0.0,0.0,0.0,0.0
18.0,90.0,0.0,0.0,0.0,0.0,93755.195,0.0,0.0,0.0,0.0,0.0,0.0,0.0,0.0,0.0,0.0,0.0,0.0
18.0,100.0,0.0,0.0,0.0,0.0,19132.34,0.0,0.0,0.0,0.0,0.0,0.0,0.0,0.0,0.0,0.0,0.0,0.0
18.0,110.0,0.0,0.0,0.0,0.0,13617.109,0.0,0.0,0.0,0.0,0.0,0.0,0.0,0.0,0.0,0.0,0.0,0.0
18.0,120.0,0.0,0.0,0.0,0.0,0.0,0.0,97.76615,0.0,0.0,0.0,0.0,0.0,0.0,0.0,0.0,0.0,0.0
19.0,0.0,0.0,0.0,0.0,0.0,0.0,0.0,0.0,0.0,0.0,0.0,0.0,0.0,3.2874992E7,0.0,0.0,0.0,0.0
19.0,10.0,451109.1,0.0,0.0,0.0,0.0,0.0,0.0,0.0,1.00220136E8,0.0,0.0,0.0,48.819725,9.4637936E7,0.0,0.0,0.0
19.0,20.0,551772.6,1664677.1,0.0,0.0,0.0,0.0,0.0,0.0,3.6755176E7,0.0,0.0,5333.3784,0.0,1.782384E8,3061.5251,0.0,0.0
19.0,30.0,132023.56,4231334.0,0.0,0.0,0.0,0.0,0.0,141419.77,0.0,0.0,0.91085017,169460.77,0.0,4252982.0,0.0,0.0,0.0
19.0,40.0,0.0,1394.8906,21220.701,0.0,0.0,0.0,0.0,718036.6,0.0,7850357.5,8.689783,4549515.5,0.0,0.0,0.0,0.0,0.0
19.0,50.0,0.0,0.0,16511.705,1823.8502,364349.44,0.0,0.0,3842879.5,0.0,2.18556768E8,25.780901,0.0,0.0,0.0,0.0,0.0,0.0
19.0,60.0,0.0,0.0,715.4792,0.0,252835.17,0.0,0.0,0.0,0.0,0.0,1.4001335,0.0,0.0,0.0,0.0,0.0,0.0
19.0,70.0,0.0,0.0,0.0,0.0,203901.8,2513.8606,0.0,0.0,0.0,0.0,0.0,0.0,0.0,0.0,0.0,0.0,0.0
19.0,80.0,0.0,0.0,0.0,0.0,202614.84,3.9547105,0.0,0.0,0.0,0.0,0.0,0.0,0.0,0.0,0.0,0.0,0.0
19.0,90.0,0.0,0.0,0.0,0.0,110180.055,0.0,0.0,0.0,0.0,0.0,0.0,0.0,0.0,0.0,0.0,0.0,0.0
19.0,100.0,0.0,0.0,0.0,0.0,16852.652,0.0,0.0,0.0,0.0,0.0,0.0,0.0,0.0,0.0,0.0,0.0,0.0
19.0,110.0,0.0,0.0,0.0,0.0,10156.338,0.0,0.0,0.0,0.0,0.0,0.0,0.0,0.0,0.0,0.0,0.0,0.0
19.0,120.0,0.0,0.0,0.0,0.0,0.0,0.0,12.5526085,0.0,0.0,0.0,0.0,0.0,0.0,0.0,0.0,0.0,0.0
20.0,0.0,0.0,0.0,0.0,0.0,0.0,0.0,0.0,0.0,0.0,0.0,0.0,0.0,4.4795848E7,0.0,0.0,0.0,0.0
20.0,10.0,149180.17,0.0,0.0,0.0,0.0,0.0,0.0,0.0,8.287568E7,0.0,0.0,0.0,167.27354,1.81401504E8,0.0,0.0,0.0
20.0,20.0,266439.7,3965289.2,0.0,0.0,0.0,0.0,0.0,0.0,2.9727968E7,0.0,0.0,4.990529,0.0,3.21439328E8,46.93772,0.0,0.0
20.0,30.0,56191.83,5884135.5,0.0,0.0,0.0,0.0,0.0,81273.09,0.0,0.0,105.01205,51.8488,0.0,8109071.5,0.0,0.0,0.0
20.0,40.0,0.0,934.17346,3180.2146,0.0,0.0,0.0,0.0,354797.5,0.0,8147621.5,1419.886,2541.7651,0.0,0.0,0.0,0.0,0.0
20.0,50.0,0.0,0.0,36276.02,553.373,544609.8,0.0,0.0,2582234.2,0.0,2.70541376E8,6157.992,0.0,0.0,0.0,0.0,0.0,0.0
20.0,60.0,0.0,0.0,1264.3152,0.0,476515.28,0.0,0.0,0.0,0.0,0.0,333.90024,0.0,0.0,0.0,0.0,0.0,0.0
20.0,70.0,0.0,0.0,0.0,0.0,301013.22,1735.0071,0.0,0.0,0.0,0.0,0.0,0.0,0.0,0.0,0.0,0.0,0.0
20.0,80.0,0.0,0.0,0.0,0.0,298973.53,0.06531674,0.0,0.0,0.0,0.0,0.0,0.0,0.0,0.0,0.0,0.0,0.0
20.0,90.0,0.0,0.0,0.0,0.0,190974.11,0.0,0.0,0.0,0.0,0.0,0.0,0.0,0.0,0.0,0.0,0.0,0.0
20.0,100.0,0.0,0.0,0.0,0.0,23513.992,0.0,0.0,0.0,0.0,0.0,0.0,0.0,0.0,0.0,0.0,0.0,0.0
20.0,110.0,0.0,0.0,0.0,0.0,13239.557,0.0,0.0,0.0,0.0,0.0,0.0,0.0,0.0,0.0,0.0,0.0,0.0
20.0,120.0,0.0,0.0,0.0,0.0,0.0,0.0,1440.9109,0.0,0.0,0.0,0.0,0.0,0.0,0.0,0.0,0.0,0.0
