"Distribution of fish species biomass (tonne) by Size class (cm). Class i designates interval [i,i+1[."
"Time","Size","AtlanticHerring","AtlanticMackerel","BlackSeaBass","Scup","SpinyDogfish","StripedBass","Goosefish","WinterFlounder","Squids","Flounders","SkateRays","Hakes","Benthopelagics","MiscellaneousDemersals","ShallowDemersal","WhitePerch","AtlanticTomcod"
1.0,0.0,5178.8247,2298.3118,18.250742,50.377705,0.0,0.0,0.16851056,833.24457,255956.86,32.823498,0.0,168.86139,115781.75,56061.98,45986.98,2.6043258,0.28786346
1.0,10.0,26478.58,1276.1677,2.309723,104.839935,0.0,9.192494E-5,0.87431085,1440.0685,143924.47,1285.7014,224.26567,99.496284,0.0,48926.54,4281.034,0.33179015,0.11352429
1.0,20.0,10989.01,8322.683,9.328598,544.32104,0.0,108.43147,16.541903,260.88217,2303.251,1135.8568,1989.8872,240.32664,0.0,11277.848,4017.1633,1.1415988,0.23104422
1.0,30.0,256.16013,4553.693,35.32107,555.89355,520.1332,752.8181,56.541206,134.18956,0.0,700.7074,3663.5193,537.60706,0.0,8173.6455,0.0,0.0,0.0
1.0,40.0,0.0,154.00122,38.58628,0.0,282.78442,892.31946,64.835884,83.34479,0.0,722.6225,7426.893,939.6716,0.0,0.0,0.0,0.0,0.0
1.0,50.0,0.0,0.0,8.337667,0.0,402.4665,557.0638,69.84502,0.0,0.0,775.7225,6076.0273,0.0,0.0,0.0,0.0,0.0,0.0
1.0,60.0,0.0,0.0,0.0,0.0,606.1093,542.5914,80.619644,0.0,0.0,711.34064,0.0,0.0,0.0,0.0,0.0,0.0,0.0
1.0,70.0,0.0,0.0,0.0,0.0,970.0422,526.4337,82.20051,0.0,0.0,30.875565,0.0,0.0,0.0,0.0,0.0,0.0,0.0
1.0,80.0,0.0,0.0,0.0,0.0,1519.9192,409.73373,70.22853,0.0,0.0,0.0,0.0,0.0,0.0,0.0,0.0,0.0,0.0
1.0,90.0,0.0,0.0,0.0,0.0,2605.2095,233.79192,77.492836,0.0,0.0,0.0,0.0,0.0,0.0,0.0,0.0,0.0,0.0
1.0,100.0,0.0,0.0,0.0,0.0,4893.3125,15.390497,70.68174,0.0,0.0,0.0,0.0,0.0,0.0,0.0,0.0,0.0,0.0
1.0,110.0,0.0,0.0,0.0,0.0,11078.586,0.0,62.361687,0.0,0.0,0.0,0.0,0.0,0.0,0.0,0.0,0.0,0.0
1.0,120.0,0.0,0.0,0.0,0.0,0.0,0.0,52.00123,0.0,0.0,0.0,0.0,0.0,0.0,0.0,0.0,0.0,0.0
1.0,130.0,0.0,0.0,0.0,0.0,0.0,0.0,45.7086,0.0,0.0,0.0,0.0,0.0,0.0,0.0,0.0,0.0,0.0
1.0,140.0,0.0,0.0,0.0,0.0,0.0,0.0,32.336494,0.0,0.0,0.0,0.0,0.0,0.0,0.0,0.0,0.0,0.0
1.0,150.0,0.0,0.0,0.0,0.0,0.0,0.0,0.8404474,0.0,0.0,0.0,0.0,0.0,0.0,0.0,0.0,0.0,0.0
1.0,160.0,0.0,0.0,0.0,0.0,0.0,0.0,0.0,0.0,0.0,0.0,0.0,0.0,0.0,0.0,0.0,0.0,0.0
2.0,0.0,22372.309,1804.152,27.890718,537.69415,0.0,0.0,2.635696E-4,26.92099,163257.45,223.13635,0.0,501.34848,18197.518,498721.16,33442.223,15.686582,0.006604252
2.0,10.0,18090.682,15209.561,40.192486,151.85765,0.0,0.0,0.0,2671.384,298797.66,6140.898,18.859074,5331.524,0.0,406653.22,19946.463,0.0046245772,1.4864489E-4
2.0,20.0,2664.979,7304.2036,0.7189911,134.12337,0.0,0.0,0.11095151,2330.9138,606.1053,2659.2134,1089.0646,107.25131,0.0,6727.7085,569.1557,0.14350708,1.9499789E-4
2.0,30.0,21.16366,1135.8596,21.961796,133.24483,1569.5577,0.0,10.454717,6.4155555,0.0,583.28625,4823.7397,81.45919,0.0,1765.396,0.0,0.0,0.0
2.0,40.0,0.0,0.31565177,15.217358,0.0,1278.4767,1336.806,82.08077,0.21249509,0.0,275.72934,8364.951,198.92152,0.0,0.0,0.0,0.0,0.0
2.0,50.0,0.0,0.0,0.8522188,0.0,427.4242,2553.634,108.703,0.0,0.0,187.64551,8340.229,0.0,0.0,0.0,0.0,0.0,0.0
2.0,60.0,0.0,0.0,0.0,0.0,608.6387,923.5232,119.90207,0.0,0.0,214.25218,0.0,0.0,0.0,0.0,0.0,0.0,0.0
2.0,70.0,0.0,0.0,0.0,0.0,929.65424,863.95844,129.49155,0.0,0.0,11.882258,0.0,0.0,0.0,0.0,0.0,0.0,0.0
2.0,80.0,0.0,0.0,0.0,0.0,1462.0398,705.07306,128.8274,0.0,0.0,0.0,0.0,0.0,0.0,0.0,0.0,0.0,0.0
2.0,90.0,0.0,0.0,0.0,0.0,2443.7349,362.60043,98.15452,0.0,0.0,0.0,0.0,0.0,0.0,0.0,0.0,0.0,0.0
2.0,100.0,0.0,0.0,0.0,0.0,4613.2563,22.473526,97.21393,0.0,0.0,0.0,0.0,0.0,0.0,0.0,0.0,0.0,0.0
2.0,110.0,0.0,0.0,0.0,0.0,10318.789,0.0,88.068054,0.0,0.0,0.0,0.0,0.0,0.0,0.0,0.0,0.0,0.0
2.0,120.0,0.0,0.0,0.0,0.0,0.0,0.0,68.422646,0.0,0.0,0.0,0.0,0.0,0.0,0.0,0.0,0.0,0.0
2.0,130.0,0.0,0.0,0.0,0.0,0.0,0.0,55.628563,0.0,0.0,0.0,0.0,0.0,0.0,0.0,0.0,0.0,0.0
2.0,140.0,0.0,0.0,0.0,0.0,0.0,0.0,38.773495,0.0,0.0,0.0,0.0,0.0,0.0,0.0,0.0,0.0,0.0
2.0,150.0,0.0,0.0,0.0,0.0,0.0,0.0,1.6085466,0.0,0.0,0.0,0.0,0.0,0.0,0.0,0.0,0.0,0.0
2.0,160.0,0.0,0.0,0.0,0.0,0.0,0.0,0.0,0.0,0.0,0.0,0.0,0.0,0.0,0.0,0.0,0.0,0.0
3.0,0.0,8270.934,507.3743,54.699863,580.96814,0.0,0.0,0.030182924,167.6235,191361.58,7.097408,0.0,88.64314,1513.3726,287506.3,4945.444,9.4672365,0.0
3.0,10.0,13414.783,10078.633,145.3178,1051.8373,0.0,0.012264121,0.021203145,589.15204,226605.36,8749.587,47.93303,3829.1162,0.0,171262.02,18036.607,4.7946534,0.0
3.0,20.0,572.1181,8227.328,33.044968,6.58997,0.0,0.012708595,0.0,767.0765,346.06104,7925.0415,59.996597,4341.633,0.0,4850.767,92.69109,0.0048377463,0.0
3.0,30.0,0.69300723,62.027885,3.775744,12.0707,1250.6205,0.0,0.0,12.536132,0.0,478.2571,3971.3284,4.1860347,0.0,241.03183,0.0,0.0,0.0
3.0,40.0,0.0,0.0,4.1638665,0.0,3393.1074,0.0,3.4020875,0.0,0.0,64.940575,8865.948,16.562428,0.0,0.0,0.0,0.0,0.0
3.0,50.0,0.0,0.0,0.0015205796,0.0,1203.3567,1589.3329,94.25295,0.0,0.0,66.53618,10936.46,0.0,0.0,0.0,0.0,0.0,0.0
3.0,60.0,0.0,0.0,0.0,0.0,613.48755,2410.3865,139.29308,0.0,0.0,62.81288,0.0,0.0,0.0,0.0,0.0,0.0,0.0
3.0,70.0,0.0,0.0,0.0,0.0,888.5947,1018.495,161.35388,0.0,0.0,3.25838,0.0,0.0,0.0,0.0,0.0,0.0,0.0
3.0,80.0,0.0,0.0,0.0,0.0,1411.2025,841.965,178.47627,0.0,0.0,0.0,0.0,0.0,0.0,0.0,0.0,0.0,0.0
3.0,90.0,0.0,0.0,0.0,0.0,2290.1477,555.3923,166.8161,0.0,0.0,0.0,0.0,0.0,0.0,0.0,0.0,0.0,0.0
3.0,100.0,0.0,0.0,0.0,0.0,4351.715,32.930386,133.44144,0.0,0.0,0.0,0.0,0.0,0.0,0.0,0.0,0.0,0.0
3.0,110.0,0.0,0.0,0.0,0.0,9615.522,0.0,112.714455,0.0,0.0,0.0,0.0,0.0,0.0,0.0,0.0,0.0,0.0
3.0,120.0,0.0,0.0,0.0,0.0,0.0,0.0,93.87981,0.0,0.0,0.0,0.0,0.0,0.0,0.0,0.0,0.0,0.0
3.0,130.0,0.0,0.0,0.0,0.0,0.0,0.0,67.01527,0.0,0.0,0.0,0.0,0.0,0.0,0.0,0.0,0.0,0.0
3.0,140.0,0.0,0.0,0.0,0.0,0.0,0.0,49.191967,0.0,0.0,0.0,0.0,0.0,0.0,0.0,0.0,0.0,0.0
3.0,150.0,0.0,0.0,0.0,0.0,0.0,0.0,3.324031,0.0,0.0,0.0,0.0,0.0,0.0,0.0,0.0,0.0,0.0
3.0,160.0,0.0,0.0,0.0,0.0,0.0,0.0,0.0,0.0,0.0,0.0,0.0,0.0,0.0,0.0,0.0,0.0,0.0
4.0,0.0,3046.7961,1026.3011,82.692474,295.4802,0.0,0.0,0.036795475,10.557272,84485.24,0.0,0.0,1047.7634,4158.6353,111568.23,1488.2336,1.866243,0.0
4.0,10.0,11581.064,5902.3438,292.91794,1807.1162,0.0,0.045116886,0.18868323,1092.9974,147949.83,4089.125,70.88191,6186.0728,0.43453124,68730.62,14102.563,1.0003636,0.0
4.0,20.0,39.94438,9209.26,118.41588,0.044048224,0.0,0.09123842,0.033246785,1289.0979,80.69449,16900.205,122.28033,3309.9436,0.0,1797.7236,54.52214,9.928031E-5,0.0
4.0,30.0,0.003186605,78.04318,0.0752454,0.31103885,833.71185,0.16217259,0.0,1.750021,0.0,960.16876,530.30566,304.68945,0.0,12.224284,0.0,0.0,0.0
4.0,40.0,0.0,0.0,0.35819224,0.0,2986.1584,0.056752965,0.0,0.0,0.0,13.346507,9885.091,0.6313714,0.0,0.0,0.0,0.0,0.0
4.0,50.0,0.0,0.0,0.0,0.0,4158.9214,0.0,1.8264856,0.0,0.0,14.639707,13223.378,0.0,0.0,0.0,0.0,0.0,0.0
4.0,60.0,0.0,0.0,0.0,0.0,673.2902,1756.9088,81.99438,0.0,0.0,12.502131,0.0,0.0,0.0,0.0,0.0,0.0,0.0
4.0,70.0,0.0,0.0,0.0,0.0,859.5415,1467.0095,143.85883,0.0,0.0,0.4492651,0.0,0.0,0.0,0.0,0.0,0.0,0.0
4.0,80.0,0.0,0.0,0.0,0.0,1345.923,703.5515,182.48933,0.0,0.0,0.0,0.0,0.0,0.0,0.0,0.0,0.0,0.0
4.0,90.0,0.0,0.0,0.0,0.0,2155.9932,586.48083,230.02242,0.0,0.0,0.0,0.0,0.0,0.0,0.0,0.0,0.0,0.0
4.0,100.0,0.0,0.0,0.0,0.0,4112.97,46.540756,183.23473,0.0,0.0,0.0,0.0,0.0,0.0,0.0,0.0,0.0,0.0
4.0,110.0,0.0,0.0,0.0,0.0,8963.5205,0.0,150.29305,0.0,0.0,0.0,0.0,0.0,0.0,0.0,0.0,0.0,0.0
4.0,120.0,0.0,0.0,0.0,0.0,0.0,0.0,120.59942,0.0,0.0,0.0,0.0,0.0,0.0,0.0,0.0,0.0,0.0
4.0,130.0,0.0,0.0,0.0,0.0,0.0,0.0,86.19704,0.0,0.0,0.0,0.0,0.0,0.0,0.0,0.0,0.0,0.0
4.0,140.0,0.0,0.0,0.0,0.0,0.0,0.0,59.672276,0.0,0.0,0.0,0.0,0.0,0.0,0.0,0.0,0.0,0.0
4.0,150.0,0.0,0.0,0.0,0.0,0.0,0.0,4.8801155,0.0,0.0,0.0,0.0,0.0,0.0,0.0,0.0,0.0,0.0
4.0,160.0,0.0,0.0,0.0,0.0,0.0,0.0,0.0,0.0,0.0,0.0,0.0,0.0,0.0,0.0,0.0,0.0,0.0
5.0,0.0,1869.3446,1217.7919,106.29479,1551.946,0.0,0.0,0.040912136,22.727057,76045.805,0.0,0.0,1139.7355,6585.8843,34622.46,168.11311,0.10288426,0.0
5.0,10.0,10454.27,10376.239,481.46735,2380.2485,0.0,0.020376885,0.5144772,704.63074,135805.81,1286.2444,112.507866,14384.891,0.14765452,34233.67,11624.244,0.07931024,0.0
5.0,20.0,80.55004,10682.608,248.37807,163.7526,0.0,0.16640316,0.46539524,810.48987,55.20193,12800.043,286.63687,2798.784,0.0,1501.4277,58.461113,0.0,0.0
5.0,30.0,0.0,110.68843,32.155846,0.0034646636,919.99054,0.26398578,2.844987E-4,2.89478,0.0,2349.7786,91.763176,363.1428,0.0,0.89179933,0.0,0.0,0.0
5.0,40.0,0.0,0.0,0.0056853797,0.0,1739.9341,0.14121883,0.0,0.0,0.0,24.827337,7270.1094,0.0013436158,0.0,0.0,0.0,0.0,0.0
5.0,50.0,0.0,0.0,0.0,0.0,5550.2,0.0,0.0,0.0,0.0,2.324707,15482.789,0.0,0.0,0.0,0.0,0.0,0.0
5.0,60.0,0.0,0.0,0.0,0.0,2780.156,4.749291,1.3917965,0.0,0.0,1.1492728,0.0,0.0,0.0,0.0,0.0,0.0,0.0
5.0,70.0,0.0,0.0,0.0,0.0,844.739,1814.4918,74.31884,0.0,0.0,0.008090629,0.0,0.0,0.0,0.0,0.0,0.0,0.0
5.0,80.0,0.0,0.0,0.0,0.0,1268.0778,632.7275,151.15434,0.0,0.0,0.0,0.0,0.0,0.0,0.0,0.0,0.0,0.0
5.0,90.0,0.0,0.0,0.0,0.0,2041.2148,512.5776,229.69208,0.0,0.0,0.0,0.0,0.0,0.0,0.0,0.0,0.0,0.0
5.0,100.0,0.0,0.0,0.0,0.0,3871.6301,68.32197,249.5736,0.0,0.0,0.0,0.0,0.0,0.0,0.0,0.0,0.0,0.0
5.0,110.0,0.0,0.0,0.0,0.0,8372.523,0.0,190.75545,0.0,0.0,0.0,0.0,0.0,0.0,0.0,0.0,0.0,0.0
5.0,120.0,0.0,0.0,0.0,0.0,0.0,0.0,149.62148,0.0,0.0,0.0,0.0,0.0,0.0,0.0,0.0,0.0,0.0
5.0,130.0,0.0,0.0,0.0,0.0,0.0,0.0,107.60394,0.0,0.0,0.0,0.0,0.0,0.0,0.0,0.0,0.0,0.0
5.0,140.0,0.0,0.0,0.0,0.0,0.0,0.0,70.30614,0.0,0.0,0.0,0.0,0.0,0.0,0.0,0.0,0.0,0.0
5.0,150.0,0.0,0.0,0.0,0.0,0.0,0.0,8.615512,0.0,0.0,0.0,0.0,0.0,0.0,0.0,0.0,0.0,0.0
5.0,160.0,0.0,0.0,0.0,0.0,0.0,0.0,0.0,0.0,0.0,0.0,0.0,0.0,0.0,0.0,0.0,0.0,0.0
6.0,0.0,1599.4427,1296.144,127.72193,2780.1018,0.0,0.0,0.027725723,0.0,68052.33,0.0,0.0,648.678,5415.8374,44311.15,842.5475,0.0,0.0
6.0,10.0,8120.3457,10031.787,487.66275,4426.177,0.0,0.013484309,0.25526953,611.3505,130131.484,2699.0972,136.87553,12276.384,0.04933458,33066.324,7696.8467,0.0076631824,0.0
6.0,20.0,66.589424,12673.728,549.15546,637.17084,0.0,0.09180078,0.6727213,1088.0706,117.70493,9740.338,551.12506,5778.7305,0.0,1413.4235,96.96117,0.0,0.0
6.0,30.0,0.0,211.20692,91.34395,0.0,1105.4115,0.20477599,1.106796,1.9133497,0.0,2226.6345,347.9299,166.46988,0.0,0.12229069,0.0,0.0,0.0
6.0,40.0,0.0,0.0,0.0,0.0,1846.4792,0.35986027,0.012438966,0.0,0.0,83.758934,1355.8519,0.007938624,0.0,0.0,0.0,0.0,0.0
6.0,50.0,0.0,0.0,0.0,0.0,3025.7322,0.2778856,0.0,0.0,0.0,0.2246292,20157.275,0.0,0.0,0.0,0.0,0.0,0.0
6.0,60.0,0.0,0.0,0.0,0.0,7560.3936,0.0,0.0,0.0,0.0,0.042615686,0.0,0.0,0.0,0.0,0.0,0.0,0.0
6.0,70.0,0.0,0.0,0.0,0.0,950.32526,178.15175,1.3331733,0.0,0.0,0.0,0.0,0.0,0.0,0.0,0.0,0.0,0.0
6.0,80.0,0.0,0.0,0.0,0.0,1202.7921,1300.446,76.63061,0.0,0.0,0.0,0.0,0.0,0.0,0.0,0.0,0.0,0.0
6.0,90.0,0.0,0.0,0.0,0.0,1942.7015,457.8144,190.47641,0.0,0.0,0.0,0.0,0.0,0.0,0.0,0.0,0.0,0.0
6.0,100.0,0.0,0.0,0.0,0.0,3638.126,110.35504,275.53784,0.0,0.0,0.0,0.0,0.0,0.0,0.0,0.0,0.0,0.0
6.0,110.0,0.0,0.0,0.0,0.0,7821.117,0.0,252.96106,0.0,0.0,0.0,0.0,0.0,0.0,0.0,0.0,0.0,0.0
6.0,120.0,0.0,0.0,0.0,0.0,0.0,0.0,169.546,0.0,0.0,0.0,0.0,0.0,0.0,0.0,0.0,0.0,0.0
6.0,130.0,0.0,0.0,0.0,0.0,0.0,0.0,129.122,0.0,0.0,0.0,0.0,0.0,0.0,0.0,0.0,0.0,0.0
6.0,140.0,0.0,0.0,0.0,0.0,0.0,0.0,80.42598,0.0,0.0,0.0,0.0,0.0,0.0,0.0,0.0,0.0,0.0
6.0,150.0,0.0,0.0,0.0,0.0,0.0,0.0,13.318136,0.0,0.0,0.0,0.0,0.0,0.0,0.0,0.0,0.0,0.0
6.0,160.0,0.0,0.0,0.0,0.0,0.0,0.0,0.0,0.0,0.0,0.0,0.0,0.0,0.0,0.0,0.0,0.0,0.0
7.0,0.0,1234.844,1343.8528,246.56523,2790.6575,0.0,0.0,0.014811257,16.083742,79690.85,14.308902,0.0,855.3137,3446.848,56034.81,1848.3677,0.0,0.0
7.0,10.0,6677.6245,12023.582,335.8882,8575.612,0.0,0.009577019,0.059182078,718.37683,150967.23,4982.7427,132.59074,10877.15,0.0059495224,30075.33,8220.518,0.0,0.0
7.0,20.0,53.9426,14893.73,763.2636,747.6388,0.0,0.07634653,0.34153697,646.22406,60.85229,11495.234,747.3218,5425.9155,0.0,1605.2114,134.20296,0.0,0.0
7.0,30.0,0.0,161.14311,181.37253,0.0,1211.1979,0.20752895,0.92937106,2.481673,0.0,1381.8174,868.0671,386.64566,0.0,0.0045861346,0.0,0.0,0.0
7.0,40.0,0.0,0.0,0.0,0.0,2359.359,0.1403766,1.1562752,0.0,0.0,173.5761,203.2204,0.9709107,0.0,0.0,0.0,0.0,0.0
7.0,50.0,0.0,0.0,0.0,0.0,2654.4038,0.31695,0.14184222,0.0,0.0,1.3918171,19751.85,0.0,0.0,0.0,0.0,0.0,0.0
7.0,60.0,0.0,0.0,0.0,0.0,7378.538,0.17451566,0.0,0.0,0.0,0.0032723243,294.59802,0.0,0.0,0.0,0.0,0.0,0.0
7.0,70.0,0.0,0.0,0.0,0.0,3908.9487,0.0,0.0,0.0,0.0,0.0,0.0,0.0,0.0,0.0,0.0,0.0,0.0
7.0,80.0,0.0,0.0,0.0,0.0,1149.8265,790.0311,2.4782043,0.0,0.0,0.0,0.0,0.0,0.0,0.0,0.0,0.0,0.0
7.0,90.0,0.0,0.0,0.0,0.0,1845.1317,506.3517,100.95012,0.0,0.0,0.0,0.0,0.0,0.0,0.0,0.0,0.0,0.0
7.0,100.0,0.0,0.0,0.0,0.0,3415.1016,161.35999,251.88017,0.0,0.0,0.0,0.0,0.0,0.0,0.0,0.0,0.0,0.0
7.0,110.0,0.0,0.0,0.0,0.0,7308.444,0.0,308.31128,0.0,0.0,0.0,0.0,0.0,0.0,0.0,0.0,0.0,0.0
7.0,120.0,0.0,0.0,0.0,0.0,0.0,0.0,222.51952,0.0,0.0,0.0,0.0,0.0,0.0,0.0,0.0,0.0,0.0
7.0,130.0,0.0,0.0,0.0,0.0,0.0,0.0,153.25203,0.0,0.0,0.0,0.0,0.0,0.0,0.0,0.0,0.0,0.0
7.0,140.0,0.0,0.0,0.0,0.0,0.0,0.0,95.54357,0.0,0.0,0.0,0.0,0.0,0.0,0.0,0.0,0.0,0.0
7.0,150.0,0.0,0.0,0.0,0.0,0.0,0.0,18.749527,0.0,0.0,0.0,0.0,0.0,0.0,0.0,0.0,0.0,0.0
7.0,160.0,0.0,0.0,0.0,0.0,0.0,0.0,0.0,0.0,0.0,0.0,0.0,0.0,0.0,0.0,0.0,0.0,0.0
8.0,0.0,1628.0446,1443.0925,261.9369,3006.5522,0.0,0.0,0.029432392,0.0,63577.47,22.664333,0.0,1275.6022,3495.5662,48915.645,1514.3047,0.0,0.0
8.0,10.0,5866.3076,12117.553,414.7388,12491.038,0.0,0.0051447256,0.23844096,420.57916,122020.46,6782.5938,119.83762,13867.066,0.8647685,29097.752,10135.379,0.0,0.0
8.0,20.0,58.795654,12486.916,578.9105,863.2032,0.0,0.04127271,0.36625242,1103.76,78.68878,15439.455,728.0643,4394.0,0.0,2516.4893,120.811035,0.0,0.0
8.0,30.0,0.0,224.89694,429.20154,0.0,1232.5481,0.13536388,0.16818383,1.6531314,0.0,986.6633,1454.8517,543.2777,0.0,0.0021659643,0.0,0.0,0.0
8.0,40.0,0.0,0.0,6.0946164,0.0,2733.265,0.18041773,1.0276984,0.0,0.0,220.82509,748.2309,0.85523206,0.0,0.0,0.0,0.0,0.0
8.0,50.0,0.0,0.0,0.0,0.0,3338.4707,0.1718125,1.3228772,0.0,0.0,5.432447,14402.246,0.0,0.0,0.0,0.0,0.0,0.0
8.0,60.0,0.0,0.0,0.0,0.0,3968.6182,0.2422316,0.42349392,0.0,0.0,3.1378868E-4,4123.3086,0.0,0.0,0.0,0.0,0.0,0.0
8.0,70.0,0.0,0.0,0.0,0.0,9448.688,0.09469427,0.0,0.0,0.0,0.0,0.0,0.0,0.0,0.0,0.0,0.0,0.0
8.0,80.0,0.0,0.0,0.0,0.0,1146.1489,42.57515,0.0,0.0,0.0,0.0,0.0,0.0,0.0,0.0,0.0,0.0,0.0
8.0,90.0,0.0,0.0,0.0,0.0,1743.2377,845.37805,8.883937,0.0,0.0,0.0,0.0,0.0,0.0,0.0,0.0,0.0,0.0
8.0,100.0,0.0,0.0,0.0,0.0,3210.6719,204.1625,161.84746,0.0,0.0,0.0,0.0,0.0,0.0,0.0,0.0,0.0,0.0
8.0,110.0,0.0,0.0,0.0,0.0,6823.2935,0.0,314.64584,0.0,0.0,0.0,0.0,0.0,0.0,0.0,0.0,0.0,0.0
8.0,120.0,0.0,0.0,0.0,0.0,0.0,0.0,309.3075,0.0,0.0,0.0,0.0,0.0,0.0,0.0,0.0,0.0,0.0
8.0,130.0,0.0,0.0,0.0,0.0,0.0,0.0,180.50302,0.0,0.0,0.0,0.0,0.0,0.0,0.0,0.0,0.0,0.0
8.0,140.0,0.0,0.0,0.0,0.0,0.0,0.0,119.71392,0.0,0.0,0.0,0.0,0.0,0.0,0.0,0.0,0.0,0.0
8.0,150.0,0.0,0.0,0.0,0.0,0.0,0.0,25.934278,0.0,0.0,0.0,0.0,0.0,0.0,0.0,0.0,0.0,0.0
8.0,160.0,0.0,0.0,0.0,0.0,0.0,0.0,0.0,0.0,0.0,0.0,0.0,0.0,0.0,0.0,0.0,0.0,0.0
9.0,0.0,1487.5183,1197.0676,268.70724,2577.3208,0.0,0.0,0.008253793,3.4722252,79439.89,0.0,0.0,1027.6469,3124.4658,117828.625,1862.392,0.0,0.0
9.0,10.0,5668.2637,11649.108,404.20395,13233.246,0.0,0.0023753846,0.084763035,717.90405,151177.34,4427.9043,130.15932,12036.105,0.1351676,54084.586,11252.508,0.0,0.0
9.0,20.0,65.32944,14106.29,646.5736,2173.5647,0.0,0.020991668,0.6348922,453.9114,150.12961,16430.197,743.69336,6604.1777,0.0,2239.807,111.19422,0.0,0.0
9.0,30.0,0.0,237.97891,474.9795,0.0,1249.4398,0.0762681,1.6771276,4.2628736,0.0,1589.3644,1650.0645,537.9363,0.0,0.04532838,0.0,0.0,0.0
9.0,40.0,0.0,0.0,13.908536,0.0,2924.6912,0.16351932,0.0061756503,0.0,0.0,155.14336,1755.3488,2.9692948,0.0,0.0,0.0,0.0,0.0
9.0,50.0,0.0,0.0,0.0,0.0,4073.409,0.21311937,1.5364037,0.0,0.0,24.673235,8825.198,0.0,0.0,0.0,0.0,0.0,0.0
9.0,60.0,0.0,0.0,0.0,0.0,4139.3354,0.13853876,1.7187185,0.0,0.0,0.0,8293.412,0.0,0.0,0.0,0.0,0.0,0.0
9.0,70.0,0.0,0.0,0.0,0.0,9772.342,0.12273835,0.7762345,0.0,0.0,0.0,0.0,0.0,0.0,0.0,0.0,0.0,0.0
9.0,80.0,0.0,0.0,0.0,0.0,3174.5552,0.05931569,0.0,0.0,0.0,0.0,0.0,0.0,0.0,0.0,0.0,0.0,0.0
9.0,90.0,0.0,0.0,0.0,0.0,1648.1864,598.0184,0.04261022,0.0,0.0,0.0,0.0,0.0,0.0,0.0,0.0,0.0,0.0
9.0,100.0,0.0,0.0,0.0,0.0,3029.8442,261.06827,41.43722,0.0,0.0,0.0,0.0,0.0,0.0,0.0,0.0,0.0,0.0
9.0,110.0,0.0,0.0,0.0,0.0,6370.215,0.0,245.57558,0.0,0.0,0.0,0.0,0.0,0.0,0.0,0.0,0.0,0.0
9.0,120.0,0.0,0.0,0.0,0.0,0.0,0.0,351.5139,0.0,0.0,0.0,0.0,0.0,0.0,0.0,0.0,0.0,0.0
9.0,130.0,0.0,0.0,0.0,0.0,0.0,0.0,243.39868,0.0,0.0,0.0,0.0,0.0,0.0,0.0,0.0,0.0,0.0
9.0,140.0,0.0,0.0,0.0,0.0,0.0,0.0,142.22948,0.0,0.0,0.0,0.0,0.0,0.0,0.0,0.0,0.0,0.0
9.0,150.0,0.0,0.0,0.0,0.0,0.0,0.0,33.918755,0.0,0.0,0.0,0.0,0.0,0.0,0.0,0.0,0.0,0.0
9.0,160.0,0.0,0.0,0.0,0.0,0.0,0.0,0.0,0.0,0.0,0.0,0.0,0.0,0.0,0.0,0.0,0.0,0.0
10.0,0.0,1444.7919,1031.7756,246.03888,2738.1265,0.0,0.0,0.008643555,0.0,87863.055,0.0,0.0,1074.8165,3299.4053,162932.11,1616.6583,0.0,0.0
10.0,10.0,5791.181,11670.778,324.33524,12607.26,0.0,0.003986023,0.18242191,345.64853,159610.05,3374.4336,126.551025,9789.181,0.0,73875.734,11774.917,0.0,0.0
10.0,20.0,45.32607,13627.768,593.57465,3621.5388,0.0,0.022783468,0.2636091,1029.7266,451.5086,11457.74,809.5667,7179.5776,0.0,2562.4348,75.448425,0.0,0.0
10.0,30.0,0.0,212.17728,508.0858,0.0,1781.8282,0.0774183,0.60750175,1.3499502,0.0,2183.5776,1707.1272,680.9814,0.0,0.0,0.0,0.0,0.0
10.0,40.0,0.0,0.0,24.89443,0.0,3085.4685,0.10563416,2.8932636,0.0,0.0,128.08015,2748.483,3.8307917,0.0,0.0,0.0,0.0,0.0
10.0,50.0,0.0,0.0,0.0,0.0,4565.1143,0.18218607,0.8905513,0.0,0.0,30.418564,1810.4236,0.0,0.0,0.0,0.0,0.0,0.0
10.0,60.0,0.0,0.0,0.0,0.0,5378.5894,0.29361013,1.5862224,0.0,0.0,0.0,14128.655,0.0,0.0,0.0,0.0,0.0,0.0
10.0,70.0,0.0,0.0,0.0,0.0,6516.688,0.12676193,2.1322622,0.0,0.0,0.0,0.0,0.0,0.0,0.0,0.0,0.0,0.0
10.0,80.0,0.0,0.0,0.0,0.0,8366.48,0.14195275,0.7413254,0.0,0.0,0.0,0.0,0.0,0.0,0.0,0.0,0.0,0.0
10.0,90.0,0.0,0.0,0.0,0.0,1561.6667,275.1092,0.0,0.0,0.0,0.0,0.0,0.0,0.0,0.0,0.0,0.0,0.0
10.0,100.0,0.0,0.0,0.0,0.0,2861.595,390.06482,0.2984554,0.0,0.0,0.0,0.0,0.0,0.0,0.0,0.0,0.0,0.0
10.0,110.0,0.0,0.0,0.0,0.0,5945.1167,0.0,105.46981,0.0,0.0,0.0,0.0,0.0,0.0,0.0,0.0,0.0,0.0
10.0,120.0,0.0,0.0,0.0,0.0,0.0,0.0,334.32324,0.0,0.0,0.0,0.0,0.0,0.0,0.0,0.0,0.0,0.0
10.0,130.0,0.0,0.0,0.0,0.0,0.0,0.0,324.13156,0.0,0.0,0.0,0.0,0.0,0.0,0.0,0.0,0.0,0.0
10.0,140.0,0.0,0.0,0.0,0.0,0.0,0.0,175.49052,0.0,0.0,0.0,0.0,0.0,0.0,0.0,0.0,0.0,0.0
10.0,150.0,0.0,0.0,0.0,0.0,0.0,0.0,46.64807,0.0,0.0,0.0,0.0,0.0,0.0,0.0,0.0,0.0,0.0
10.0,160.0,0.0,0.0,0.0,0.0,0.0,0.0,0.0,0.0,0.0,0.0,0.0,0.0,0.0,0.0,0.0,0.0,0.0
11.0,0.0,845.60144,1025.8055,225.48508,2334.2336,0.0,0.0,0.0027020096,13.052155,97435.055,0.0,0.0,870.07306,3238.6365,118611.78,461.83072,0.0,0.0
11.0,10.0,5661.36,10749.6875,289.57736,12164.621,0.0,0.0034564077,0.0027993761,558.51117,176277.36,3742.969,116.86557,9736.886,0.0029240572,59128.562,10638.085,0.0,0.0
11.0,20.0,47.560772,13886.936,522.4052,4298.416,0.0,0.024031771,0.32280686,438.73703,101.20293,8941.83,822.1892,6124.4404,0.0,2535.526,86.65068,0.0,0.0
11.0,30.0,0.0,240.29338,500.59668,0.0,2975.6743,0.101952605,0.8374019,4.322337,0.0,2120.5107,1932.8993,823.641,0.0,0.6249961,0.0,0.0,0.0
11.0,40.0,0.0,0.0,42.71684,0.0,4336.729,0.1680258,0.41767034,0.0,0.0,161.18864,3183.281,2.6029181,0.0,0.0,0.0,0.0,0.0
11.0,50.0,0.0,0.0,0.0,0.0,4922.9604,0.18321,3.450452,0.0,0.0,17.293158,2089.5981,0.0,0.0,0.0,0.0,0.0,0.0
11.0,60.0,0.0,0.0,0.0,0.0,6521.579,0.25646254,1.5368347,0.0,0.0,0.006086533,12876.3125,0.0,0.0,0.0,0.0,0.0,0.0
11.0,70.0,0.0,0.0,0.0,0.0,5869.543,0.19265354,1.5100719,0.0,0.0,0.0,0.0,0.0,0.0,0.0,0.0,0.0,0.0
11.0,80.0,0.0,0.0,0.0,0.0,11568.941,0.112939484,2.2800612,0.0,0.0,0.0,0.0,0.0,0.0,0.0,0.0,0.0,0.0
11.0,90.0,0.0,0.0,0.0,0.0,1516.874,11.745255,0.7569238,0.0,0.0,0.0,0.0,0.0,0.0,0.0,0.0,0.0,0.0
11.0,100.0,0.0,0.0,0.0,0.0,2700.7515,505.66882,0.0,0.0,0.0,0.0,0.0,0.0,0.0,0.0,0.0,0.0,0.0
11.0,110.0,0.0,0.0,0.0,0.0,5549.3315,0.0,6.707338,0.0,0.0,0.0,0.0,0.0,0.0,0.0,0.0,0.0,0.0
11.0,120.0,0.0,0.0,0.0,0.0,0.0,0.0,236.06505,0.0,0.0,0.0,0.0,0.0,0.0,0.0,0.0,0.0,0.0
11.0,130.0,0.0,0.0,0.0,0.0,0.0,0.0,370.5785,0.0,0.0,0.0,0.0,0.0,0.0,0.0,0.0,0.0,0.0
11.0,140.0,0.0,0.0,0.0,0.0,0.0,0.0,213.67278,0.0,0.0,0.0,0.0,0.0,0.0,0.0,0.0,0.0,0.0
11.0,150.0,0.0,0.0,0.0,0.0,0.0,0.0,65.31261,0.0,0.0,0.0,0.0,0.0,0.0,0.0,0.0,0.0,0.0
11.0,160.0,0.0,0.0,0.0,0.0,0.0,0.0,0.0,0.0,0.0,0.0,0.0,0.0,0.0,0.0,0.0,0.0,0.0
12.0,0.0,1212.6771,1157.1029,171.72821,1795.5446,0.0,0.0,0.007776524,0.0,88378.27,10.225675,0.0,946.61676,3589.1309,67345.67,418.44696,0.0,0.0
12.0,10.0,4795.2153,8838.075,245.50232,10820.639,0.0,0.0012322562,0.031452175,568.6592,174378.12,5596.559,106.64818,9277.309,0.0,30628.621,8437.772,0.0,0.0
12.0,20.0,42.888996,12729.219,452.04773,4738.9185,0.0,0.01649511,0.011863833,991.73114,62.16411,9528.614,726.1805,5133.4136,0.0,2314.6484,121.49586,0.0,0.0
12.0,30.0,0.0,236.18295,450.51294,0.0039221058,3621.3125,0.06324939,0.2223241,2.4426265,0.0,1198.7324,2044.1028,631.86273,0.0,0.35938454,0.0,0.0,0.0
12.0,40.0,0.0,0.0,71.129166,0.0,7482.019,0.17434908,1.3494841,0.0,0.0,179.67348,3468.1753,4.334455,0.0,0.0,0.0,0.0,0.0
12.0,50.0,0.0,0.0,0.0,0.0,6204.5356,0.31358457,0.63848466,0.0,0.0,10.59105,3924.4216,0.0,0.0,0.0,0.0,0.0,0.0
12.0,60.0,0.0,0.0,0.0,0.0,7342.93,0.28057534,3.8398125,0.0,0.0,0.019284332,9064.553,0.0,0.0,0.0,0.0,0.0,0.0
12.0,70.0,0.0,0.0,0.0,0.0,7434.3994,0.26678872,2.2580557,0.0,0.0,0.0,0.0,0.0,0.0,0.0,0.0,0.0,0.0
12.0,80.0,0.0,0.0,0.0,0.0,11505.55,0.17481731,1.8108107,0.0,0.0,0.0,0.0,0.0,0.0,0.0,0.0,0.0,0.0
12.0,90.0,0.0,0.0,0.0,0.0,3350.1455,0.100563474,2.8147771,0.0,0.0,0.0,0.0,0.0,0.0,0.0,0.0,0.0,0.0
12.0,100.0,0.0,0.0,0.0,0.0,2544.6584,395.94586,0.3822395,0.0,0.0,0.0,0.0,0.0,0.0,0.0,0.0,0.0,0.0
12.0,110.0,0.0,0.0,0.0,0.0,5177.467,0.0,0.022426857,0.0,0.0,0.0,0.0,0.0,0.0,0.0,0.0,0.0,0.0
12.0,120.0,0.0,0.0,0.0,0.0,0.0,0.0,82.91885,0.0,0.0,0.0,0.0,0.0,0.0,0.0,0.0,0.0,0.0
12.0,130.0,0.0,0.0,0.0,0.0,0.0,0.0,355.55267,0.0,0.0,0.0,0.0,0.0,0.0,0.0,0.0,0.0,0.0
12.0,140.0,0.0,0.0,0.0,0.0,0.0,0.0,281.64648,0.0,0.0,0.0,0.0,0.0,0.0,0.0,0.0,0.0,0.0
12.0,150.0,0.0,0.0,0.0,0.0,0.0,0.0,88.623886,0.0,0.0,0.0,0.0,0.0,0.0,0.0,0.0,0.0,0.0
12.0,160.0,0.0,0.0,0.0,0.0,0.0,0.0,0.0,0.0,0.0,0.0,0.0,0.0,0.0,0.0,0.0,0.0,0.0
13.0,0.0,1036.782,1369.8263,207.06882,1931.5449,0.0,0.0,0.006330282,25.601273,68423.4,11.373457,0.0,888.9922,4051.4204,56943.83,1780.5864,0.0,0.0
13.0,10.0,4677.2207,10684.234,167.52373,9535.629,0.0,0.0013949403,0.004469311,767.60205,145795.97,6672.6094,97.2769,10490.371,0.013414461,28939.71,7930.1665,0.0,0.0
13.0,20.0,51.70514,12445.604,429.00787,4252.795,0.0,0.0045797587,0.032849967,695.18933,127.59484,12729.253,649.2532,4536.2646,0.0,1617.1813,167.6327,0.0,0.0
13.0,30.0,0.0,289.1657,380.01706,0.012341578,3888.797,0.014242586,0.008989928,2.1827202,0.0,1118.529,1896.937,514.0307,0.0,0.33873668,0.0,0.0,0.0
13.0,40.0,0.0,0.0,67.5666,0.0,9825.476,0.09120415,0.0926177,0.0,0.0,182.65787,3884.4128,3.1945348,0.0,0.0,0.0,0.0,0.0
13.0,50.0,0.0,0.0,0.0,0.0,10708.371,0.20036213,1.5741408,0.0,0.0,12.474649,5624.7734,0.0,0.0,0.0,0.0,0.0,0.0
13.0,60.0,0.0,0.0,0.0,0.0,8038.0195,0.39288914,0.545228,0.0,0.0,0.09328767,1678.1487,0.0,0.0,0.0,0.0,0.0,0.0
13.0,70.0,0.0,0.0,0.0,0.0,9251.939,0.26646626,5.0167985,0.0,0.0,0.0,0.0,0.0,0.0,0.0,0.0,0.0,0.0
13.0,80.0,0.0,0.0,0.0,0.0,8830.352,0.21820629,1.3506691,0.0,0.0,0.0,0.0,0.0,0.0,0.0,0.0,0.0,0.0
13.0,90.0,0.0,0.0,0.0,0.0,8182.741,0.12239573,2.4794912,0.0,0.0,0.0,0.0,0.0,0.0,0.0,0.0,0.0,0.0
13.0,100.0,0.0,0.0,0.0,0.0,2403.958,304.08572,2.91811,0.0,0.0,0.0,0.0,0.0,0.0,0.0,0.0,0.0,0.0
13.0,110.0,0.0,0.0,0.0,0.0,4826.3174,0.1774369,0.0,0.0,0.0,0.0,0.0,0.0,0.0,0.0,0.0,0.0,0.0
13.0,120.0,0.0,0.0,0.0,0.0,0.0,0.0,2.6783564,0.0,0.0,0.0,0.0,0.0,0.0,0.0,0.0,0.0,0.0
13.0,130.0,0.0,0.0,0.0,0.0,0.0,0.0,257.93005,0.0,0.0,0.0,0.0,0.0,0.0,0.0,0.0,0.0,0.0
13.0,140.0,0.0,0.0,0.0,0.0,0.0,0.0,357.4296,0.0,0.0,0.0,0.0,0.0,0.0,0.0,0.0,0.0,0.0
13.0,150.0,0.0,0.0,0.0,0.0,0.0,0.0,123.57192,0.0,0.0,0.0,0.0,0.0,0.0,0.0,0.0,0.0,0.0
13.0,160.0,0.0,0.0,0.0,0.0,0.0,0.0,0.0,0.0,0.0,0.0,0.0,0.0,0.0,0.0,0.0,0.0,0.0
14.0,0.0,1417.3647,1877.88,191.31221,3293.6797,0.0,0.0,0.003106975,0.0,60820.582,0.0,0.0,702.3544,3882.0674,35777.164,3022.4722,0.0,0.0
14.0,10.0,4615.765,10800.668,304.8731,8124.245,0.0,4.1202287E-4,0.028279666,624.58923,115367.32,4037.5923,69.01956,8955.208,0.0,22295.297,10666.648,0.0,0.0
14.0,20.0,49.819607,13109.025,331.78873,4139.0894,0.0,0.006816429,0.06395859,1215.2488,78.07409,15012.17,516.9626,3957.8174,0.0,2267.2327,181.6543,0.0,0.0
14.0,30.0,0.0,277.82816,323.1353,0.01695139,4239.1597,0.030556964,0.01767327,1.9376184,0.0,1071.2445,1581.5076,196.61104,0.0,0.09223636,0.0,0.0,0.0
14.0,40.0,0.0,0.0,42.082687,0.0,10692.276,0.02486415,0.006647285,0.0,0.0,140.61827,3988.4907,1.7971793,0.0,0.0,0.0,0.0,0.0
14.0,50.0,0.0,0.0,0.0,0.0,16259.271,0.0651094,0.002688353,0.0,0.0,14.199837,7129.1455,0.0,0.0,0.0,0.0,0.0,0.0
14.0,60.0,0.0,0.0,0.0,0.0,11480.262,0.27474603,1.4348311,0.0,0.0,0.1357078,1160.0713,0.0,0.0,0.0,0.0,0.0,0.0
14.0,70.0,0.0,0.0,0.0,0.0,10692.454,0.5003529,0.96828413,0.0,0.0,0.0,0.0,0.0,0.0,0.0,0.0,0.0,0.0
14.0,80.0,0.0,0.0,0.0,0.0,8861.438,0.18829864,5.531814,0.0,0.0,0.0,0.0,0.0,0.0,0.0,0.0,0.0,0.0
14.0,90.0,0.0,0.0,0.0,0.0,11210.202,0.1698961,0.40869498,0.0,0.0,0.0,0.0,0.0,0.0,0.0,0.0,0.0,0.0
14.0,100.0,0.0,0.0,0.0,0.0,2279.9312,222.81464,3.60519,0.0,0.0,0.0,0.0,0.0,0.0,0.0,0.0,0.0,0.0
14.0,110.0,0.0,0.0,0.0,0.0,4497.164,3.8997738,1.8211298,0.0,0.0,0.0,0.0,0.0,0.0,0.0,0.0,0.0,0.0
14.0,120.0,0.0,0.0,0.0,0.0,0.0,0.0,0.0,0.0,0.0,0.0,0.0,0.0,0.0,0.0,0.0,0.0,0.0
14.0,130.0,0.0,0.0,0.0,0.0,0.0,0.0,103.73144,0.0,0.0,0.0,0.0,0.0,0.0,0.0,0.0,0.0,0.0
14.0,140.0,0.0,0.0,0.0,0.0,0.0,0.0,393.0834,0.0,0.0,0.0,0.0,0.0,0.0,0.0,0.0,0.0,0.0
14.0,150.0,0.0,0.0,0.0,0.0,0.0,0.0,174.13847,0.0,0.0,0.0,0.0,0.0,0.0,0.0,0.0,0.0,0.0
14.0,160.0,0.0,0.0,0.0,0.0,0.0,0.0,0.0,0.0,0.0,0.0,0.0,0.0,0.0,0.0,0.0,0.0,0.0
15.0,0.0,984.4351,1585.2263,166.9193,3587.9783,0.0,0.0,0.005897118,12.263931,56100.99,0.0,0.0,481.55252,4240.0015,75506.766,2389.6636,0.0,0.0
15.0,10.0,4792.7744,13229.231,477.08035,9503.283,0.0,2.3947169E-4,0.036890693,788.2428,99119.07,1716.59,79.59923,8254.297,0.0,31368.266,12998.457,0.0,0.0
15.0,20.0,38.2479,12302.088,320.85886,3470.9106,0.0,0.0022446248,0.08197183,678.62476,117.021454,10598.588,374.46652,3567.7144,0.0,2790.2,128.281,0.0,0.0
15.0,30.0,0.0,246.26707,296.58624,0.030364664,4691.7944,0.013096449,0.21062012,6.706995,0.0,1474.2675,1256.92,210.16951,0.0,0.1664311,0.0,0.0,0.0
15.0,40.0,0.0,0.0,29.789125,0.0,11671.843,0.048449002,0.007223926,0.0,0.0,111.83705,3594.8562,1.0072867,0.0,0.0,0.0,0.0,0.0
15.0,50.0,0.0,0.0,0.0,0.0,18334.24,0.06897388,0.00528795,0.0,0.0,15.805587,7961.4307,0.0,0.0,0.0,0.0,0.0,0.0
15.0,60.0,0.0,0.0,0.0,0.0,20587.629,0.088114135,0.005432007,0.0,0.0,0.06767157,2914.969,0.0,0.0,0.0,0.0,0.0,0.0
15.0,70.0,0.0,0.0,0.0,0.0,12099.33,0.4001746,1.7329998,0.0,0.0,0.0,0.0,0.0,0.0,0.0,0.0,0.0,0.0
15.0,80.0,0.0,0.0,0.0,0.0,11175.911,0.40008572,1.1623261,0.0,0.0,0.0,0.0,0.0,0.0,0.0,0.0,0.0,0.0
15.0,90.0,0.0,0.0,0.0,0.0,12728.404,0.12240983,5.4889197,0.0,0.0,0.0,0.0,0.0,0.0,0.0,0.0,0.0,0.0
15.0,100.0,0.0,0.0,0.0,0.0,2177.5117,145.31871,0.91937757,0.0,0.0,0.0,0.0,0.0,0.0,0.0,0.0,0.0,0.0
15.0,110.0,0.0,0.0,0.0,0.0,4187.5044,20.36118,4.2935705,0.0,0.0,0.0,0.0,0.0,0.0,0.0,0.0,0.0,0.0
15.0,120.0,0.0,0.0,0.0,0.0,0.0,0.0,0.5042812,0.0,0.0,0.0,0.0,0.0,0.0,0.0,0.0,0.0,0.0
15.0,130.0,0.0,0.0,0.0,0.0,0.0,0.0,13.839268,0.0,0.0,0.0,0.0,0.0,0.0,0.0,0.0,0.0,0.0
15.0,140.0,0.0,0.0,0.0,0.0,0.0,0.0,340.24884,0.0,0.0,0.0,0.0,0.0,0.0,0.0,0.0,0.0,0.0
15.0,150.0,0.0,0.0,0.0,0.0,0.0,0.0,251.7663,0.0,0.0,0.0,0.0,0.0,0.0,0.0,0.0,0.0,0.0
15.0,160.0,0.0,0.0,0.0,0.0,0.0,0.0,0.3461145,0.0,0.0,0.0,0.0,0.0,0.0,0.0,0.0,0.0,0.0
16.0,0.0,692.6322,1324.7317,163.95363,2784.2817,0.0,0.0,0.0016963785,0.0,66162.81,0.0,0.0,506.65396,3366.6528,85112.305,1450.951,0.0,0.0
16.0,10.0,3902.3577,10639.955,364.05997,11659.381,0.0,4.071107E-4,0.0033031541,592.0912,125969.11,1619.802,86.89917,7438.9756,0.006723512,33581.473,11513.385,0.0,0.0
16.0,20.0,27.525045,14007.483,522.4265,2837.7537,0.0,0.0015783256,0.06684243,1099.0526,251.21925,6490.534,401.27322,3069.6602,0.0,3174.5068,51.78446,0.0,0.0
16.0,30.0,0.0,221.66943,240.43407,0.05048101,5269.3306,0.0041336254,0.14237165,3.2198217,0.0,1404.6548,782.4784,188.41255,0.0,0.22745423,0.0,0.0,0.0
16.0,40.0,0.0,0.0,37.963886,0.0,12921.266,0.023505764,0.22302759,0.0,0.0,116.71484,2897.0256,0.9213364,0.0,0.0,0.0,0.0,0.0
16.0,50.0,0.0,0.0,0.0,0.0,20059.82,0.08053623,0.06489659,0.0,0.0,16.038523,8489.938,0.0,0.0,0.0,0.0,0.0,0.0
16.0,60.0,0.0,0.0,0.0,0.0,28575.307,0.12411293,0.009018087,0.0,0.0,0.059521507,4880.3667,0.0,0.0,0.0,0.0,0.0,0.0
16.0,70.0,0.0,0.0,0.0,0.0,17425.684,0.14152776,0.009071889,0.0,0.0,0.0,0.0,0.0,0.0,0.0,0.0,0.0,0.0
16.0,80.0,0.0,0.0,0.0,0.0,13684.162,0.50143886,2.1381657,0.0,0.0,0.0,0.0,0.0,0.0,0.0,0.0,0.0,0.0
16.0,90.0,0.0,0.0,0.0,0.0,14052.723,0.17803156,2.479921,0.0,0.0,0.0,0.0,0.0,0.0,0.0,0.0,0.0,0.0
16.0,100.0,0.0,0.0,0.0,0.0,2665.6257,78.87336,3.9867458,0.0,0.0,0.0,0.0,0.0,0.0,0.0,0.0,0.0,0.0
16.0,110.0,0.0,0.0,0.0,0.0,3908.1304,49.100254,2.9410186,0.0,0.0,0.0,0.0,0.0,0.0,0.0,0.0,0.0,0.0
16.0,120.0,0.0,0.0,0.0,0.0,0.0,0.0,3.005086,0.0,0.0,0.0,0.0,0.0,0.0,0.0,0.0,0.0,0.0
16.0,130.0,0.0,0.0,0.0,0.0,0.0,0.0,0.1022143,0.0,0.0,0.0,0.0,0.0,0.0,0.0,0.0,0.0,0.0
16.0,140.0,0.0,0.0,0.0,0.0,0.0,0.0,208.51065,0.0,0.0,0.0,0.0,0.0,0.0,0.0,0.0,0.0,0.0
16.0,150.0,0.0,0.0,0.0,0.0,0.0,0.0,339.4765,0.0,0.0,0.0,0.0,0.0,0.0,0.0,0.0,0.0,0.0
16.0,160.0,0.0,0.0,0.0,0.0,0.0,0.0,7.3536806,0.0,0.0,0.0,0.0,0.0,0.0,0.0,0.0,0.0,0.0
17.0,0.0,343.78128,1115.2473,143.81004,2696.942,0.0,0.0,0.002363512,11.307242,65465.0,0.0,0.0,360.54053,3551.67,75816.48,367.54694,0.0,0.0
17.0,10.0,3340.7954,9264.08,242.70207,11387.442,0.0,2.007523E-4,8.352762E-4,753.0873,126605.3,1720.8002,83.38335,5252.426,0.09796328,34271.047,8587.112,0.0,0.0
17.0,20.0,32.55105,11388.368,417.61737,2550.3936,0.0,0.002707753,0.0021535065,539.30347,37.6384,5637.2305,368.9755,2602.7798,0.0,2290.9907,50.114166,0.0,0.0
17.0,30.0,0.0,189.1261,234.2827,0.030106092,5899.0625,0.012225015,0.030559061,3.5973568,0.0,863.5707,626.2932,169.70053,0.0,0.12562183,0.0,0.0,0.0
17.0,40.0,0.0,0.0,33.495014,0.0,14448.362,0.012242796,0.18275747,0.0,0.0,137.95473,2050.2043,0.42279473,0.0,0.0,0.0,0.0,0.0
17.0,50.0,0.0,0.0,0.0,0.0,22147.707,0.030015375,0.2705684,0.0,0.0,12.504918,8412.931,0.0,0.0,0.0,0.0,0.0,0.0
17.0,60.0,0.0,0.0,0.0,0.0,31584.857,0.12835015,0.21435282,0.0,0.0,0.082960375,6456.667,0.0,0.0,0.0,0.0,0.0,0.0
17.0,70.0,0.0,0.0,0.0,0.0,30054.652,0.15041642,0.015720908,0.0,0.0,0.0,0.0,0.0,0.0,0.0,0.0,0.0,0.0
17.0,80.0,0.0,0.0,0.0,0.0,15834.808,0.21685658,0.011306336,0.0,0.0,0.0,0.0,0.0,0.0,0.0,0.0,0.0,0.0
17.0,90.0,0.0,0.0,0.0,0.0,13507.444,0.46343964,2.8936956,0.0,0.0,0.0,0.0,0.0,0.0,0.0,0.0,0.0,0.0
17.0,100.0,0.0,0.0,0.0,0.0,5932.38,27.361225,3.864818,0.0,0.0,0.0,0.0,0.0,0.0,0.0,0.0,0.0,0.0
17.0,110.0,0.0,0.0,0.0,0.0,3656.1992,70.693665,2.024359,0.0,0.0,0.0,0.0,0.0,0.0,0.0,0.0,0.0,0.0
17.0,120.0,0.0,0.0,0.0,0.0,0.0,0.0,4.612162,0.0,0.0,0.0,0.0,0.0,0.0,0.0,0.0,0.0,0.0
17.0,130.0,0.0,0.0,0.0,0.0,0.0,0.0,0.9286973,0.0,0.0,0.0,0.0,0.0,0.0,0.0,0.0,0.0,0.0
17.0,140.0,0.0,0.0,0.0,0.0,0.0,0.0,81.99626,0.0,0.0,0.0,0.0,0.0,0.0,0.0,0.0,0.0,0.0
17.0,150.0,0.0,0.0,0.0,0.0,0.0,0.0,392.7701,0.0,0.0,0.0,0.0,0.0,0.0,0.0,0.0,0.0,0.0
17.0,160.0,0.0,0.0,0.0,0.0,0.0,0.0,25.862076,0.0,0.0,0.0,0.0,0.0,0.0,0.0,0.0,0.0,0.0
18.0,0.0,192.16348,1058.3081,124.80155,2290.5889,0.0,0.0,0.0038351933,0.0,40784.64,0.0,0.0,351.2314,4661.488,35973.223,110.485916,0.0,0.0
18.0,10.0,2604.5708,7862.814,260.51834,9254.358,0.0,1.2399333E-4,0.00553871,479.63763,96577.27,1308.1162,72.68373,5687.657,0.0026881448,34479.445,4126.9824,0.0,0.0
18.0,20.0,22.62156,10900.459,245.40433,2829.683,0.0,8.7357394E-4,8.04265E-4,1073.8644,36.535603,4936.286,291.0186,1463.7334,0.0,1542.8824,39.693798,0.0,0.0
18.0,30.0,0.0,167.24765,235.99643,0.013482682,6519.2563,0.003110584,1.9386913E-4,1.9245341,0.0,464.8845,487.97928,112.08347,0.0,0.42817548,0.0,0.0,0.0
18.0,40.0,0.0,0.0,27.244183,0.0,16052.319,0.020002622,0.013793783,0.0,0.0,108.56928,1203.0979,1.06285,0.0,0.0,0.0,0.0,0.0
18.0,50.0,0.0,0.0,0.0,0.0,24668.559,0.035677217,0.24569395,0.0,0.0,11.95799,7563.085,0.0,0.0,0.0,0.0,0.0,0.0
18.0,60.0,0.0,0.0,0.0,0.0,34708.848,0.04441161,0.40731266,0.0,0.0,0.07817507,7521.713,0.0,0.0,0.0,0.0,0.0,0.0
18.0,70.0,0.0,0.0,0.0,0.0,42016.543,0.19767623,0.25843498,0.0,0.0,0.0,0.0,0.0,0.0,0.0,0.0,0.0,0.0
18.0,80.0,0.0,0.0,0.0,0.0,20812.895,0.1534939,0.022529373,0.0,0.0,0.0,0.0,0.0,0.0,0.0,0.0,0.0,0.0
18.0,90.0,0.0,0.0,0.0,0.0,13446.439,0.48877332,0.091127746,0.0,0.0,0.0,0.0,0.0,0.0,0.0,0.0,0.0,0.0
18.0,100.0,0.0,0.0,0.0,0.0,9494.519,7.8691983,3.4026117,0.0,0.0,0.0,0.0,0.0,0.0,0.0,0.0,0.0,0.0
18.0,110.0,0.0,0.0,0.0,0.0,3421.0256,64.45929,5.837337,0.0,0.0,0.0,0.0,0.0,0.0,0.0,0.0,0.0,0.0
18.0,120.0,0.0,0.0,0.0,0.0,0.0,0.0,2.2272136,0.0,0.0,0.0,0.0,0.0,0.0,0.0,0.0,0.0,0.0
18.0,130.0,0.0,0.0,0.0,0.0,0.0,0.0,3.2466135,0.0,0.0,0.0,0.0,0.0,0.0,0.0,0.0,0.0,0.0
18.0,140.0,0.0,0.0,0.0,0.0,0.0,0.0,10.172756,0.0,0.0,0.0,0.0,0.0,0.0,0.0,0.0,0.0,0.0
18.0,150.0,0.0,0.0,0.0,0.0,0.0,0.0,377.31543,0.0,0.0,0.0,0.0,0.0,0.0,0.0,0.0,0.0,0.0
18.0,160.0,0.0,0.0,0.0,0.0,0.0,0.0,63.75829,0.0,0.0,0.0,0.0,0.0,0.0,0.0,0.0,0.0,0.0
19.0,0.0,268.12064,821.30817,136.17708,3533.0452,0.0,0.0,0.004963286,4.406263,42199.05,0.0,0.0,73.75915,5171.063,95314.47,24.655699,0.0,0.0
19.0,10.0,2129.5452,7780.149,239.15172,6358.811,0.0,7.7456374E-5,0.02990868,622.3743,71280.11,545.62445,56.08199,3980.6006,0.011474363,27068.965,1806.8628,0.0,0.0
19.0,20.0,21.297731,10314.926,196.31194,2589.9663,0.0,6.55677E-4,0.023145873,512.9598,180.8903,3894.0435,199.13567,1296.2004,0.0,2353.0486,39.780376,0.0,0.0
19.0,30.0,0.0,115.4274,149.57314,0.0042023975,7873.3823,0.002663906,0.0019316804,4.4937434,0.0,341.19382,298.75613,68.423386,0.0,0.14051524,0.0,0.0,0.0
19.0,40.0,0.0,0.0,22.918827,0.0,17482.488,0.00622394,0.0,0.0,0.0,53.285095,766.3261,1.0508265,0.0,0.0,0.0,0.0,0.0
19.0,50.0,0.0,0.0,0.0,0.0,27443.582,0.025791286,0.014437866,0.0,0.0,14.440568,5890.9277,0.0,0.0,0.0,0.0,0.0,0.0
19.0,60.0,0.0,0.0,0.0,0.0,38498.883,0.068824254,0.30162242,0.0,0.0,0.15378912,8222.054,0.0,0.0,0.0,0.0,0.0,0.0
19.0,70.0,0.0,0.0,0.0,0.0,48737.062,0.07510511,0.4670282,0.0,0.0,0.0,0.0,0.0,0.0,0.0,0.0,0.0,0.0
19.0,80.0,0.0,0.0,0.0,0.0,33092.605,0.26572543,0.36124945,0.0,0.0,0.0,0.0,0.0,0.0,0.0,0.0,0.0,0.0
19.0,90.0,0.0,0.0,0.0,0.0,16339.532,0.25394484,0.025335765,0.0,0.0,0.0,0.0,0.0,0.0,0.0,0.0,0.0,0.0
19.0,100.0,0.0,0.0,0.0,0.0,10672.258,2.249004,0.9895226,0.0,0.0,0.0,0.0,0.0,0.0,0.0,0.0,0.0,0.0
19.0,110.0,0.0,0.0,0.0,0.0,3195.5981,49.693645,4.0796256,0.0,0.0,0.0,0.0,0.0,0.0,0.0,0.0,0.0,0.0
19.0,120.0,0.0,0.0,0.0,0.0,0.0,0.0,4.740838,0.0,0.0,0.0,0.0,0.0,0.0,0.0,0.0,0.0,0.0
19.0,130.0,0.0,0.0,0.0,0.0,0.0,0.0,4.7948303,0.0,0.0,0.0,0.0,0.0,0.0,0.0,0.0,0.0,0.0
19.0,140.0,0.0,0.0,0.0,0.0,0.0,0.0,0.37816337,0.0,0.0,0.0,0.0,0.0,0.0,0.0,0.0,0.0,0.0
19.0,150.0,0.0,0.0,0.0,0.0,0.0,0.0,284.22348,0.0,0.0,0.0,0.0,0.0,0.0,0.0,0.0,0.0,0.0
19.0,160.0,0.0,0.0,0.0,0.0,0.0,0.0,127.53743,0.0,0.0,0.0,0.0,0.0,0.0,0.0,0.0,0.0,0.0
20.0,0.0,145.45369,601.7591,137.624,3956.4033,0.0,0.0,0.0032521118,0.0,32038.096,0.0,0.0,43.74218,6642.4385,77748.94,25.56424,0.0,0.0
20.0,10.0,1878.9696,7044.7354,270.7074,6756.4883,0.0,9.6858086E-5,0.015358433,453.63843,66583.07,186.9366,45.907394,1780.9763,0.06781847,32916.617,986.14984,0.0,0.0
20.0,20.0,20.098242,10807.643,143.05318,1524.2328,0.0,4.0932154E-4,0.031182563,927.0899,115.33537,1770.1566,125.717896,955.779,0.0,1754.4247,23.672092,0.0,0.0
20.0,30.0,0.0,112.87039,99.635414,5.711838E-4,10769.548,0.0014605843,0.04387002,5.1366196,0.0,306.45053,151.40564,28.312803,0.0,0.16032419,0.0,0.0,0.0
20.0,40.0,0.0,0.0,13.036389,0.0,20214.754,0.0038309053,0.0041282866,0.0,0.0,26.519613,442.49954,0.4745499,0.0,0.0,0.0,0.0,0.0
20.0,50.0,0.0,0.0,0.0,0.0,29932.44,0.010705573,0.0,0.0,0.0,12.518053,3999.2847,0.0,0.0,0.0,0.0,0.0,0.0
20.0,60.0,0.0,0.0,0.0,0.0,43000.75,0.03588795,0.014565531,0.0,0.0,0.19464505,8608.588,0.0,0.0,0.0,0.0,0.0,0.0
20.0,70.0,0.0,0.0,0.0,0.0,53769.09,0.08147591,0.3315578,0.0,0.0,0.0,0.0,0.0,0.0,0.0,0.0,0.0,0.0
20.0,80.0,0.0,0.0,0.0,0.0,49427.6,0.12574574,0.64696276,0.0,0.0,0.0,0.0,0.0,0.0,0.0,0.0,0.0,0.0
20.0,90.0,0.0,0.0,0.0,0.0,19722.436,0.23249319,0.35068426,0.0,0.0,0.0,0.0,0.0,0.0,0.0,0.0,0.0,0.0
20.0,100.0,0.0,0.0,0.0,0.0,11866.179,0.74807644,0.014872566,0.0,0.0,0.0,0.0,0.0,0.0,0.0,0.0,0.0,0.0
20.0,110.0,0.0,0.0,0.0,0.0,2976.5989,36.643925,3.246547,0.0,0.0,0.0,0.0,0.0,0.0,0.0,0.0,0.0,0.0
20.0,120.0,0.0,0.0,0.0,0.0,0.0,0.0,6.886213,0.0,0.0,0.0,0.0,0.0,0.0,0.0,0.0,0.0,0.0
20.0,130.0,0.0,0.0,0.0,0.0,0.0,0.0,2.6074622,0.0,0.0,0.0,0.0,0.0,0.0,0.0,0.0,0.0,0.0
20.0,140.0,0.0,0.0,0.0,0.0,0.0,0.0,2.4069953,0.0,0.0,0.0,0.0,0.0,0.0,0.0,0.0,0.0,0.0
20.0,150.0,0.0,0.0,0.0,0.0,0.0,0.0,171.66658,0.0,0.0,0.0,0.0,0.0,0.0,0.0,0.0,0.0,0.0
20.0,160.0,0.0,0.0,0.0,0.0,0.0,0.0,204.29808,0.0,0.0,0.0,0.0,0.0,0.0,0.0,0.0,0.0,0.0
