"Distribution of the biomass (tonne) of prey species (in columns) in the diet of BlackSeaBass by Size class (cm). For class i, the preyed biomass in [i,i+1[ is reported."
"Time","Size","AtlanticHerring","AtlanticMackerel","BlackSeaBass","Scup","SpinyDogfish","StripedBass","Goosefish","WinterFlounder","Squids","Flounders","SkateRays","Hakes","Benthopelagics","MiscellaneousDemersals","ShallowDemersal","WhitePerch","AtlanticTomcod","Diazotrophs","LargePhytoplankton","LargeZooplankton","MediumPhytoplankton","MediumZooplankton","SmallPhytoplankton","SmallZooplankton","Benthos"
1.0,0.0,0.030000882,0.36736697,0.049136277,0.61116225,0.0,9.165905E-9,1.4452785E-7,0.17500128,0.037627857,0.010254191,2.0312527E-6,0.0026852237,1.942921,0.30842596,0.0137386685,0.0,0.0,0.0,0.112953946,18.394722,0.0,46.8695,0.0,16.422255,52.92964
1.0,10.0,0.011348089,2.7420135E-6,1.42216895E-5,6.744053E-4,0.0,0.0,8.263592E-5,0.0010998223,0.27841926,0.0018295973,6.031285E-4,1.9506032E-7,0.057928294,0.0015250652,8.5274194E-4,0.0,0.0,0.0,0.0,0.0,0.0,0.0,0.0,0.0,0.59966403
1.0,20.0,0.13535137,0.0055155605,5.013837E-4,0.018230772,0.0,1.257293E-7,0.0014683361,0.038939983,0.36696985,0.03148156,0.010057291,0.0108038,0.6693002,0.025274051,0.035274513,0.0,0.0,0.0,0.0,0.0,0.0,0.0,0.0,0.0,0.7765508
1.0,30.0,0.6396557,0.058840018,0.0021681504,0.0499108,0.0,2.334055E-6,0.0015623885,0.1396054,1.9572688,0.057243664,0.070586435,0.04947802,1.4437104,0.16927148,0.21356799,0.0,0.0,0.0,0.0,0.0,0.0,0.0,0.0,0.0,1.5818475
1.0,40.0,1.1381027,0.022464978,0.01878702,0.14025715,0.0,5.340456E-4,0.0064338516,0.09757372,1.6018505,0.07389782,0.11816358,0.060292765,1.302508,0.21798465,0.3580041,0.0,0.0,0.0,0.0,0.0,0.0,0.0,0.0,0.0,0.015473172
1.0,50.0,0.3009411,0.014416331,0.0059036613,0.046665125,0.0,0.0015954061,0.0019353972,0.016089547,0.29603368,0.028650107,0.0389352,0.01799375,0.16425353,0.06997341,0.096852295,0.0,0.0,0.0,0.0,0.0,0.0,0.0,0.0,0.0,0.0
1.0,60.0,0.0,0.0,0.0,0.0,0.0,0.0,0.0,0.0,0.0,0.0,0.0,0.0,0.0,0.0,0.0,0.0,0.0,0.0,0.0,0.0,0.0,0.0,0.0,0.0,0.0
1.0,70.0,0.0,0.0,0.0,0.0,0.0,0.0,0.0,0.0,0.0,0.0,0.0,0.0,0.0,0.0,0.0,0.0,0.0,0.0,0.0,0.0,0.0,0.0,0.0,0.0,0.0
1.0,80.0,0.0,0.0,0.0,0.0,0.0,0.0,0.0,0.0,0.0,0.0,0.0,0.0,0.0,0.0,0.0,0.0,0.0,0.0,0.0,0.0,0.0,0.0,0.0,0.0,0.0
1.0,90.0,0.0,0.0,0.0,0.0,0.0,0.0,0.0,0.0,0.0,0.0,0.0,0.0,0.0,0.0,0.0,0.0,0.0,0.0,0.0,0.0,0.0,0.0,0.0,0.0,0.0
1.0,100.0,0.0,0.0,0.0,0.0,0.0,0.0,0.0,0.0,0.0,0.0,0.0,0.0,0.0,0.0,0.0,0.0,0.0,0.0,0.0,0.0,0.0,0.0,0.0,0.0,0.0
1.0,110.0,0.0,0.0,0.0,0.0,0.0,0.0,0.0,0.0,0.0,0.0,0.0,0.0,0.0,0.0,0.0,0.0,0.0,0.0,0.0,0.0,0.0,0.0,0.0,0.0,0.0
1.0,120.0,0.0,0.0,0.0,0.0,0.0,0.0,0.0,0.0,0.0,0.0,0.0,0.0,0.0,0.0,0.0,0.0,0.0,0.0,0.0,0.0,0.0,0.0,0.0,0.0,0.0
1.0,130.0,0.0,0.0,0.0,0.0,0.0,0.0,0.0,0.0,0.0,0.0,0.0,0.0,0.0,0.0,0.0,0.0,0.0,0.0,0.0,0.0,0.0,0.0,0.0,0.0,0.0
1.0,140.0,0.0,0.0,0.0,0.0,0.0,0.0,0.0,0.0,0.0,0.0,0.0,0.0,0.0,0.0,0.0,0.0,0.0,0.0,0.0,0.0,0.0,0.0,0.0,0.0,0.0
1.0,150.0,0.0,0.0,0.0,0.0,0.0,0.0,0.0,0.0,0.0,0.0,0.0,0.0,0.0,0.0,0.0,0.0,0.0,0.0,0.0,0.0,0.0,0.0,0.0,0.0,0.0
1.0,160.0,0.0,0.0,0.0,0.0,0.0,0.0,0.0,0.0,0.0,0.0,0.0,0.0,0.0,0.0,0.0,0.0,0.0,0.0,0.0,0.0,0.0,0.0,0.0,0.0,0.0
2.0,0.0,3.168712E-5,0.012110501,0.020743186,0.19746436,0.0,2.7401568E-9,6.876485E-8,0.015944663,0.62499565,0.0041266214,0.0,3.1766173E-4,1.0970515,0.5717676,0.003743445,0.0,0.0,0.0,0.038892236,7.430638,0.0,21.408897,0.0,5.8738084,45.670456
2.0,10.0,0.02023506,0.4040436,6.5374805E-4,0.050008558,0.0,0.0,0.0,0.0,2.4818602,2.91666E-5,8.907947E-6,1.6214827E-6,0.5030523,1.4641608,0.33462366,0.0,0.0,0.0,0.0,0.0,0.0,0.0,0.0,0.0,6.6030145
2.0,20.0,0.006055939,0.0014658072,2.1222745E-6,6.441573E-4,0.0,0.0,0.0,0.0010625263,0.06968301,2.7525736E-4,0.0012781877,0.0018122133,0.010051299,0.011561641,0.0049456786,0.0,0.0,0.0,0.0,0.0,0.0,0.0,0.0,0.0,0.044115532
2.0,30.0,0.28752038,0.06952892,0.0035790903,0.007171862,0.0,3.1141484E-5,7.385865E-7,0.03402889,1.6742798,0.029033301,0.06566237,0.04469051,0.14342153,0.46193883,0.1944739,0.0,0.0,0.0,0.0,0.0,0.0,0.0,0.0,0.0,0.88564575
2.0,40.0,0.27219522,0.05084595,0.0020877137,0.006702766,0.0,2.108687E-4,7.996815E-5,0.040488172,1.0096873,0.023595776,0.058048837,0.029563667,0.06657989,0.32622144,0.13912705,0.0,0.0,0.0,0.0,0.0,0.0,0.0,0.0,0.0,0.017049279
2.0,50.0,0.020149965,0.002979639,1.0827794E-5,0.0012261969,0.0,8.600411E-9,1.2922248E-11,0.0030671307,0.057418995,0.0014342573,0.0018955853,0.001301371,0.0036725653,0.011634744,0.008036397,0.0,0.0,0.0,0.0,0.0,0.0,0.0,0.0,0.0,0.0
2.0,60.0,0.0,0.0,0.0,0.0,0.0,0.0,0.0,0.0,0.0,0.0,0.0,0.0,0.0,0.0,0.0,0.0,0.0,0.0,0.0,0.0,0.0,0.0,0.0,0.0,0.0
2.0,70.0,0.0,0.0,0.0,0.0,0.0,0.0,0.0,0.0,0.0,0.0,0.0,0.0,0.0,0.0,0.0,0.0,0.0,0.0,0.0,0.0,0.0,0.0,0.0,0.0,0.0
2.0,80.0,0.0,0.0,0.0,0.0,0.0,0.0,0.0,0.0,0.0,0.0,0.0,0.0,0.0,0.0,0.0,0.0,0.0,0.0,0.0,0.0,0.0,0.0,0.0,0.0,0.0
2.0,90.0,0.0,0.0,0.0,0.0,0.0,0.0,0.0,0.0,0.0,0.0,0.0,0.0,0.0,0.0,0.0,0.0,0.0,0.0,0.0,0.0,0.0,0.0,0.0,0.0,0.0
2.0,100.0,0.0,0.0,0.0,0.0,0.0,0.0,0.0,0.0,0.0,0.0,0.0,0.0,0.0,0.0,0.0,0.0,0.0,0.0,0.0,0.0,0.0,0.0,0.0,0.0,0.0
2.0,110.0,0.0,0.0,0.0,0.0,0.0,0.0,0.0,0.0,0.0,0.0,0.0,0.0,0.0,0.0,0.0,0.0,0.0,0.0,0.0,0.0,0.0,0.0,0.0,0.0,0.0
2.0,120.0,0.0,0.0,0.0,0.0,0.0,0.0,0.0,0.0,0.0,0.0,0.0,0.0,0.0,0.0,0.0,0.0,0.0,0.0,0.0,0.0,0.0,0.0,0.0,0.0,0.0
2.0,130.0,0.0,0.0,0.0,0.0,0.0,0.0,0.0,0.0,0.0,0.0,0.0,0.0,0.0,0.0,0.0,0.0,0.0,0.0,0.0,0.0,0.0,0.0,0.0,0.0,0.0
2.0,140.0,0.0,0.0,0.0,0.0,0.0,0.0,0.0,0.0,0.0,0.0,0.0,0.0,0.0,0.0,0.0,0.0,0.0,0.0,0.0,0.0,0.0,0.0,0.0,0.0,0.0
2.0,150.0,0.0,0.0,0.0,0.0,0.0,0.0,0.0,0.0,0.0,0.0,0.0,0.0,0.0,0.0,0.0,0.0,0.0,0.0,0.0,0.0,0.0,0.0,0.0,0.0,0.0
2.0,160.0,0.0,0.0,0.0,0.0,0.0,0.0,0.0,0.0,0.0,0.0,0.0,0.0,0.0,0.0,0.0,0.0,0.0,0.0,0.0,0.0,0.0,0.0,0.0,0.0,0.0
3.0,0.0,0.7681155,1.11603724E-4,0.0155430585,0.0029895662,0.0,1.8682693E-9,3.7742673E-8,0.0108787315,3.5754266,0.0012117692,0.0024316509,0.0890174,0.818891,1.1416004,0.006600815,0.0,0.0,0.0,0.019451888,4.603128,0.0,12.873571,0.0,4.3239064,34.47225
3.0,10.0,0.9664471,0.46654618,0.012422013,0.0074921427,0.0,0.0,0.0,0.019647382,20.052353,0.0021718736,0.06374198,0.17717445,1.2573762,5.4430423,1.0400507,0.0,0.0,0.0,0.0,0.0,0.0,0.0,0.0,0.0,10.427396
3.0,20.0,0.0,0.109719366,0.0011261898,0.0,0.0,0.0,0.0,0.08006506,4.641959,0.0,0.0,0.0,0.23773023,0.8066759,0.0,0.0,0.0,0.0,0.0,0.0,0.0,0.0,0.0,0.0,1.500238
3.0,30.0,0.040314343,0.012544467,0.0022811848,9.97968E-4,0.0,1.1702428E-5,2.498995E-5,0.0011935128,0.26037127,0.009420663,0.022384573,0.010438594,0.009468744,0.1176485,0.04084811,0.0,0.0,0.0,0.0,0.0,0.0,0.0,0.0,0.0,0.1229563
3.0,40.0,0.055277463,0.018547077,0.001063361,0.0031707932,0.0,2.4830987E-4,1.6990933E-4,0.005459162,0.2575554,0.012878685,0.029644638,0.011748302,0.011105552,0.11903347,0.041977715,0.0,0.0,0.0,0.0,0.0,0.0,0.0,0.0,0.0,0.003600885
3.0,50.0,1.931019E-5,3.3460356E-6,0.0,0.0,0.0,0.0,0.0,0.0,1.1172119E-4,2.015726E-5,3.942847E-6,2.3606935E-6,0.0,3.518124E-5,1.7521774E-5,0.0,0.0,0.0,0.0,0.0,0.0,0.0,0.0,0.0,0.0
3.0,60.0,0.0,0.0,0.0,0.0,0.0,0.0,0.0,0.0,0.0,0.0,0.0,0.0,0.0,0.0,0.0,0.0,0.0,0.0,0.0,0.0,0.0,0.0,0.0,0.0,0.0
3.0,70.0,0.0,0.0,0.0,0.0,0.0,0.0,0.0,0.0,0.0,0.0,0.0,0.0,0.0,0.0,0.0,0.0,0.0,0.0,0.0,0.0,0.0,0.0,0.0,0.0,0.0
3.0,80.0,0.0,0.0,0.0,0.0,0.0,0.0,0.0,0.0,0.0,0.0,0.0,0.0,0.0,0.0,0.0,0.0,0.0,0.0,0.0,0.0,0.0,0.0,0.0,0.0,0.0
3.0,90.0,0.0,0.0,0.0,0.0,0.0,0.0,0.0,0.0,0.0,0.0,0.0,0.0,0.0,0.0,0.0,0.0,0.0,0.0,0.0,0.0,0.0,0.0,0.0,0.0,0.0
3.0,100.0,0.0,0.0,0.0,0.0,0.0,0.0,0.0,0.0,0.0,0.0,0.0,0.0,0.0,0.0,0.0,0.0,0.0,0.0,0.0,0.0,0.0,0.0,0.0,0.0,0.0
3.0,110.0,0.0,0.0,0.0,0.0,0.0,0.0,0.0,0.0,0.0,0.0,0.0,0.0,0.0,0.0,0.0,0.0,0.0,0.0,0.0,0.0,0.0,0.0,0.0,0.0,0.0
3.0,120.0,0.0,0.0,0.0,0.0,0.0,0.0,0.0,0.0,0.0,0.0,0.0,0.0,0.0,0.0,0.0,0.0,0.0,0.0,0.0,0.0,0.0,0.0,0.0,0.0,0.0
3.0,130.0,0.0,0.0,0.0,0.0,0.0,0.0,0.0,0.0,0.0,0.0,0.0,0.0,0.0,0.0,0.0,0.0,0.0,0.0,0.0,0.0,0.0,0.0,0.0,0.0,0.0
3.0,140.0,0.0,0.0,0.0,0.0,0.0,0.0,0.0,0.0,0.0,0.0,0.0,0.0,0.0,0.0,0.0,0.0,0.0,0.0,0.0,0.0,0.0,0.0,0.0,0.0,0.0
3.0,150.0,0.0,0.0,0.0,0.0,0.0,0.0,0.0,0.0,0.0,0.0,0.0,0.0,0.0,0.0,0.0,0.0,0.0,0.0,0.0,0.0,0.0,0.0,0.0,0.0,0.0
3.0,160.0,0.0,0.0,0.0,0.0,0.0,0.0,0.0,0.0,0.0,0.0,0.0,0.0,0.0,0.0,0.0,0.0,0.0,0.0,0.0,0.0,0.0,0.0,0.0,0.0,0.0
4.0,0.0,0.39351887,0.0031818568,0.26954997,0.44596124,0.0,1.7839987E-8,2.376028E-7,0.0067746225,6.0383244,0.008852712,0.0,0.28506568,0.4148346,1.1059886,0.114985414,0.0,0.0,0.0,0.0907706,15.624739,0.0,58.709908,0.0,13.56064,97.3287
4.0,10.0,5.2915333E-4,1.653013,0.16505072,0.6559763,0.0,0.0,0.0,0.10441627,34.648006,0.057598222,0.02936715,0.52048475,3.9852533,6.928678,0.092562094,0.0,0.0,0.0,0.0,0.0,0.0,0.0,0.0,0.0,22.69873
4.0,20.0,0.19783427,0.57123166,0.04414743,0.0,0.0,0.0,0.0,0.005792309,13.381325,0.06454112,0.02790435,0.551691,0.8339622,3.272565,0.46013007,0.0,0.0,0.0,0.0,0.0,0.0,0.0,0.0,0.0,3.882858
4.0,30.0,0.0013971655,1.4072117E-4,1.619244E-4,0.0,0.0,0.0,0.0,6.597141E-4,0.003839793,1.8288214E-4,5.692227E-4,4.219859E-4,8.6872187E-4,0.0020608439,8.6049683E-4,0.0,0.0,0.0,0.0,0.0,0.0,0.0,0.0,0.0,0.001720029
4.0,40.0,0.0038145038,0.001732381,1.6473806E-4,2.1482505E-4,0.0,4.2018175E-5,3.68754E-8,5.6647754E-4,0.020251425,8.212937E-4,0.0034790444,0.0013517191,0.0018302562,0.01287851,0.0035317396,0.0,0.0,0.0,0.0,0.0,0.0,0.0,0.0,0.0,1.06118954E-4
4.0,50.0,0.0,0.0,0.0,0.0,0.0,0.0,0.0,0.0,0.0,0.0,0.0,0.0,0.0,0.0,0.0,0.0,0.0,0.0,0.0,0.0,0.0,0.0,0.0,0.0,0.0
4.0,60.0,0.0,0.0,0.0,0.0,0.0,0.0,0.0,0.0,0.0,0.0,0.0,0.0,0.0,0.0,0.0,0.0,0.0,0.0,0.0,0.0,0.0,0.0,0.0,0.0,0.0
4.0,70.0,0.0,0.0,0.0,0.0,0.0,0.0,0.0,0.0,0.0,0.0,0.0,0.0,0.0,0.0,0.0,0.0,0.0,0.0,0.0,0.0,0.0,0.0,0.0,0.0,0.0
4.0,80.0,0.0,0.0,0.0,0.0,0.0,0.0,0.0,0.0,0.0,0.0,0.0,0.0,0.0,0.0,0.0,0.0,0.0,0.0,0.0,0.0,0.0,0.0,0.0,0.0,0.0
4.0,90.0,0.0,0.0,0.0,0.0,0.0,0.0,0.0,0.0,0.0,0.0,0.0,0.0,0.0,0.0,0.0,0.0,0.0,0.0,0.0,0.0,0.0,0.0,0.0,0.0,0.0
4.0,100.0,0.0,0.0,0.0,0.0,0.0,0.0,0.0,0.0,0.0,0.0,0.0,0.0,0.0,0.0,0.0,0.0,0.0,0.0,0.0,0.0,0.0,0.0,0.0,0.0,0.0
4.0,110.0,0.0,0.0,0.0,0.0,0.0,0.0,0.0,0.0,0.0,0.0,0.0,0.0,0.0,0.0,0.0,0.0,0.0,0.0,0.0,0.0,0.0,0.0,0.0,0.0,0.0
4.0,120.0,0.0,0.0,0.0,0.0,0.0,0.0,0.0,0.0,0.0,0.0,0.0,0.0,0.0,0.0,0.0,0.0,0.0,0.0,0.0,0.0,0.0,0.0,0.0,0.0,0.0
4.0,130.0,0.0,0.0,0.0,0.0,0.0,0.0,0.0,0.0,0.0,0.0,0.0,0.0,0.0,0.0,0.0,0.0,0.0,0.0,0.0,0.0,0.0,0.0,0.0,0.0,0.0
4.0,140.0,0.0,0.0,0.0,0.0,0.0,0.0,0.0,0.0,0.0,0.0,0.0,0.0,0.0,0.0,0.0,0.0,0.0,0.0,0.0,0.0,0.0,0.0,0.0,0.0,0.0
4.0,150.0,0.0,0.0,0.0,0.0,0.0,0.0,0.0,0.0,0.0,0.0,0.0,0.0,0.0,0.0,0.0,0.0,0.0,0.0,0.0,0.0,0.0,0.0,0.0,0.0,0.0
4.0,160.0,0.0,0.0,0.0,0.0,0.0,0.0,0.0,0.0,0.0,0.0,0.0,0.0,0.0,0.0,0.0,0.0,0.0,0.0,0.0,0.0,0.0,0.0,0.0,0.0,0.0
5.0,0.0,9.941931E-4,0.009525671,0.7224638,1.827207,0.0,3.0504776E-8,5.187959E-7,0.012313231,3.7756371,0.015650818,0.0,0.023312263,1.6696333,2.6551604,0.020507451,0.0,0.0,0.0,0.20509121,36.249043,0.0,123.796486,0.0,29.199219,136.77605
5.0,10.0,1.036309,1.0432311,1.0498329,3.1321073,0.0,0.0,1.6767593E-4,0.11347531,64.61425,0.01978862,0.07831068,0.98468053,9.548388,8.833528,0.017338049,0.0,0.0,0.0,0.0,0.0,0.0,0.0,0.0,0.0,31.818611
5.0,20.0,0.87160236,1.8214276,0.0077013355,0.6200265,0.0,7.259458E-5,2.6926002E-4,0.39638,26.064417,0.2582489,0.027266106,0.10651726,3.341281,3.8720794,0.2318092,0.0,0.0,0.0,0.0,0.0,0.0,0.0,0.0,0.0,8.56885
5.0,30.0,0.16993672,0.25674504,0.022264868,0.11541854,0.0,0.0,0.0,0.0,3.4263213,8.000943E-4,0.00494244,1.8885025E-6,0.28239587,0.41231528,0.027120093,0.0,0.0,0.0,0.0,0.0,0.0,0.0,0.0,0.0,0.654504
5.0,40.0,1.0589152E-5,0.0,0.0,0.0,0.0,2.4922124E-6,0.0,0.0,3.0362452E-4,1.8593311E-5,1.1306833E-4,1.12332025E-4,4.065848E-5,2.5083346E-4,6.340057E-7,0.0,0.0,0.0,0.0,0.0,0.0,0.0,0.0,0.0,0.0
5.0,50.0,0.0,0.0,0.0,0.0,0.0,0.0,0.0,0.0,0.0,0.0,0.0,0.0,0.0,0.0,0.0,0.0,0.0,0.0,0.0,0.0,0.0,0.0,0.0,0.0,0.0
5.0,60.0,0.0,0.0,0.0,0.0,0.0,0.0,0.0,0.0,0.0,0.0,0.0,0.0,0.0,0.0,0.0,0.0,0.0,0.0,0.0,0.0,0.0,0.0,0.0,0.0,0.0
5.0,70.0,0.0,0.0,0.0,0.0,0.0,0.0,0.0,0.0,0.0,0.0,0.0,0.0,0.0,0.0,0.0,0.0,0.0,0.0,0.0,0.0,0.0,0.0,0.0,0.0,0.0
5.0,80.0,0.0,0.0,0.0,0.0,0.0,0.0,0.0,0.0,0.0,0.0,0.0,0.0,0.0,0.0,0.0,0.0,0.0,0.0,0.0,0.0,0.0,0.0,0.0,0.0,0.0
5.0,90.0,0.0,0.0,0.0,0.0,0.0,0.0,0.0,0.0,0.0,0.0,0.0,0.0,0.0,0.0,0.0,0.0,0.0,0.0,0.0,0.0,0.0,0.0,0.0,0.0,0.0
5.0,100.0,0.0,0.0,0.0,0.0,0.0,0.0,0.0,0.0,0.0,0.0,0.0,0.0,0.0,0.0,0.0,0.0,0.0,0.0,0.0,0.0,0.0,0.0,0.0,0.0,0.0
5.0,110.0,0.0,0.0,0.0,0.0,0.0,0.0,0.0,0.0,0.0,0.0,0.0,0.0,0.0,0.0,0.0,0.0,0.0,0.0,0.0,0.0,0.0,0.0,0.0,0.0,0.0
5.0,120.0,0.0,0.0,0.0,0.0,0.0,0.0,0.0,0.0,0.0,0.0,0.0,0.0,0.0,0.0,0.0,0.0,0.0,0.0,0.0,0.0,0.0,0.0,0.0,0.0,0.0
5.0,130.0,0.0,0.0,0.0,0.0,0.0,0.0,0.0,0.0,0.0,0.0,0.0,0.0,0.0,0.0,0.0,0.0,0.0,0.0,0.0,0.0,0.0,0.0,0.0,0.0,0.0
5.0,140.0,0.0,0.0,0.0,0.0,0.0,0.0,0.0,0.0,0.0,0.0,0.0,0.0,0.0,0.0,0.0,0.0,0.0,0.0,0.0,0.0,0.0,0.0,0.0,0.0,0.0
5.0,150.0,0.0,0.0,0.0,0.0,0.0,0.0,0.0,0.0,0.0,0.0,0.0,0.0,0.0,0.0,0.0,0.0,0.0,0.0,0.0,0.0,0.0,0.0,0.0,0.0,0.0
5.0,160.0,0.0,0.0,0.0,0.0,0.0,0.0,0.0,0.0,0.0,0.0,0.0,0.0,0.0,0.0,0.0,0.0,0.0,0.0,0.0,0.0,0.0,0.0,0.0,0.0,0.0
6.0,0.0,0.0054740123,0.82396716,1.1810591,1.1956556,0.0,1.9183496E-8,1.0852365E-6,0.020351065,3.6767426,0.060019348,0.010157345,0.007185364,1.1848253,1.5328156,0.0058343145,0.0,0.0,0.0,0.49763215,104.71071,0.0,294.78934,0.0,75.77902,192.24146
6.0,10.0,0.785818,0.61954707,2.3279908,2.0150118,0.0,2.3621067E-5,2.3407757E-4,0.04320009,58.586575,0.5938814,0.031995434,0.5546216,10.798979,10.486404,1.8214543,0.0,0.0,0.0,0.0,0.0,0.0,0.0,0.0,0.0,27.278633
6.0,20.0,0.9821072,7.16374,1.5783916,2.3946729,0.0,1.3451742E-4,1.5958527E-6,0.14878917,55.21652,0.44180912,0.10370866,2.8543527,4.097137,10.505541,1.5216105,0.0,0.0,0.0,0.0,0.0,0.0,0.0,0.0,0.0,14.812713
6.0,30.0,0.3839041,0.35839045,0.0016854544,0.3302631,0.0,3.9809413E-5,3.481355E-8,0.077070355,6.804639,0.14572671,0.19297029,0.23111841,0.41015732,3.0140598,0.3134051,0.0,0.0,0.0,0.0,0.0,0.0,0.0,0.0,0.0,2.0229168
6.0,40.0,0.0,0.0,0.0,0.0,0.0,0.0,0.0,0.0,0.0,0.0,0.0,0.0,0.0,0.0,0.0,0.0,0.0,0.0,0.0,0.0,0.0,0.0,0.0,0.0,0.0
6.0,50.0,0.0,0.0,0.0,0.0,0.0,0.0,0.0,0.0,0.0,0.0,0.0,0.0,0.0,0.0,0.0,0.0,0.0,0.0,0.0,0.0,0.0,0.0,0.0,0.0,0.0
6.0,60.0,0.0,0.0,0.0,0.0,0.0,0.0,0.0,0.0,0.0,0.0,0.0,0.0,0.0,0.0,0.0,0.0,0.0,0.0,0.0,0.0,0.0,0.0,0.0,0.0,0.0
6.0,70.0,0.0,0.0,0.0,0.0,0.0,0.0,0.0,0.0,0.0,0.0,0.0,0.0,0.0,0.0,0.0,0.0,0.0,0.0,0.0,0.0,0.0,0.0,0.0,0.0,0.0
6.0,80.0,0.0,0.0,0.0,0.0,0.0,0.0,0.0,0.0,0.0,0.0,0.0,0.0,0.0,0.0,0.0,0.0,0.0,0.0,0.0,0.0,0.0,0.0,0.0,0.0,0.0
6.0,90.0,0.0,0.0,0.0,0.0,0.0,0.0,0.0,0.0,0.0,0.0,0.0,0.0,0.0,0.0,0.0,0.0,0.0,0.0,0.0,0.0,0.0,0.0,0.0,0.0,0.0
6.0,100.0,0.0,0.0,0.0,0.0,0.0,0.0,0.0,0.0,0.0,0.0,0.0,0.0,0.0,0.0,0.0,0.0,0.0,0.0,0.0,0.0,0.0,0.0,0.0,0.0,0.0
6.0,110.0,0.0,0.0,0.0,0.0,0.0,0.0,0.0,0.0,0.0,0.0,0.0,0.0,0.0,0.0,0.0,0.0,0.0,0.0,0.0,0.0,0.0,0.0,0.0,0.0,0.0
6.0,120.0,0.0,0.0,0.0,0.0,0.0,0.0,0.0,0.0,0.0,0.0,0.0,0.0,0.0,0.0,0.0,0.0,0.0,0.0,0.0,0.0,0.0,0.0,0.0,0.0,0.0
6.0,130.0,0.0,0.0,0.0,0.0,0.0,0.0,0.0,0.0,0.0,0.0,0.0,0.0,0.0,0.0,0.0,0.0,0.0,0.0,0.0,0.0,0.0,0.0,0.0,0.0,0.0
6.0,140.0,0.0,0.0,0.0,0.0,0.0,0.0,0.0,0.0,0.0,0.0,0.0,0.0,0.0,0.0,0.0,0.0,0.0,0.0,0.0,0.0,0.0,0.0,0.0,0.0,0.0
6.0,150.0,0.0,0.0,0.0,0.0,0.0,0.0,0.0,0.0,0.0,0.0,0.0,0.0,0.0,0.0,0.0,0.0,0.0,0.0,0.0,0.0,0.0,0.0,0.0,0.0,0.0
6.0,160.0,0.0,0.0,0.0,0.0,0.0,0.0,0.0,0.0,0.0,0.0,0.0,0.0,0.0,0.0,0.0,0.0,0.0,0.0,0.0,0.0,0.0,0.0,0.0,0.0,0.0
7.0,0.0,0.0,0.05766092,2.219539,3.504258,0.0,3.27514E-8,3.0051312E-6,0.13001241,4.957805,0.011278189,0.0,0.5126913,0.5669765,4.0413036,0.34012842,0.0,0.0,0.0,0.93461955,225.70334,0.0,505.57892,0.0,144.06802,290.89444
7.0,10.0,0.72680795,1.7031496,0.8236354,0.9857027,0.0,0.0,5.9679203E-4,1.0830665,30.897905,0.88149655,0.016672272,0.5411586,8.526759,9.118478,0.15493797,0.0,0.0,0.0,0.0,0.0,0.0,0.0,0.0,0.0,23.645145
7.0,20.0,1.3240957,4.606424,0.23417446,2.1203907,0.0,5.7447163E-5,1.17909E-5,0.7305428,81.27315,1.4920653,0.11336256,2.5316813,7.499823,12.239052,2.4682114,0.0,0.0,0.0,0.0,0.0,0.0,0.0,0.0,0.0,18.496777
7.0,30.0,0.703619,0.8015106,5.726719E-4,1.543299,0.0,5.128706E-7,2.925721E-6,0.12838356,14.221392,0.28291968,0.42986125,0.3792144,0.5589354,4.913818,1.7532192,0.0,0.0,0.0,0.0,0.0,0.0,0.0,0.0,0.0,2.59638
7.0,40.0,0.0,0.0,0.0,0.0,0.0,0.0,0.0,0.0,0.0,0.0,0.0,0.0,0.0,0.0,0.0,0.0,0.0,0.0,0.0,0.0,0.0,0.0,0.0,0.0,0.0
7.0,50.0,0.0,0.0,0.0,0.0,0.0,0.0,0.0,0.0,0.0,0.0,0.0,0.0,0.0,0.0,0.0,0.0,0.0,0.0,0.0,0.0,0.0,0.0,0.0,0.0,0.0
7.0,60.0,0.0,0.0,0.0,0.0,0.0,0.0,0.0,0.0,0.0,0.0,0.0,0.0,0.0,0.0,0.0,0.0,0.0,0.0,0.0,0.0,0.0,0.0,0.0,0.0,0.0
7.0,70.0,0.0,0.0,0.0,0.0,0.0,0.0,0.0,0.0,0.0,0.0,0.0,0.0,0.0,0.0,0.0,0.0,0.0,0.0,0.0,0.0,0.0,0.0,0.0,0.0,0.0
7.0,80.0,0.0,0.0,0.0,0.0,0.0,0.0,0.0,0.0,0.0,0.0,0.0,0.0,0.0,0.0,0.0,0.0,0.0,0.0,0.0,0.0,0.0,0.0,0.0,0.0,0.0
7.0,90.0,0.0,0.0,0.0,0.0,0.0,0.0,0.0,0.0,0.0,0.0,0.0,0.0,0.0,0.0,0.0,0.0,0.0,0.0,0.0,0.0,0.0,0.0,0.0,0.0,0.0
7.0,100.0,0.0,0.0,0.0,0.0,0.0,0.0,0.0,0.0,0.0,0.0,0.0,0.0,0.0,0.0,0.0,0.0,0.0,0.0,0.0,0.0,0.0,0.0,0.0,0.0,0.0
7.0,110.0,0.0,0.0,0.0,0.0,0.0,0.0,0.0,0.0,0.0,0.0,0.0,0.0,0.0,0.0,0.0,0.0,0.0,0.0,0.0,0.0,0.0,0.0,0.0,0.0,0.0
7.0,120.0,0.0,0.0,0.0,0.0,0.0,0.0,0.0,0.0,0.0,0.0,0.0,0.0,0.0,0.0,0.0,0.0,0.0,0.0,0.0,0.0,0.0,0.0,0.0,0.0,0.0
7.0,130.0,0.0,0.0,0.0,0.0,0.0,0.0,0.0,0.0,0.0,0.0,0.0,0.0,0.0,0.0,0.0,0.0,0.0,0.0,0.0,0.0,0.0,0.0,0.0,0.0,0.0
7.0,140.0,0.0,0.0,0.0,0.0,0.0,0.0,0.0,0.0,0.0,0.0,0.0,0.0,0.0,0.0,0.0,0.0,0.0,0.0,0.0,0.0,0.0,0.0,0.0,0.0,0.0
7.0,150.0,0.0,0.0,0.0,0.0,0.0,0.0,0.0,0.0,0.0,0.0,0.0,0.0,0.0,0.0,0.0,0.0,0.0,0.0,0.0,0.0,0.0,0.0,0.0,0.0,0.0
7.0,160.0,0.0,0.0,0.0,0.0,0.0,0.0,0.0,0.0,0.0,0.0,0.0,0.0,0.0,0.0,0.0,0.0,0.0,0.0,0.0,0.0,0.0,0.0,0.0,0.0,0.0
8.0,0.0,0.0,0.08082955,2.1109738,9.609234,0.0,3.4405176E-8,2.7644842E-6,0.03162991,4.022262,0.12278968,1.8309255E-9,0.2084416,1.0693624,1.5500041,0.10273454,0.0,0.0,0.0,0.95848477,239.16338,0.0,553.03296,0.0,157.94681,278.79056
8.0,10.0,0.019581592,2.5756507,1.0483042,4.007316,0.0,0.0,0.0,0.044210706,47.57865,0.061515473,0.057891406,2.6451507,5.3477535,10.903149,0.60431474,0.0,0.0,0.0,0.0,0.0,0.0,0.0,0.0,0.0,27.89412
8.0,20.0,2.075216,3.028447,1.8594372,2.5941854,0.0,1.1202033E-5,6.4403535E-4,0.23347831,56.856285,0.32440448,0.11554233,3.1875417,4.901591,12.239541,1.4608911,0.0,0.0,0.0,0.0,0.0,0.0,0.0,0.0,0.0,14.5805235
8.0,30.0,2.5757105,1.5199012,0.13233472,1.9070522,0.0,3.5633155E-5,2.2533319E-4,0.09545783,36.778584,0.90320575,0.53772664,1.8075596,2.3993492,9.012666,2.6482744,0.0,0.0,0.0,0.0,0.0,0.0,0.0,0.0,0.0,5.459263
8.0,40.0,2.997295E-7,0.14807722,0.0,0.022695914,0.0,0.0,1.0185956E-5,0.013811386,0.28065446,0.09126893,0.0011523055,7.6610496E-4,3.0756215E-8,0.3047223,0.03309685,0.0,0.0,0.0,0.0,0.0,0.0,0.0,0.0,0.0,6.890068E-7
8.0,50.0,0.0,0.0,0.0,0.0,0.0,0.0,0.0,0.0,0.0,0.0,0.0,0.0,0.0,0.0,0.0,0.0,0.0,0.0,0.0,0.0,0.0,0.0,0.0,0.0,0.0
8.0,60.0,0.0,0.0,0.0,0.0,0.0,0.0,0.0,0.0,0.0,0.0,0.0,0.0,0.0,0.0,0.0,0.0,0.0,0.0,0.0,0.0,0.0,0.0,0.0,0.0,0.0
8.0,70.0,0.0,0.0,0.0,0.0,0.0,0.0,0.0,0.0,0.0,0.0,0.0,0.0,0.0,0.0,0.0,0.0,0.0,0.0,0.0,0.0,0.0,0.0,0.0,0.0,0.0
8.0,80.0,0.0,0.0,0.0,0.0,0.0,0.0,0.0,0.0,0.0,0.0,0.0,0.0,0.0,0.0,0.0,0.0,0.0,0.0,0.0,0.0,0.0,0.0,0.0,0.0,0.0
8.0,90.0,0.0,0.0,0.0,0.0,0.0,0.0,0.0,0.0,0.0,0.0,0.0,0.0,0.0,0.0,0.0,0.0,0.0,0.0,0.0,0.0,0.0,0.0,0.0,0.0,0.0
8.0,100.0,0.0,0.0,0.0,0.0,0.0,0.0,0.0,0.0,0.0,0.0,0.0,0.0,0.0,0.0,0.0,0.0,0.0,0.0,0.0,0.0,0.0,0.0,0.0,0.0,0.0
8.0,110.0,0.0,0.0,0.0,0.0,0.0,0.0,0.0,0.0,0.0,0.0,0.0,0.0,0.0,0.0,0.0,0.0,0.0,0.0,0.0,0.0,0.0,0.0,0.0,0.0,0.0
8.0,120.0,0.0,0.0,0.0,0.0,0.0,0.0,0.0,0.0,0.0,0.0,0.0,0.0,0.0,0.0,0.0,0.0,0.0,0.0,0.0,0.0,0.0,0.0,0.0,0.0,0.0
8.0,130.0,0.0,0.0,0.0,0.0,0.0,0.0,0.0,0.0,0.0,0.0,0.0,0.0,0.0,0.0,0.0,0.0,0.0,0.0,0.0,0.0,0.0,0.0,0.0,0.0,0.0
8.0,140.0,0.0,0.0,0.0,0.0,0.0,0.0,0.0,0.0,0.0,0.0,0.0,0.0,0.0,0.0,0.0,0.0,0.0,0.0,0.0,0.0,0.0,0.0,0.0,0.0,0.0
8.0,150.0,0.0,0.0,0.0,0.0,0.0,0.0,0.0,0.0,0.0,0.0,0.0,0.0,0.0,0.0,0.0,0.0,0.0,0.0,0.0,0.0,0.0,0.0,0.0,0.0,0.0
8.0,160.0,0.0,0.0,0.0,0.0,0.0,0.0,0.0,0.0,0.0,0.0,0.0,0.0,0.0,0.0,0.0,0.0,0.0,0.0,0.0,0.0,0.0,0.0,0.0,0.0,0.0
9.0,0.0,0.0088498145,0.08903743,3.667255,19.18002,0.0,4.1621348E-8,4.0912105E-6,0.12615883,1.570061,0.048117373,6.7734174E-5,0.10617969,1.0751295,4.779503,0.25356275,0.0,0.0,0.0,1.1264361,290.47055,0.0,613.1243,0.0,181.75783,289.2503
9.0,10.0,0.8937678,0.6169091,0.23773886,1.5397223,0.0,0.0,0.0,0.5661186,43.23235,0.61349916,0.003417456,0.781198,7.958069,16.014652,1.0810246,0.0,0.0,0.0,0.0,0.0,0.0,0.0,0.0,0.0,21.667032
9.0,20.0,1.1816505,4.3992734,1.1107965,0.845247,0.0,2.7009076E-8,6.4435764E-5,0.18346038,71.52787,0.49918142,0.076271124,1.805657,7.4539995,17.677359,3.3213212,0.0,0.0,0.0,0.0,0.0,0.0,0.0,0.0,0.0,12.946864
9.0,30.0,1.95969,1.0794114,0.0945721,2.1043541,0.0,1.8168084E-5,6.1334105E-4,0.34711832,34.121616,0.9634924,0.55951095,2.0605178,2.855873,15.286519,3.6669238,0.0,0.0,0.0,0.0,0.0,0.0,0.0,0.0,0.0,5.7670035
9.0,40.0,0.057008564,0.066745095,4.2897704E-4,0.08098694,0.0,0.0,0.0,0.030032925,0.9466688,0.036091153,0.08754195,0.04995814,0.019247444,0.42946985,0.07517814,0.0,0.0,0.0,0.0,0.0,0.0,0.0,0.0,0.0,1.4262231E-6
9.0,50.0,0.0,0.0,0.0,0.0,0.0,0.0,0.0,0.0,0.0,0.0,0.0,0.0,0.0,0.0,0.0,0.0,0.0,0.0,0.0,0.0,0.0,0.0,0.0,0.0,0.0
9.0,60.0,0.0,0.0,0.0,0.0,0.0,0.0,0.0,0.0,0.0,0.0,0.0,0.0,0.0,0.0,0.0,0.0,0.0,0.0,0.0,0.0,0.0,0.0,0.0,0.0,0.0
9.0,70.0,0.0,0.0,0.0,0.0,0.0,0.0,0.0,0.0,0.0,0.0,0.0,0.0,0.0,0.0,0.0,0.0,0.0,0.0,0.0,0.0,0.0,0.0,0.0,0.0,0.0
9.0,80.0,0.0,0.0,0.0,0.0,0.0,0.0,0.0,0.0,0.0,0.0,0.0,0.0,0.0,0.0,0.0,0.0,0.0,0.0,0.0,0.0,0.0,0.0,0.0,0.0,0.0
9.0,90.0,0.0,0.0,0.0,0.0,0.0,0.0,0.0,0.0,0.0,0.0,0.0,0.0,0.0,0.0,0.0,0.0,0.0,0.0,0.0,0.0,0.0,0.0,0.0,0.0,0.0
9.0,100.0,0.0,0.0,0.0,0.0,0.0,0.0,0.0,0.0,0.0,0.0,0.0,0.0,0.0,0.0,0.0,0.0,0.0,0.0,0.0,0.0,0.0,0.0,0.0,0.0,0.0
9.0,110.0,0.0,0.0,0.0,0.0,0.0,0.0,0.0,0.0,0.0,0.0,0.0,0.0,0.0,0.0,0.0,0.0,0.0,0.0,0.0,0.0,0.0,0.0,0.0,0.0,0.0
9.0,120.0,0.0,0.0,0.0,0.0,0.0,0.0,0.0,0.0,0.0,0.0,0.0,0.0,0.0,0.0,0.0,0.0,0.0,0.0,0.0,0.0,0.0,0.0,0.0,0.0,0.0
9.0,130.0,0.0,0.0,0.0,0.0,0.0,0.0,0.0,0.0,0.0,0.0,0.0,0.0,0.0,0.0,0.0,0.0,0.0,0.0,0.0,0.0,0.0,0.0,0.0,0.0,0.0
9.0,140.0,0.0,0.0,0.0,0.0,0.0,0.0,0.0,0.0,0.0,0.0,0.0,0.0,0.0,0.0,0.0,0.0,0.0,0.0,0.0,0.0,0.0,0.0,0.0,0.0,0.0
9.0,150.0,0.0,0.0,0.0,0.0,0.0,0.0,0.0,0.0,0.0,0.0,0.0,0.0,0.0,0.0,0.0,0.0,0.0,0.0,0.0,0.0,0.0,0.0,0.0,0.0,0.0
9.0,160.0,0.0,0.0,0.0,0.0,0.0,0.0,0.0,0.0,0.0,0.0,0.0,0.0,0.0,0.0,0.0,0.0,0.0,0.0,0.0,0.0,0.0,0.0,0.0,0.0,0.0
10.0,0.0,0.0020093105,0.10030149,2.6964698,12.652919,0.0,2.9777569E-8,2.410276E-6,0.11537792,3.8845599,0.04508386,4.2986608E-6,0.07424321,0.8548469,3.411164,0.2519293,0.0,0.0,0.0,1.2224404,331.52255,0.0,651.99084,0.0,210.37434,254.66895
10.0,10.0,9.519202E-6,1.0630914,4.2337403,0.89895874,0.0,3.9257608E-7,0.0,0.2578836,38.067272,5.917013E-4,0.022522068,0.9136552,6.213444,5.1959934,0.3886333,0.0,0.0,0.0,0.0,0.0,0.0,0.0,0.0,0.0,19.390558
10.0,20.0,0.1686181,1.829625,0.41733155,2.4189417,0.0,2.7066287E-6,3.2513277E-4,0.12438201,61.65467,0.5346662,0.13776769,1.9794798,2.6259243,13.642176,2.0562348,0.0,0.0,0.0,0.0,0.0,0.0,0.0,0.0,0.0,14.463903
10.0,30.0,1.9406173,1.6460332,0.31859633,2.7239141,0.0,3.132913E-6,1.04829E-5,0.1665359,38.651665,0.15151656,0.8196902,1.1075765,1.8467014,15.694173,4.064432,0.0,0.0,0.0,0.0,0.0,0.0,0.0,0.0,0.0,6.178608
10.0,40.0,0.022225438,0.25699115,0.0014173317,0.07706275,0.0,2.4160613E-7,9.841607E-6,0.017061656,1.7276593,0.009439878,0.067840375,0.10266784,0.028944356,0.92040884,0.11429463,0.0,0.0,0.0,0.0,0.0,0.0,0.0,0.0,0.0,2.8394882E-6
10.0,50.0,0.0,0.0,0.0,0.0,0.0,0.0,0.0,0.0,0.0,0.0,0.0,0.0,0.0,0.0,0.0,0.0,0.0,0.0,0.0,0.0,0.0,0.0,0.0,0.0,0.0
10.0,60.0,0.0,0.0,0.0,0.0,0.0,0.0,0.0,0.0,0.0,0.0,0.0,0.0,0.0,0.0,0.0,0.0,0.0,0.0,0.0,0.0,0.0,0.0,0.0,0.0,0.0
10.0,70.0,0.0,0.0,0.0,0.0,0.0,0.0,0.0,0.0,0.0,0.0,0.0,0.0,0.0,0.0,0.0,0.0,0.0,0.0,0.0,0.0,0.0,0.0,0.0,0.0,0.0
10.0,80.0,0.0,0.0,0.0,0.0,0.0,0.0,0.0,0.0,0.0,0.0,0.0,0.0,0.0,0.0,0.0,0.0,0.0,0.0,0.0,0.0,0.0,0.0,0.0,0.0,0.0
10.0,90.0,0.0,0.0,0.0,0.0,0.0,0.0,0.0,0.0,0.0,0.0,0.0,0.0,0.0,0.0,0.0,0.0,0.0,0.0,0.0,0.0,0.0,0.0,0.0,0.0,0.0
10.0,100.0,0.0,0.0,0.0,0.0,0.0,0.0,0.0,0.0,0.0,0.0,0.0,0.0,0.0,0.0,0.0,0.0,0.0,0.0,0.0,0.0,0.0,0.0,0.0,0.0,0.0
10.0,110.0,0.0,0.0,0.0,0.0,0.0,0.0,0.0,0.0,0.0,0.0,0.0,0.0,0.0,0.0,0.0,0.0,0.0,0.0,0.0,0.0,0.0,0.0,0.0,0.0,0.0
10.0,120.0,0.0,0.0,0.0,0.0,0.0,0.0,0.0,0.0,0.0,0.0,0.0,0.0,0.0,0.0,0.0,0.0,0.0,0.0,0.0,0.0,0.0,0.0,0.0,0.0,0.0
10.0,130.0,0.0,0.0,0.0,0.0,0.0,0.0,0.0,0.0,0.0,0.0,0.0,0.0,0.0,0.0,0.0,0.0,0.0,0.0,0.0,0.0,0.0,0.0,0.0,0.0,0.0
10.0,140.0,0.0,0.0,0.0,0.0,0.0,0.0,0.0,0.0,0.0,0.0,0.0,0.0,0.0,0.0,0.0,0.0,0.0,0.0,0.0,0.0,0.0,0.0,0.0,0.0,0.0
10.0,150.0,0.0,0.0,0.0,0.0,0.0,0.0,0.0,0.0,0.0,0.0,0.0,0.0,0.0,0.0,0.0,0.0,0.0,0.0,0.0,0.0,0.0,0.0,0.0,0.0,0.0
10.0,160.0,0.0,0.0,0.0,0.0,0.0,0.0,0.0,0.0,0.0,0.0,0.0,0.0,0.0,0.0,0.0,0.0,0.0,0.0,0.0,0.0,0.0,0.0,0.0,0.0,0.0
11.0,0.0,0.010926142,0.10364105,2.132265,16.89091,0.0,1.47604045E-8,1.5464337E-6,0.08898328,3.7336469,0.04670316,0.0,0.11596534,0.63926315,1.335784,0.069645874,0.0,0.0,0.0,1.1112596,268.48575,0.0,597.52734,0.0,173.28911,262.94238
11.0,10.0,1.0577523E-6,1.9440792,0.7749143,1.6503382,0.0,0.0,6.273849E-9,0.46872127,28.45437,0.110346995,0.024595786,0.68570673,2.7752879,10.775438,0.18758762,0.0,0.0,0.0,0.0,0.0,0.0,0.0,0.0,0.0,20.899004
11.0,20.0,0.42764762,1.6205274,0.26116335,0.98428905,0.0,1.2622691E-7,4.4411616E-4,0.22167163,53.569756,0.42870787,0.10902849,0.9373965,4.097648,15.786549,0.32425466,0.0,0.0,0.0,0.0,0.0,0.0,0.0,0.0,0.0,15.667794
11.0,30.0,1.6544,3.0482435,0.2944765,1.1362427,0.0,1.268541E-4,3.214935E-5,0.4550608,38.159733,0.4977823,0.8612547,1.8524042,2.2450995,15.499126,2.6691222,0.0,0.0,0.0,0.0,0.0,0.0,0.0,0.0,0.0,6.2495313
11.0,40.0,0.20655085,0.2977519,0.064456366,0.18143031,0.0,3.2720734E-6,6.715471E-4,0.129287,2.0512383,0.1197063,0.19656627,0.09879773,0.022964256,1.5016282,0.3251057,0.0,0.0,0.0,0.0,0.0,0.0,0.0,0.0,0.0,1.3682279E-5
11.0,50.0,0.0,0.0,0.0,0.0,0.0,0.0,0.0,0.0,0.0,0.0,0.0,0.0,0.0,0.0,0.0,0.0,0.0,0.0,0.0,0.0,0.0,0.0,0.0,0.0,0.0
11.0,60.0,0.0,0.0,0.0,0.0,0.0,0.0,0.0,0.0,0.0,0.0,0.0,0.0,0.0,0.0,0.0,0.0,0.0,0.0,0.0,0.0,0.0,0.0,0.0,0.0,0.0
11.0,70.0,0.0,0.0,0.0,0.0,0.0,0.0,0.0,0.0,0.0,0.0,0.0,0.0,0.0,0.0,0.0,0.0,0.0,0.0,0.0,0.0,0.0,0.0,0.0,0.0,0.0
11.0,80.0,0.0,0.0,0.0,0.0,0.0,0.0,0.0,0.0,0.0,0.0,0.0,0.0,0.0,0.0,0.0,0.0,0.0,0.0,0.0,0.0,0.0,0.0,0.0,0.0,0.0
11.0,90.0,0.0,0.0,0.0,0.0,0.0,0.0,0.0,0.0,0.0,0.0,0.0,0.0,0.0,0.0,0.0,0.0,0.0,0.0,0.0,0.0,0.0,0.0,0.0,0.0,0.0
11.0,100.0,0.0,0.0,0.0,0.0,0.0,0.0,0.0,0.0,0.0,0.0,0.0,0.0,0.0,0.0,0.0,0.0,0.0,0.0,0.0,0.0,0.0,0.0,0.0,0.0,0.0
11.0,110.0,0.0,0.0,0.0,0.0,0.0,0.0,0.0,0.0,0.0,0.0,0.0,0.0,0.0,0.0,0.0,0.0,0.0,0.0,0.0,0.0,0.0,0.0,0.0,0.0,0.0
11.0,120.0,0.0,0.0,0.0,0.0,0.0,0.0,0.0,0.0,0.0,0.0,0.0,0.0,0.0,0.0,0.0,0.0,0.0,0.0,0.0,0.0,0.0,0.0,0.0,0.0,0.0
11.0,130.0,0.0,0.0,0.0,0.0,0.0,0.0,0.0,0.0,0.0,0.0,0.0,0.0,0.0,0.0,0.0,0.0,0.0,0.0,0.0,0.0,0.0,0.0,0.0,0.0,0.0
11.0,140.0,0.0,0.0,0.0,0.0,0.0,0.0,0.0,0.0,0.0,0.0,0.0,0.0,0.0,0.0,0.0,0.0,0.0,0.0,0.0,0.0,0.0,0.0,0.0,0.0,0.0
11.0,150.0,0.0,0.0,0.0,0.0,0.0,0.0,0.0,0.0,0.0,0.0,0.0,0.0,0.0,0.0,0.0,0.0,0.0,0.0,0.0,0.0,0.0,0.0,0.0,0.0,0.0
11.0,160.0,0.0,0.0,0.0,0.0,0.0,0.0,0.0,0.0,0.0,0.0,0.0,0.0,0.0,0.0,0.0,0.0,0.0,0.0,0.0,0.0,0.0,0.0,0.0,0.0,0.0
12.0,0.0,3.5707673E-4,0.091259815,2.2821584,16.197865,0.0,8.697709E-9,1.0645753E-6,0.022086535,2.3258023,0.06769527,0.0,0.04181226,0.6235224,1.9241488,0.0013717245,0.0,0.0,0.0,0.9724829,231.05591,0.0,520.2589,0.0,139.66692,260.45615
12.0,10.0,0.30968738,1.475224,0.8111692,1.8927985,0.0,0.0,1.3942732E-6,0.117770195,33.464966,0.03808657,0.0058355965,1.4817171,1.8871204,8.231288,0.20434512,0.0,0.0,0.0,0.0,0.0,0.0,0.0,0.0,0.0,13.52112
12.0,20.0,0.4315367,2.7813601,0.71660775,0.19372095,0.0,5.6015386E-7,7.8964895E-8,0.083665825,49.339207,0.28651497,0.04218209,2.1360672,2.8297496,7.897176,0.592537,0.0,0.0,0.0,0.0,0.0,0.0,0.0,0.0,0.0,11.993624
12.0,30.0,1.7785091,2.6819165,0.11201199,1.0863909,0.0,9.059877E-7,2.2722852E-4,0.09144664,32.542515,0.46266523,0.64491665,2.1997318,2.5482225,12.038477,3.4592927,0.0,0.0,0.0,0.0,0.0,0.0,0.0,0.0,0.0,6.144697
12.0,40.0,0.24406798,0.34093,0.03243176,0.19810769,0.0,4.078255E-6,9.069533E-4,0.07227041,4.7173553,0.13158247,0.27968684,0.37155685,0.39207372,2.1192849,0.756733,0.0,0.0,0.0,0.0,0.0,0.0,0.0,0.0,0.0,7.39417E-5
12.0,50.0,0.0,0.0,0.0,0.0,0.0,0.0,0.0,0.0,0.0,0.0,0.0,0.0,0.0,0.0,0.0,0.0,0.0,0.0,0.0,0.0,0.0,0.0,0.0,0.0,0.0
12.0,60.0,0.0,0.0,0.0,0.0,0.0,0.0,0.0,0.0,0.0,0.0,0.0,0.0,0.0,0.0,0.0,0.0,0.0,0.0,0.0,0.0,0.0,0.0,0.0,0.0,0.0
12.0,70.0,0.0,0.0,0.0,0.0,0.0,0.0,0.0,0.0,0.0,0.0,0.0,0.0,0.0,0.0,0.0,0.0,0.0,0.0,0.0,0.0,0.0,0.0,0.0,0.0,0.0
12.0,80.0,0.0,0.0,0.0,0.0,0.0,0.0,0.0,0.0,0.0,0.0,0.0,0.0,0.0,0.0,0.0,0.0,0.0,0.0,0.0,0.0,0.0,0.0,0.0,0.0,0.0
12.0,90.0,0.0,0.0,0.0,0.0,0.0,0.0,0.0,0.0,0.0,0.0,0.0,0.0,0.0,0.0,0.0,0.0,0.0,0.0,0.0,0.0,0.0,0.0,0.0,0.0,0.0
12.0,100.0,0.0,0.0,0.0,0.0,0.0,0.0,0.0,0.0,0.0,0.0,0.0,0.0,0.0,0.0,0.0,0.0,0.0,0.0,0.0,0.0,0.0,0.0,0.0,0.0,0.0
12.0,110.0,0.0,0.0,0.0,0.0,0.0,0.0,0.0,0.0,0.0,0.0,0.0,0.0,0.0,0.0,0.0,0.0,0.0,0.0,0.0,0.0,0.0,0.0,0.0,0.0,0.0
12.0,120.0,0.0,0.0,0.0,0.0,0.0,0.0,0.0,0.0,0.0,0.0,0.0,0.0,0.0,0.0,0.0,0.0,0.0,0.0,0.0,0.0,0.0,0.0,0.0,0.0,0.0
12.0,130.0,0.0,0.0,0.0,0.0,0.0,0.0,0.0,0.0,0.0,0.0,0.0,0.0,0.0,0.0,0.0,0.0,0.0,0.0,0.0,0.0,0.0,0.0,0.0,0.0,0.0
12.0,140.0,0.0,0.0,0.0,0.0,0.0,0.0,0.0,0.0,0.0,0.0,0.0,0.0,0.0,0.0,0.0,0.0,0.0,0.0,0.0,0.0,0.0,0.0,0.0,0.0,0.0
12.0,150.0,0.0,0.0,0.0,0.0,0.0,0.0,0.0,0.0,0.0,0.0,0.0,0.0,0.0,0.0,0.0,0.0,0.0,0.0,0.0,0.0,0.0,0.0,0.0,0.0,0.0
12.0,160.0,0.0,0.0,0.0,0.0,0.0,0.0,0.0,0.0,0.0,0.0,0.0,0.0,0.0,0.0,0.0,0.0,0.0,0.0,0.0,0.0,0.0,0.0,0.0,0.0,0.0
13.0,0.0,0.005732292,0.11468065,1.0150831,14.46709,0.0,6.8794797E-9,1.0105765E-6,0.11674784,3.876559,0.035002004,0.0,0.08775304,1.3514036,1.6189808,0.0061786436,0.0,0.0,0.0,0.79913217,193.89597,0.0,453.61328,0.0,133.81223,270.55588
13.0,10.0,1.124061E-5,1.6803257,0.33249152,0.3837642,0.0,9.57984E-9,0.0,0.027756562,21.661541,0.07467525,0.0023199802,0.5506729,1.8302144,5.6847878,0.023041751,0.0,0.0,0.0,0.0,0.0,0.0,0.0,0.0,0.0,11.809758
13.0,20.0,2.2355287,3.2493649,0.87708044,0.79309136,0.0,2.8974932E-7,4.2622595E-4,0.73291075,42.578964,0.7613042,0.070232496,1.1870685,2.2330174,7.372791,1.637897,0.0,0.0,0.0,0.0,0.0,0.0,0.0,0.0,0.0,11.076493
13.0,30.0,1.1617053,2.7079759,0.066605985,0.99597657,0.0,1.6662754E-5,5.7828706E-6,0.69330996,27.916313,0.42923516,0.4880004,1.5000521,1.6526715,10.210301,2.2113397,0.0,0.0,0.0,0.0,0.0,0.0,0.0,0.0,0.0,5.7781444
13.0,40.0,0.37567052,0.30096427,0.01524332,0.22030301,0.0,4.359361E-10,2.3978719E-4,0.115444124,3.678593,0.19336571,0.2806663,0.16904593,0.34452024,2.5764816,0.48383692,0.0,0.0,0.0,0.0,0.0,0.0,0.0,0.0,0.0,3.4768366E-6
13.0,50.0,0.0,0.0,0.0,0.0,0.0,0.0,0.0,0.0,0.0,0.0,0.0,0.0,0.0,0.0,0.0,0.0,0.0,0.0,0.0,0.0,0.0,0.0,0.0,0.0,0.0
13.0,60.0,0.0,0.0,0.0,0.0,0.0,0.0,0.0,0.0,0.0,0.0,0.0,0.0,0.0,0.0,0.0,0.0,0.0,0.0,0.0,0.0,0.0,0.0,0.0,0.0,0.0
13.0,70.0,0.0,0.0,0.0,0.0,0.0,0.0,0.0,0.0,0.0,0.0,0.0,0.0,0.0,0.0,0.0,0.0,0.0,0.0,0.0,0.0,0.0,0.0,0.0,0.0,0.0
13.0,80.0,0.0,0.0,0.0,0.0,0.0,0.0,0.0,0.0,0.0,0.0,0.0,0.0,0.0,0.0,0.0,0.0,0.0,0.0,0.0,0.0,0.0,0.0,0.0,0.0,0.0
13.0,90.0,0.0,0.0,0.0,0.0,0.0,0.0,0.0,0.0,0.0,0.0,0.0,0.0,0.0,0.0,0.0,0.0,0.0,0.0,0.0,0.0,0.0,0.0,0.0,0.0,0.0
13.0,100.0,0.0,0.0,0.0,0.0,0.0,0.0,0.0,0.0,0.0,0.0,0.0,0.0,0.0,0.0,0.0,0.0,0.0,0.0,0.0,0.0,0.0,0.0,0.0,0.0,0.0
13.0,110.0,0.0,0.0,0.0,0.0,0.0,0.0,0.0,0.0,0.0,0.0,0.0,0.0,0.0,0.0,0.0,0.0,0.0,0.0,0.0,0.0,0.0,0.0,0.0,0.0,0.0
13.0,120.0,0.0,0.0,0.0,0.0,0.0,0.0,0.0,0.0,0.0,0.0,0.0,0.0,0.0,0.0,0.0,0.0,0.0,0.0,0.0,0.0,0.0,0.0,0.0,0.0,0.0
13.0,130.0,0.0,0.0,0.0,0.0,0.0,0.0,0.0,0.0,0.0,0.0,0.0,0.0,0.0,0.0,0.0,0.0,0.0,0.0,0.0,0.0,0.0,0.0,0.0,0.0,0.0
13.0,140.0,0.0,0.0,0.0,0.0,0.0,0.0,0.0,0.0,0.0,0.0,0.0,0.0,0.0,0.0,0.0,0.0,0.0,0.0,0.0,0.0,0.0,0.0,0.0,0.0,0.0
13.0,150.0,0.0,0.0,0.0,0.0,0.0,0.0,0.0,0.0,0.0,0.0,0.0,0.0,0.0,0.0,0.0,0.0,0.0,0.0,0.0,0.0,0.0,0.0,0.0,0.0,0.0
13.0,160.0,0.0,0.0,0.0,0.0,0.0,0.0,0.0,0.0,0.0,0.0,0.0,0.0,0.0,0.0,0.0,0.0,0.0,0.0,0.0,0.0,0.0,0.0,0.0,0.0,0.0
14.0,0.0,0.0033288903,0.10529021,1.7542955,11.562296,0.0,5.0731908E-9,4.4899323E-7,0.04442351,5.533752,0.07109913,0.0,0.3659017,2.0233285,3.7436292,0.12824954,0.0,0.0,0.0,0.6267495,120.01284,0.0,346.80328,0.0,87.930534,232.65536
14.0,10.0,0.0,4.1910753,1.7536572,3.074079,0.0,4.500509E-9,0.0,1.0087258E-4,40.4997,0.19143277,0.025179803,0.48702356,5.044966,2.151096,0.99781525,0.0,0.0,0.0,0.0,0.0,0.0,0.0,0.0,0.0,30.968046
14.0,20.0,0.9726807,1.8005576,0.07388899,0.5407201,0.0,0.0,7.6182034E-5,0.20876662,37.509323,0.06490231,0.09031518,0.5839788,3.733458,4.9864254,1.6127001,0.0,0.0,0.0,0.0,0.0,0.0,0.0,0.0,0.0,9.267269
14.0,30.0,0.9914011,2.7259066,0.029477473,0.71384436,0.0,1.1945938E-6,9.2745904E-4,0.66025007,22.34901,0.36482775,0.50953346,0.9143438,1.1705234,9.15132,3.2731576,0.0,0.0,0.0,0.0,0.0,0.0,0.0,0.0,0.0,4.945135
14.0,40.0,0.116818346,0.3475699,0.030528719,0.19413815,0.0,7.651255E-6,3.901642E-9,0.021351593,2.170375,0.1555697,0.131,0.13701628,0.20140591,1.2547994,0.58301216,0.0,0.0,0.0,0.0,0.0,0.0,0.0,0.0,0.0,1.0906128E-5
14.0,50.0,0.0,0.0,0.0,0.0,0.0,0.0,0.0,0.0,0.0,0.0,0.0,0.0,0.0,0.0,0.0,0.0,0.0,0.0,0.0,0.0,0.0,0.0,0.0,0.0,0.0
14.0,60.0,0.0,0.0,0.0,0.0,0.0,0.0,0.0,0.0,0.0,0.0,0.0,0.0,0.0,0.0,0.0,0.0,0.0,0.0,0.0,0.0,0.0,0.0,0.0,0.0,0.0
14.0,70.0,0.0,0.0,0.0,0.0,0.0,0.0,0.0,0.0,0.0,0.0,0.0,0.0,0.0,0.0,0.0,0.0,0.0,0.0,0.0,0.0,0.0,0.0,0.0,0.0,0.0
14.0,80.0,0.0,0.0,0.0,0.0,0.0,0.0,0.0,0.0,0.0,0.0,0.0,0.0,0.0,0.0,0.0,0.0,0.0,0.0,0.0,0.0,0.0,0.0,0.0,0.0,0.0
14.0,90.0,0.0,0.0,0.0,0.0,0.0,0.0,0.0,0.0,0.0,0.0,0.0,0.0,0.0,0.0,0.0,0.0,0.0,0.0,0.0,0.0,0.0,0.0,0.0,0.0,0.0
14.0,100.0,0.0,0.0,0.0,0.0,0.0,0.0,0.0,0.0,0.0,0.0,0.0,0.0,0.0,0.0,0.0,0.0,0.0,0.0,0.0,0.0,0.0,0.0,0.0,0.0,0.0
14.0,110.0,0.0,0.0,0.0,0.0,0.0,0.0,0.0,0.0,0.0,0.0,0.0,0.0,0.0,0.0,0.0,0.0,0.0,0.0,0.0,0.0,0.0,0.0,0.0,0.0,0.0
14.0,120.0,0.0,0.0,0.0,0.0,0.0,0.0,0.0,0.0,0.0,0.0,0.0,0.0,0.0,0.0,0.0,0.0,0.0,0.0,0.0,0.0,0.0,0.0,0.0,0.0,0.0
14.0,130.0,0.0,0.0,0.0,0.0,0.0,0.0,0.0,0.0,0.0,0.0,0.0,0.0,0.0,0.0,0.0,0.0,0.0,0.0,0.0,0.0,0.0,0.0,0.0,0.0,0.0
14.0,140.0,0.0,0.0,0.0,0.0,0.0,0.0,0.0,0.0,0.0,0.0,0.0,0.0,0.0,0.0,0.0,0.0,0.0,0.0,0.0,0.0,0.0,0.0,0.0,0.0,0.0
14.0,150.0,0.0,0.0,0.0,0.0,0.0,0.0,0.0,0.0,0.0,0.0,0.0,0.0,0.0,0.0,0.0,0.0,0.0,0.0,0.0,0.0,0.0,0.0,0.0,0.0,0.0
14.0,160.0,0.0,0.0,0.0,0.0,0.0,0.0,0.0,0.0,0.0,0.0,0.0,0.0,0.0,0.0,0.0,0.0,0.0,0.0,0.0,0.0,0.0,0.0,0.0,0.0,0.0
15.0,0.0,0.0,0.045048192,0.872428,8.791986,0.0,2.4105984E-9,4.3155768E-7,0.08281921,4.4305906,0.012330569,0.0,0.09053854,0.9123439,1.0938612,0.3541065,0.0,0.0,0.0,0.4501124,86.04031,0.0,270.60367,0.0,74.09826,197.38948
15.0,10.0,0.6370357,3.6993523,1.6901742,2.423374,0.0,1.571943E-7,0.0,0.39948982,53.207954,0.18172029,0.029101783,1.35965,10.047324,11.8283825,1.9551113,0.0,0.0,0.0,0.0,0.0,0.0,0.0,0.0,0.0,37.64348
15.0,20.0,0.46545503,1.8254713,0.5917664,0.7816943,0.0,2.5470267E-6,4.7023963E-7,0.29828447,36.07989,0.056064807,0.037305996,1.050753,4.291678,6.7327065,2.1238186,0.0,0.0,0.0,0.0,0.0,0.0,0.0,0.0,0.0,10.893654
15.0,30.0,1.9584905,2.1963737,0.1543731,1.7041105,0.0,2.5982033E-7,2.0302834E-6,0.37044123,19.246546,0.15803851,0.49783236,1.2685254,1.1874253,8.702701,2.7271798,0.0,0.0,0.0,0.0,0.0,0.0,0.0,0.0,0.0,3.994232
15.0,40.0,0.13743617,0.20755963,0.020327121,0.19471481,0.0,1.1755338E-5,9.3699043E-7,0.06864559,1.6479361,0.047931064,0.18111917,0.12417181,0.15915734,0.81966174,0.4465699,0.0,0.0,0.0,0.0,0.0,0.0,0.0,0.0,0.0,4.872045E-6
15.0,50.0,0.0,0.0,0.0,0.0,0.0,0.0,0.0,0.0,0.0,0.0,0.0,0.0,0.0,0.0,0.0,0.0,0.0,0.0,0.0,0.0,0.0,0.0,0.0,0.0,0.0
15.0,60.0,0.0,0.0,0.0,0.0,0.0,0.0,0.0,0.0,0.0,0.0,0.0,0.0,0.0,0.0,0.0,0.0,0.0,0.0,0.0,0.0,0.0,0.0,0.0,0.0,0.0
15.0,70.0,0.0,0.0,0.0,0.0,0.0,0.0,0.0,0.0,0.0,0.0,0.0,0.0,0.0,0.0,0.0,0.0,0.0,0.0,0.0,0.0,0.0,0.0,0.0,0.0,0.0
15.0,80.0,0.0,0.0,0.0,0.0,0.0,0.0,0.0,0.0,0.0,0.0,0.0,0.0,0.0,0.0,0.0,0.0,0.0,0.0,0.0,0.0,0.0,0.0,0.0,0.0,0.0
15.0,90.0,0.0,0.0,0.0,0.0,0.0,0.0,0.0,0.0,0.0,0.0,0.0,0.0,0.0,0.0,0.0,0.0,0.0,0.0,0.0,0.0,0.0,0.0,0.0,0.0,0.0
15.0,100.0,0.0,0.0,0.0,0.0,0.0,0.0,0.0,0.0,0.0,0.0,0.0,0.0,0.0,0.0,0.0,0.0,0.0,0.0,0.0,0.0,0.0,0.0,0.0,0.0,0.0
15.0,110.0,0.0,0.0,0.0,0.0,0.0,0.0,0.0,0.0,0.0,0.0,0.0,0.0,0.0,0.0,0.0,0.0,0.0,0.0,0.0,0.0,0.0,0.0,0.0,0.0,0.0
15.0,120.0,0.0,0.0,0.0,0.0,0.0,0.0,0.0,0.0,0.0,0.0,0.0,0.0,0.0,0.0,0.0,0.0,0.0,0.0,0.0,0.0,0.0,0.0,0.0,0.0,0.0
15.0,130.0,0.0,0.0,0.0,0.0,0.0,0.0,0.0,0.0,0.0,0.0,0.0,0.0,0.0,0.0,0.0,0.0,0.0,0.0,0.0,0.0,0.0,0.0,0.0,0.0,0.0
15.0,140.0,0.0,0.0,0.0,0.0,0.0,0.0,0.0,0.0,0.0,0.0,0.0,0.0,0.0,0.0,0.0,0.0,0.0,0.0,0.0,0.0,0.0,0.0,0.0,0.0,0.0
15.0,150.0,0.0,0.0,0.0,0.0,0.0,0.0,0.0,0.0,0.0,0.0,0.0,0.0,0.0,0.0,0.0,0.0,0.0,0.0,0.0,0.0,0.0,0.0,0.0,0.0,0.0
15.0,160.0,0.0,0.0,0.0,0.0,0.0,0.0,0.0,0.0,0.0,0.0,0.0,0.0,0.0,0.0,0.0,0.0,0.0,0.0,0.0,0.0,0.0,0.0,0.0,0.0,0.0
16.0,0.0,0.0014624639,0.35464415,1.3759166,6.5410504,0.0,2.9712037E-9,6.559176E-7,0.03568079,4.5690713,0.044249553,0.0,0.027294654,0.6957574,2.0149403,5.8670423E-4,0.0,0.0,0.0,0.6624997,148.95555,0.0,410.4476,0.0,110.34413,228.76328
16.0,10.0,0.31640247,2.7319834,1.2424817,0.84036475,0.0,7.782199E-8,2.4736733E-5,0.21195313,44.19166,0.21848004,0.026911592,0.45582497,5.311373,10.831455,2.4079888,0.0,0.0,0.0,0.0,0.0,0.0,0.0,0.0,0.0,25.802011
16.0,20.0,0.45072052,3.8412354,0.022215756,1.3499538,0.0,1.0809329E-12,1.17385775E-4,0.23772766,56.782276,0.22385542,0.16770954,1.834307,5.8082733,12.313244,2.2080348,0.0,0.0,0.0,0.0,0.0,0.0,0.0,0.0,0.0,17.592382
16.0,30.0,0.852213,1.6740817,0.14992344,1.9951969,0.0,7.674424E-9,0.0,0.146018,16.545246,0.33324152,0.3141079,1.1383773,1.1084955,6.6890273,2.0998306,0.0,0.0,0.0,0.0,0.0,0.0,0.0,0.0,0.0,3.737664
16.0,40.0,0.14384425,0.2059946,0.02657988,0.09884844,0.0,1.2293427E-9,8.622479E-8,0.0656277,2.115006,0.030203195,0.19205719,0.16716304,0.057905342,1.4556036,0.4894087,0.0,0.0,0.0,0.0,0.0,0.0,0.0,0.0,0.0,6.414927E-5
16.0,50.0,0.0,0.0,0.0,0.0,0.0,0.0,0.0,0.0,0.0,0.0,0.0,0.0,0.0,0.0,0.0,0.0,0.0,0.0,0.0,0.0,0.0,0.0,0.0,0.0,0.0
16.0,60.0,0.0,0.0,0.0,0.0,0.0,0.0,0.0,0.0,0.0,0.0,0.0,0.0,0.0,0.0,0.0,0.0,0.0,0.0,0.0,0.0,0.0,0.0,0.0,0.0,0.0
16.0,70.0,0.0,0.0,0.0,0.0,0.0,0.0,0.0,0.0,0.0,0.0,0.0,0.0,0.0,0.0,0.0,0.0,0.0,0.0,0.0,0.0,0.0,0.0,0.0,0.0,0.0
16.0,80.0,0.0,0.0,0.0,0.0,0.0,0.0,0.0,0.0,0.0,0.0,0.0,0.0,0.0,0.0,0.0,0.0,0.0,0.0,0.0,0.0,0.0,0.0,0.0,0.0,0.0
16.0,90.0,0.0,0.0,0.0,0.0,0.0,0.0,0.0,0.0,0.0,0.0,0.0,0.0,0.0,0.0,0.0,0.0,0.0,0.0,0.0,0.0,0.0,0.0,0.0,0.0,0.0
16.0,100.0,0.0,0.0,0.0,0.0,0.0,0.0,0.0,0.0,0.0,0.0,0.0,0.0,0.0,0.0,0.0,0.0,0.0,0.0,0.0,0.0,0.0,0.0,0.0,0.0,0.0
16.0,110.0,0.0,0.0,0.0,0.0,0.0,0.0,0.0,0.0,0.0,0.0,0.0,0.0,0.0,0.0,0.0,0.0,0.0,0.0,0.0,0.0,0.0,0.0,0.0,0.0,0.0
16.0,120.0,0.0,0.0,0.0,0.0,0.0,0.0,0.0,0.0,0.0,0.0,0.0,0.0,0.0,0.0,0.0,0.0,0.0,0.0,0.0,0.0,0.0,0.0,0.0,0.0,0.0
16.0,130.0,0.0,0.0,0.0,0.0,0.0,0.0,0.0,0.0,0.0,0.0,0.0,0.0,0.0,0.0,0.0,0.0,0.0,0.0,0.0,0.0,0.0,0.0,0.0,0.0,0.0
16.0,140.0,0.0,0.0,0.0,0.0,0.0,0.0,0.0,0.0,0.0,0.0,0.0,0.0,0.0,0.0,0.0,0.0,0.0,0.0,0.0,0.0,0.0,0.0,0.0,0.0,0.0
16.0,150.0,0.0,0.0,0.0,0.0,0.0,0.0,0.0,0.0,0.0,0.0,0.0,0.0,0.0,0.0,0.0,0.0,0.0,0.0,0.0,0.0,0.0,0.0,0.0,0.0,0.0
16.0,160.0,0.0,0.0,0.0,0.0,0.0,0.0,0.0,0.0,0.0,0.0,0.0,0.0,0.0,0.0,0.0,0.0,0.0,0.0,0.0,0.0,0.0,0.0,0.0,0.0,0.0
17.0,0.0,6.544689E-5,0.038968667,1.354511,6.1646643,0.0,1.8578419E-9,6.6406903E-7,0.12350256,2.536111,0.014812163,0.0,0.015849961,0.94189805,2.0416768,0.07257515,0.0,0.0,0.0,0.5708492,115.55214,0.0,349.61496,0.0,89.76909,215.99677
17.0,10.0,0.31390008,1.5560818,1.2838662,0.5513166,0.0,1.3778004E-8,1.3799978E-4,0.34785786,31.923338,0.94237727,0.0040673665,0.8181495,3.4482248,6.331698,0.061224733,0.0,0.0,0.0,0.0,0.0,0.0,0.0,0.0,0.0,20.872679
17.0,20.0,0.36864373,1.8665223,0.37334517,2.2454755,0.0,0.0,1.8120154E-6,0.96757287,45.84978,0.25555065,0.117514275,1.3315711,2.8108826,7.4952855,0.8843951,0.0,0.0,0.0,0.0,0.0,0.0,0.0,0.0,0.0,18.107561
17.0,30.0,0.9565465,1.3866132,0.08876343,1.0220333,0.0,6.03327E-6,8.0484836E-7,0.32924396,19.237234,0.3099143,0.5557893,0.6796397,1.660642,5.5656605,1.35906,0.0,0.0,0.0,0.0,0.0,0.0,0.0,0.0,0.0,4.8529363
17.0,40.0,0.1491762,0.3037916,0.06412883,0.21192701,0.0,7.959164E-7,1.631668E-8,0.06681116,1.8265998,0.046108477,0.15256765,0.037894964,0.2202356,1.2264825,0.3972363,0.0,0.0,0.0,0.0,0.0,0.0,0.0,0.0,0.0,3.3723547E-5
17.0,50.0,0.0,0.0,0.0,0.0,0.0,0.0,0.0,0.0,0.0,0.0,0.0,0.0,0.0,0.0,0.0,0.0,0.0,0.0,0.0,0.0,0.0,0.0,0.0,0.0,0.0
17.0,60.0,0.0,0.0,0.0,0.0,0.0,0.0,0.0,0.0,0.0,0.0,0.0,0.0,0.0,0.0,0.0,0.0,0.0,0.0,0.0,0.0,0.0,0.0,0.0,0.0,0.0
17.0,70.0,0.0,0.0,0.0,0.0,0.0,0.0,0.0,0.0,0.0,0.0,0.0,0.0,0.0,0.0,0.0,0.0,0.0,0.0,0.0,0.0,0.0,0.0,0.0,0.0,0.0
17.0,80.0,0.0,0.0,0.0,0.0,0.0,0.0,0.0,0.0,0.0,0.0,0.0,0.0,0.0,0.0,0.0,0.0,0.0,0.0,0.0,0.0,0.0,0.0,0.0,0.0,0.0
17.0,90.0,0.0,0.0,0.0,0.0,0.0,0.0,0.0,0.0,0.0,0.0,0.0,0.0,0.0,0.0,0.0,0.0,0.0,0.0,0.0,0.0,0.0,0.0,0.0,0.0,0.0
17.0,100.0,0.0,0.0,0.0,0.0,0.0,0.0,0.0,0.0,0.0,0.0,0.0,0.0,0.0,0.0,0.0,0.0,0.0,0.0,0.0,0.0,0.0,0.0,0.0,0.0,0.0
17.0,110.0,0.0,0.0,0.0,0.0,0.0,0.0,0.0,0.0,0.0,0.0,0.0,0.0,0.0,0.0,0.0,0.0,0.0,0.0,0.0,0.0,0.0,0.0,0.0,0.0,0.0
17.0,120.0,0.0,0.0,0.0,0.0,0.0,0.0,0.0,0.0,0.0,0.0,0.0,0.0,0.0,0.0,0.0,0.0,0.0,0.0,0.0,0.0,0.0,0.0,0.0,0.0,0.0
17.0,130.0,0.0,0.0,0.0,0.0,0.0,0.0,0.0,0.0,0.0,0.0,0.0,0.0,0.0,0.0,0.0,0.0,0.0,0.0,0.0,0.0,0.0,0.0,0.0,0.0,0.0
17.0,140.0,0.0,0.0,0.0,0.0,0.0,0.0,0.0,0.0,0.0,0.0,0.0,0.0,0.0,0.0,0.0,0.0,0.0,0.0,0.0,0.0,0.0,0.0,0.0,0.0,0.0
17.0,150.0,0.0,0.0,0.0,0.0,0.0,0.0,0.0,0.0,0.0,0.0,0.0,0.0,0.0,0.0,0.0,0.0,0.0,0.0,0.0,0.0,0.0,0.0,0.0,0.0,0.0
17.0,160.0,0.0,0.0,0.0,0.0,0.0,0.0,0.0,0.0,0.0,0.0,0.0,0.0,0.0,0.0,0.0,0.0,0.0,0.0,0.0,0.0,0.0,0.0,0.0,0.0,0.0
18.0,0.0,0.10939535,0.03262198,0.58550113,10.018809,0.0,6.7038947E-10,2.3411391E-7,0.0234644,3.5942636,0.021785714,0.0,0.12624438,1.632397,2.3296869,0.02949083,0.0,0.0,0.0,0.39686853,84.86039,0.0,263.82022,0.0,66.43391,225.95036
18.0,10.0,0.2547476,1.3192116,1.1931114,1.3148097,0.0,5.936087E-8,0.0,0.018180402,34.899673,0.15311259,0.01844765,0.6836975,4.6000123,6.11241,0.042104743,0.0,0.0,0.0,0.0,0.0,0.0,0.0,0.0,0.0,29.54907
18.0,20.0,0.41186762,2.5227344,0.056862347,0.4863223,0.0,4.5904573E-9,1.8767666E-4,0.24898769,24.1759,0.37193346,0.09192916,0.82213444,2.6819315,5.3369975,0.31338066,0.0,0.0,0.0,0.0,0.0,0.0,0.0,0.0,0.0,13.680487
18.0,30.0,0.4873059,0.9034639,0.050923847,0.82360613,0.0,1.6343977E-6,7.984961E-4,0.2572813,18.340519,0.2842186,0.53196293,0.57054543,2.2874725,5.5310936,1.3118188,0.0,0.0,0.0,0.0,0.0,0.0,0.0,0.0,0.0,6.817705
18.0,40.0,0.07473416,0.095164895,0.018430756,0.19977634,0.0,7.828284E-9,2.9822604E-6,0.033854373,1.4852669,0.051015355,0.15299477,0.10029451,0.12880228,1.1021837,0.20181209,0.0,0.0,0.0,0.0,0.0,0.0,0.0,0.0,0.0,9.396165E-6
18.0,50.0,0.0,0.0,0.0,0.0,0.0,0.0,0.0,0.0,0.0,0.0,0.0,0.0,0.0,0.0,0.0,0.0,0.0,0.0,0.0,0.0,0.0,0.0,0.0,0.0,0.0
18.0,60.0,0.0,0.0,0.0,0.0,0.0,0.0,0.0,0.0,0.0,0.0,0.0,0.0,0.0,0.0,0.0,0.0,0.0,0.0,0.0,0.0,0.0,0.0,0.0,0.0,0.0
18.0,70.0,0.0,0.0,0.0,0.0,0.0,0.0,0.0,0.0,0.0,0.0,0.0,0.0,0.0,0.0,0.0,0.0,0.0,0.0,0.0,0.0,0.0,0.0,0.0,0.0,0.0
18.0,80.0,0.0,0.0,0.0,0.0,0.0,0.0,0.0,0.0,0.0,0.0,0.0,0.0,0.0,0.0,0.0,0.0,0.0,0.0,0.0,0.0,0.0,0.0,0.0,0.0,0.0
18.0,90.0,0.0,0.0,0.0,0.0,0.0,0.0,0.0,0.0,0.0,0.0,0.0,0.0,0.0,0.0,0.0,0.0,0.0,0.0,0.0,0.0,0.0,0.0,0.0,0.0,0.0
18.0,100.0,0.0,0.0,0.0,0.0,0.0,0.0,0.0,0.0,0.0,0.0,0.0,0.0,0.0,0.0,0.0,0.0,0.0,0.0,0.0,0.0,0.0,0.0,0.0,0.0,0.0
18.0,110.0,0.0,0.0,0.0,0.0,0.0,0.0,0.0,0.0,0.0,0.0,0.0,0.0,0.0,0.0,0.0,0.0,0.0,0.0,0.0,0.0,0.0,0.0,0.0,0.0,0.0
18.0,120.0,0.0,0.0,0.0,0.0,0.0,0.0,0.0,0.0,0.0,0.0,0.0,0.0,0.0,0.0,0.0,0.0,0.0,0.0,0.0,0.0,0.0,0.0,0.0,0.0,0.0
18.0,130.0,0.0,0.0,0.0,0.0,0.0,0.0,0.0,0.0,0.0,0.0,0.0,0.0,0.0,0.0,0.0,0.0,0.0,0.0,0.0,0.0,0.0,0.0,0.0,0.0,0.0
18.0,140.0,0.0,0.0,0.0,0.0,0.0,0.0,0.0,0.0,0.0,0.0,0.0,0.0,0.0,0.0,0.0,0.0,0.0,0.0,0.0,0.0,0.0,0.0,0.0,0.0,0.0
18.0,150.0,0.0,0.0,0.0,0.0,0.0,0.0,0.0,0.0,0.0,0.0,0.0,0.0,0.0,0.0,0.0,0.0,0.0,0.0,0.0,0.0,0.0,0.0,0.0,0.0,0.0
18.0,160.0,0.0,0.0,0.0,0.0,0.0,0.0,0.0,0.0,0.0,0.0,0.0,0.0,0.0,0.0,0.0,0.0,0.0,0.0,0.0,0.0,0.0,0.0,0.0,0.0,0.0
19.0,0.0,0.0,0.028547784,0.7784412,6.508145,0.0,6.015078E-10,2.8527984E-7,0.044999063,2.5320916,0.024002086,0.0,0.003635805,3.0893805,3.5855088,0.02012336,0.0,0.0,0.0,0.29513603,62.615753,0.0,194.90176,0.0,47.794003,232.20195
19.0,10.0,0.18900838,0.70972216,0.5485067,2.0094454,0.0,1.7938346E-9,5.947886E-6,0.5597677,24.12632,0.08390478,0.048481796,0.39259318,8.534621,8.088852,0.05211841,0.0,0.0,0.0,0.0,0.0,0.0,0.0,0.0,0.0,30.446062
19.0,20.0,0.24471214,1.3245263,0.02767595,0.67472535,0.0,6.560006E-8,1.3281025E-4,0.29621276,22.317478,0.05883097,0.07712833,0.41306672,2.889886,5.6215954,0.2706934,0.0,0.0,0.0,0.0,0.0,0.0,0.0,0.0,0.0,11.254118
19.0,30.0,0.46837422,1.3937298,0.016060952,0.5740891,0.0,3.9172037E-6,1.6692594E-6,0.31968823,10.316621,0.17804283,0.50975186,0.46504435,1.0519776,4.250173,0.8490503,0.0,0.0,0.0,0.0,0.0,0.0,0.0,0.0,0.0,5.353093
19.0,40.0,0.080963865,0.15454935,0.049681764,0.08460713,0.0,1.7239752E-9,3.7278183E-5,0.019214675,1.3303072,0.030066516,0.1478701,0.122539744,0.18339592,0.78067714,0.17966036,0.0,0.0,0.0,0.0,0.0,0.0,0.0,0.0,0.0,2.0394515E-5
19.0,50.0,0.0,0.0,0.0,0.0,0.0,0.0,0.0,0.0,0.0,0.0,0.0,0.0,0.0,0.0,0.0,0.0,0.0,0.0,0.0,0.0,0.0,0.0,0.0,0.0,0.0
19.0,60.0,0.0,0.0,0.0,0.0,0.0,0.0,0.0,0.0,0.0,0.0,0.0,0.0,0.0,0.0,0.0,0.0,0.0,0.0,0.0,0.0,0.0,0.0,0.0,0.0,0.0
19.0,70.0,0.0,0.0,0.0,0.0,0.0,0.0,0.0,0.0,0.0,0.0,0.0,0.0,0.0,0.0,0.0,0.0,0.0,0.0,0.0,0.0,0.0,0.0,0.0,0.0,0.0
19.0,80.0,0.0,0.0,0.0,0.0,0.0,0.0,0.0,0.0,0.0,0.0,0.0,0.0,0.0,0.0,0.0,0.0,0.0,0.0,0.0,0.0,0.0,0.0,0.0,0.0,0.0
19.0,90.0,0.0,0.0,0.0,0.0,0.0,0.0,0.0,0.0,0.0,0.0,0.0,0.0,0.0,0.0,0.0,0.0,0.0,0.0,0.0,0.0,0.0,0.0,0.0,0.0,0.0
19.0,100.0,0.0,0.0,0.0,0.0,0.0,0.0,0.0,0.0,0.0,0.0,0.0,0.0,0.0,0.0,0.0,0.0,0.0,0.0,0.0,0.0,0.0,0.0,0.0,0.0,0.0
19.0,110.0,0.0,0.0,0.0,0.0,0.0,0.0,0.0,0.0,0.0,0.0,0.0,0.0,0.0,0.0,0.0,0.0,0.0,0.0,0.0,0.0,0.0,0.0,0.0,0.0,0.0
19.0,120.0,0.0,0.0,0.0,0.0,0.0,0.0,0.0,0.0,0.0,0.0,0.0,0.0,0.0,0.0,0.0,0.0,0.0,0.0,0.0,0.0,0.0,0.0,0.0,0.0,0.0
19.0,130.0,0.0,0.0,0.0,0.0,0.0,0.0,0.0,0.0,0.0,0.0,0.0,0.0,0.0,0.0,0.0,0.0,0.0,0.0,0.0,0.0,0.0,0.0,0.0,0.0,0.0
19.0,140.0,0.0,0.0,0.0,0.0,0.0,0.0,0.0,0.0,0.0,0.0,0.0,0.0,0.0,0.0,0.0,0.0,0.0,0.0,0.0,0.0,0.0,0.0,0.0,0.0,0.0
19.0,150.0,0.0,0.0,0.0,0.0,0.0,0.0,0.0,0.0,0.0,0.0,0.0,0.0,0.0,0.0,0.0,0.0,0.0,0.0,0.0,0.0,0.0,0.0,0.0,0.0,0.0
19.0,160.0,0.0,0.0,0.0,0.0,0.0,0.0,0.0,0.0,0.0,0.0,0.0,0.0,0.0,0.0,0.0,0.0,0.0,0.0,0.0,0.0,0.0,0.0,0.0,0.0,0.0
20.0,0.0,0.007713476,0.006843964,0.8222546,4.579019,0.0,2.0134659E-10,1.4172696E-7,0.027928108,3.5886893,0.0024792869,0.00173594,0.04846043,2.6713247,2.965919,3.7076083E-4,0.0,0.0,0.0,0.22077112,40.460926,0.0,136.28322,0.0,34.177322,177.8076
20.0,10.0,0.20487052,0.9036091,1.3673956,2.005097,0.0,0.0,5.1835323E-5,0.30335978,32.127846,0.029641371,0.016661018,0.08750689,8.372003,7.8317094,0.029622342,0.0,0.0,0.0,0.0,0.0,0.0,0.0,0.0,0.0,37.217464
20.0,20.0,0.14791752,0.3400898,0.092289686,0.9372253,0.0,1.523429E-8,2.6796414E-7,0.41129178,14.786442,0.08639981,0.018698877,0.11038329,3.606127,5.8013926,0.1823437,0.0,0.0,0.0,0.0,0.0,0.0,0.0,0.0,0.0,7.958204
20.0,30.0,0.29729623,0.642848,0.14836921,0.5901252,0.0,3.133119E-9,1.6916683E-4,0.1602277,7.7104955,0.15784052,0.38478646,0.12328757,1.1190343,2.3364825,0.28242522,0.0,0.0,0.0,0.0,0.0,0.0,0.0,0.0,0.0,3.7444153
20.0,40.0,0.024180638,0.10933701,0.00666492,0.094884336,0.0,3.8445185E-9,7.323442E-5,0.020046547,0.78637594,0.004434699,0.105756134,0.027738713,0.12491648,0.48306343,0.033467013,0.0,0.0,0.0,0.0,0.0,0.0,0.0,0.0,0.0,8.923278E-5
20.0,50.0,0.0,0.0,0.0,0.0,0.0,0.0,0.0,0.0,0.0,0.0,0.0,0.0,0.0,0.0,0.0,0.0,0.0,0.0,0.0,0.0,0.0,0.0,0.0,0.0,0.0
20.0,60.0,0.0,0.0,0.0,0.0,0.0,0.0,0.0,0.0,0.0,0.0,0.0,0.0,0.0,0.0,0.0,0.0,0.0,0.0,0.0,0.0,0.0,0.0,0.0,0.0,0.0
20.0,70.0,0.0,0.0,0.0,0.0,0.0,0.0,0.0,0.0,0.0,0.0,0.0,0.0,0.0,0.0,0.0,0.0,0.0,0.0,0.0,0.0,0.0,0.0,0.0,0.0,0.0
20.0,80.0,0.0,0.0,0.0,0.0,0.0,0.0,0.0,0.0,0.0,0.0,0.0,0.0,0.0,0.0,0.0,0.0,0.0,0.0,0.0,0.0,0.0,0.0,0.0,0.0,0.0
20.0,90.0,0.0,0.0,0.0,0.0,0.0,0.0,0.0,0.0,0.0,0.0,0.0,0.0,0.0,0.0,0.0,0.0,0.0,0.0,0.0,0.0,0.0,0.0,0.0,0.0,0.0
20.0,100.0,0.0,0.0,0.0,0.0,0.0,0.0,0.0,0.0,0.0,0.0,0.0,0.0,0.0,0.0,0.0,0.0,0.0,0.0,0.0,0.0,0.0,0.0,0.0,0.0,0.0
20.0,110.0,0.0,0.0,0.0,0.0,0.0,0.0,0.0,0.0,0.0,0.0,0.0,0.0,0.0,0.0,0.0,0.0,0.0,0.0,0.0,0.0,0.0,0.0,0.0,0.0,0.0
20.0,120.0,0.0,0.0,0.0,0.0,0.0,0.0,0.0,0.0,0.0,0.0,0.0,0.0,0.0,0.0,0.0,0.0,0.0,0.0,0.0,0.0,0.0,0.0,0.0,0.0,0.0
20.0,130.0,0.0,0.0,0.0,0.0,0.0,0.0,0.0,0.0,0.0,0.0,0.0,0.0,0.0,0.0,0.0,0.0,0.0,0.0,0.0,0.0,0.0,0.0,0.0,0.0,0.0
20.0,140.0,0.0,0.0,0.0,0.0,0.0,0.0,0.0,0.0,0.0,0.0,0.0,0.0,0.0,0.0,0.0,0.0,0.0,0.0,0.0,0.0,0.0,0.0,0.0,0.0,0.0
20.0,150.0,0.0,0.0,0.0,0.0,0.0,0.0,0.0,0.0,0.0,0.0,0.0,0.0,0.0,0.0,0.0,0.0,0.0,0.0,0.0,0.0,0.0,0.0,0.0,0.0,0.0
20.0,160.0,0.0,0.0,0.0,0.0,0.0,0.0,0.0,0.0,0.0,0.0,0.0,0.0,0.0,0.0,0.0,0.0,0.0,0.0,0.0,0.0,0.0,0.0,0.0,0.0,0.0
