"Distribution of the biomass (tonne) of prey species (in columns) in the diet of StripedBass by Size class (cm). For class i, the preyed biomass in [i,i+1[ is reported."
"Time","Size","AtlanticHerring","AtlanticMackerel","BlackSeaBass","Scup","SpinyDogfish","StripedBass","Goosefish","WinterFlounder","Squids","Flounders","SkateRays","Hakes","Benthopelagics","MiscellaneousDemersals","ShallowDemersal","WhitePerch","AtlanticTomcod","Diazotrophs","LargePhytoplankton","LargeZooplankton","MediumPhytoplankton","MediumZooplankton","SmallPhytoplankton","SmallZooplankton","Benthos"
1.0,0.0,4.121917E-6,1.7891512E-5,3.0359695E-6,5.925085E-7,0.0,5.462345E-12,5.69249E-9,5.3207077E-5,1.5029321E-4,0.0,0.0,3.3143561E-7,2.39466E-4,2.6633446E-5,2.0243617E-4,1.9074137E-7,1.5412127E-9,0.0,8.3177184E-8,4.4226114E-4,0.0,7.137609E-4,0.0,5.0533654E-5,7.781313E-4
1.0,10.0,7.858223E-6,1.8350067E-5,1.0494689E-11,2.6536705E-7,0.0,0.0,8.731849E-11,2.1770828E-5,1.4605336E-5,5.793436E-8,3.1303266E-10,0.0,1.1651876E-4,7.814629E-6,1.3590756E-5,6.0522853E-10,0.0,0.0,0.0,0.0,0.0,0.0,0.0,0.0,3.337154E-4
1.0,20.0,3.9172125,3.6338618E-6,6.322752E-4,0.07342366,0.0,8.055042E-7,0.0015280959,0.21616113,2.6209457,0.35844448,0.051990207,0.03573652,17.11471,0.6220611,0.062016055,4.334444E-4,1.4466439E-4,0.0,0.0,0.0,0.0,0.0,0.0,0.0,18.02246
1.0,30.0,32.887123,2.2384574,0.18360744,0.328576,0.0,0.004258796,0.0037582251,7.262426,57.633892,3.859976,0.8738442,0.13504605,56.33424,3.2612972,9.402949,0.0018395665,7.8861247E-4,0.0,0.0,0.0,0.0,0.0,0.0,0.0,61.137455
1.0,40.0,44.260086,6.491775,0.31705004,1.6009752,0.0149212275,0.010611489,0.003316804,4.4018025,80.02717,5.5100374,2.1298084,1.1437428,37.95402,9.58308,11.311299,0.0037029528,0.0018849202,0.0,0.0,0.0,0.0,0.0,0.0,0.0,50.040695
1.0,50.0,31.163157,5.56264,0.03244005,2.646721,0.36461782,0.08297481,0.054302745,2.0001903,34.579945,3.4888318,3.164029,1.407178,18.471573,7.0671697,10.656443,0.013834358,0.0045532817,0.0,0.0,0.0,0.0,0.0,0.0,0.0,0.13978799
1.0,60.0,27.89485,9.960756,0.095230386,2.6583207,0.76900125,0.22058922,0.0994435,2.352812,25.342768,4.4675,4.307804,0.95951444,7.890651,8.8443775,10.331785,0.026786081,0.008634947,0.0,0.0,0.0,0.0,0.0,0.0,0.0,0.0
1.0,70.0,24.494858,11.714124,0.12728192,2.6499488,1.0226353,0.5547074,0.08597879,2.1545653,20.624037,3.8990512,6.165231,1.0441747,3.0636768,10.442307,7.975288,0.023694282,0.009121456,0.0,0.0,0.0,0.0,0.0,0.0,0.0,0.0
1.0,80.0,17.231321,9.288572,0.14302285,1.902027,0.9469043,0.7328312,0.102650404,1.7379056,13.349908,2.8103812,6.6151056,1.0580105,1.2895752E-7,7.9521174,5.233624,0.016967634,0.005559528,0.0,0.0,0.0,0.0,0.0,0.0,0.0,0.0
1.0,90.0,8.585884,4.920432,0.05934843,0.7085733,0.500549,0.5208067,0.05770471,0.876699,5.5623207,1.5739311,5.111295,0.62208885,0.0,4.349013,2.6637065,0.015659075,0.0042055445,0.0,0.0,0.0,0.0,0.0,0.0,0.0,0.0
1.0,100.0,0.5411953,0.3107084,0.005650489,0.04782449,0.03246091,0.037150197,0.002366104,0.05003003,0.28510466,0.09770221,0.37966594,0.0355042,0.0,0.2616022,0.17605601,0.0037726671,7.726442E-4,0.0,0.0,0.0,0.0,0.0,0.0,0.0,0.0
1.0,110.0,0.0,0.0,0.0,0.0,0.0,0.0,0.0,0.0,0.0,0.0,0.0,0.0,0.0,0.0,0.0,0.0,0.0,0.0,0.0,0.0,0.0,0.0,0.0,0.0,0.0
1.0,120.0,0.0,0.0,0.0,0.0,0.0,0.0,0.0,0.0,0.0,0.0,0.0,0.0,0.0,0.0,0.0,0.0,0.0,0.0,0.0,0.0,0.0,0.0,0.0,0.0,0.0
1.0,130.0,0.0,0.0,0.0,0.0,0.0,0.0,0.0,0.0,0.0,0.0,0.0,0.0,0.0,0.0,0.0,0.0,0.0,0.0,0.0,0.0,0.0,0.0,0.0,0.0,0.0
1.0,140.0,0.0,0.0,0.0,0.0,0.0,0.0,0.0,0.0,0.0,0.0,0.0,0.0,0.0,0.0,0.0,0.0,0.0,0.0,0.0,0.0,0.0,0.0,0.0,0.0,0.0
1.0,150.0,0.0,0.0,0.0,0.0,0.0,0.0,0.0,0.0,0.0,0.0,0.0,0.0,0.0,0.0,0.0,0.0,0.0,0.0,0.0,0.0,0.0,0.0,0.0,0.0,0.0
1.0,160.0,0.0,0.0,0.0,0.0,0.0,0.0,0.0,0.0,0.0,0.0,0.0,0.0,0.0,0.0,0.0,0.0,0.0,0.0,0.0,0.0,0.0,0.0,0.0,0.0,0.0
2.0,0.0,3.9123002E-5,1.1216571E-6,1.2059063E-5,4.6255795E-6,0.0,7.811167E-11,2.4273612E-8,7.783201E-5,3.8203543E-5,0.0,0.0,1.0887433E-8,0.0011535488,8.5782696E-5,8.008861E-5,2.1124876E-8,0.0,0.0,1.3394576E-7,0.001144888,0.0,0.0017335812,0.0,8.43498E-5,0.0016728388
2.0,10.0,0.0,8.1236E-16,0.0,0.0,0.0,0.0,0.0,9.738669E-7,5.598642E-7,0.0,0.0,0.0,4.5104217E-4,0.0,2.470195E-5,1.5052142E-7,0.0,0.0,0.0,0.0,0.0,0.0,0.0,0.0,3.0446082E-4
2.0,20.0,0.0,0.0,0.0,0.0,0.0,0.0,0.0,0.0,0.0,0.0,0.0,0.0,0.0,0.0,0.0,0.0,0.0,0.0,0.0,0.0,0.0,0.0,0.0,0.0,0.0
2.0,30.0,7.637525E-8,0.0,0.0,0.0,0.0,0.0,0.0,0.0,6.1843784E-5,0.0,0.0,0.0,4.6008387E-5,4.7607395E-5,0.0,0.0,0.0,0.0,0.0,0.0,0.0,0.0,0.0,0.0,4.8427883E-5
2.0,40.0,47.111618,15.186181,0.11068495,1.4457029,0.44319686,2.999546E-7,5.095062E-5,7.5643506,110.6617,9.191956,1.7623682,1.2370427,14.936328,29.751724,15.1577215,1.0603795,2.2155475E-5,0.0,0.0,0.0,0.0,0.0,0.0,0.0,61.232162
2.0,50.0,85.52323,35.40099,0.5358364,2.640946,3.106267,1.8936302E-5,0.0,21.99259,187.95547,16.574553,3.3726783,5.1421905,7.982244,67.953224,28.705431,0.59675103,1.3115846E-6,0.0,0.0,0.0,0.0,0.0,0.0,0.0,0.1313732
2.0,60.0,26.258396,16.670881,0.22396877,1.8097712,3.1063328,1.0969557E-6,3.3893277E-6,7.519037,57.64949,8.240796,4.558936,1.8236651,1.1449633,21.565393,10.678315,0.28538302,3.1596584E-5,0.0,0.0,0.0,0.0,0.0,0.0,0.0,0.0
2.0,70.0,23.102339,20.465178,0.22224888,2.1786914,5.387826,1.5817177E-5,0.09305782,5.666435,43.511475,8.683556,10.579993,1.2413882,0.027600097,18.358095,8.054307,0.0062209824,1.4504079E-5,0.0,0.0,0.0,0.0,0.0,0.0,0.0,0.0
2.0,80.0,18.177553,18.154524,0.37964785,1.7745092,6.1811547,0.009078431,0.142017,4.440841,32.312393,7.287888,13.968574,1.0865253,0.0,13.651325,5.789556,0.0014892552,0.0,0.0,0.0,0.0,0.0,0.0,0.0,0.0,0.0
2.0,90.0,8.654062,8.367648,0.21495579,0.7184765,3.0127857,0.29309082,0.13801001,2.1848814,13.332127,3.7984805,11.218708,0.64276487,0.0,5.455874,2.7113686,0.0011027396,4.818814E-7,0.0,0.0,0.0,0.0,0.0,0.0,0.0,0.0
2.0,100.0,0.4634923,0.48240936,0.021166269,0.036369406,0.17339197,0.052444354,0.0064846226,0.12511581,0.6787395,0.22040479,0.81531304,0.03620904,0.0,0.31730714,0.114877075,3.7983252E-4,0.0,0.0,0.0,0.0,0.0,0.0,0.0,0.0,0.0
2.0,110.0,0.0,0.0,0.0,0.0,0.0,0.0,0.0,0.0,0.0,0.0,0.0,0.0,0.0,0.0,0.0,0.0,0.0,0.0,0.0,0.0,0.0,0.0,0.0,0.0,0.0
2.0,120.0,0.0,0.0,0.0,0.0,0.0,0.0,0.0,0.0,0.0,0.0,0.0,0.0,0.0,0.0,0.0,0.0,0.0,0.0,0.0,0.0,0.0,0.0,0.0,0.0,0.0
2.0,130.0,0.0,0.0,0.0,0.0,0.0,0.0,0.0,0.0,0.0,0.0,0.0,0.0,0.0,0.0,0.0,0.0,0.0,0.0,0.0,0.0,0.0,0.0,0.0,0.0,0.0
2.0,140.0,0.0,0.0,0.0,0.0,0.0,0.0,0.0,0.0,0.0,0.0,0.0,0.0,0.0,0.0,0.0,0.0,0.0,0.0,0.0,0.0,0.0,0.0,0.0,0.0,0.0
2.0,150.0,0.0,0.0,0.0,0.0,0.0,0.0,0.0,0.0,0.0,0.0,0.0,0.0,0.0,0.0,0.0,0.0,0.0,0.0,0.0,0.0,0.0,0.0,0.0,0.0,0.0
2.0,160.0,0.0,0.0,0.0,0.0,0.0,0.0,0.0,0.0,0.0,0.0,0.0,0.0,0.0,0.0,0.0,0.0,0.0,0.0,0.0,0.0,0.0,0.0,0.0,0.0,0.0
3.0,0.0,3.2388422E-4,1.3525367E-5,5.983647E-5,2.803301E-6,0.0,6.923333E-10,2.0207878E-7,1.2308842E-5,0.0014921454,0.0,0.0,2.7278652E-6,0.0014146527,8.0317375E-5,6.119347E-6,0.0,0.0,0.0,2.5356965E-7,0.00249745,0.0,0.004277064,0.0,1.9099735E-4,0.008596026
3.0,10.0,7.737937E-4,1.317135E-4,8.930189E-6,6.684139E-6,0.0,3.5506706E-10,3.424864E-7,9.044722E-6,0.0053901686,8.872315E-6,1.1047531E-5,8.261789E-5,0.004021851,7.1694516E-4,3.1280255E-5,1.8292395E-6,0.0,0.0,0.0,0.0,0.0,0.0,0.0,0.0,0.010807709
3.0,20.0,1.2363405E-4,0.0,5.413058E-5,7.067185E-12,0.0,0.0,1.7703715E-7,0.0,8.9270977E-4,0.0,1.2971022E-5,1.17689524E-4,2.6317054E-4,0.0010370684,0.0,0.0,0.0,0.0,0.0,0.0,0.0,0.0,0.0,0.0,0.00550137
3.0,30.0,0.0,0.0,0.0,0.0,0.0,0.0,0.0,0.0,0.0,0.0,0.0,0.0,0.0,0.0,0.0,0.0,0.0,0.0,0.0,0.0,0.0,0.0,0.0,0.0,0.0
3.0,40.0,0.0,0.0,0.0,0.0,0.0,0.0,0.0,0.0,0.0,0.0,0.0,0.0,0.0,0.0,0.0,0.0,0.0,0.0,0.0,0.0,0.0,0.0,0.0,0.0,0.0
3.0,50.0,26.085428,20.642012,0.7473991,1.1404741,6.2069707,1.392962E-4,2.8527773E-5,10.52413,93.608925,12.458087,2.649013,3.525473,0.6842788,39.518887,13.671163,1.0628345,0.0,0.0,0.0,0.0,0.0,0.0,0.0,0.0,7.259928E-5
3.0,60.0,36.06542,41.109474,1.4799474,2.0805767,6.0906425,8.15649E-4,0.009745949,20.799486,129.25337,22.76203,5.345608,4.6085734,0.9914291,50.584328,18.003815,0.7971565,0.0,0.0,0.0,0.0,0.0,0.0,0.0,0.0,0.0
3.0,70.0,14.846486,23.407614,0.52077496,0.9921483,6.8308163,0.0014620532,2.7872984E-6,6.760167,46.556637,9.513549,6.4754653,1.6681721,0.12518835,19.707056,7.598936,0.39377797,0.0,0.0,0.0,0.0,0.0,0.0,0.0,0.0,0.0
3.0,80.0,12.661193,22.471613,0.46135148,0.8198006,11.36377,8.611759E-4,1.283453E-4,6.333167,37.558186,9.730986,13.816879,1.7808403,0.0,15.099036,6.7052283,0.06710217,0.0,0.0,0.0,0.0,0.0,0.0,0.0,0.0,0.0
3.0,90.0,7.2665305,14.302307,0.36671427,0.6417047,10.0508375,7.099802E-4,0.022893436,3.9991095,20.90409,6.5705237,17.115534,1.2727691,0.0,8.11913,3.7629943,6.286039E-5,0.0,0.0,0.0,0.0,0.0,0.0,0.0,0.0,0.0
3.0,100.0,0.4008959,0.74340814,0.037902594,0.029729899,0.6557626,2.3197865E-5,0.0130561935,0.26270407,0.98331666,0.45607793,1.445998,0.059609007,0.0,0.37325287,0.21422958,2.350091E-6,0.0,0.0,0.0,0.0,0.0,0.0,0.0,0.0,0.0
3.0,110.0,0.0,0.0,0.0,0.0,0.0,0.0,0.0,0.0,0.0,0.0,0.0,0.0,0.0,0.0,0.0,0.0,0.0,0.0,0.0,0.0,0.0,0.0,0.0,0.0,0.0
3.0,120.0,0.0,0.0,0.0,0.0,0.0,0.0,0.0,0.0,0.0,0.0,0.0,0.0,0.0,0.0,0.0,0.0,0.0,0.0,0.0,0.0,0.0,0.0,0.0,0.0,0.0
3.0,130.0,0.0,0.0,0.0,0.0,0.0,0.0,0.0,0.0,0.0,0.0,0.0,0.0,0.0,0.0,0.0,0.0,0.0,0.0,0.0,0.0,0.0,0.0,0.0,0.0,0.0
3.0,140.0,0.0,0.0,0.0,0.0,0.0,0.0,0.0,0.0,0.0,0.0,0.0,0.0,0.0,0.0,0.0,0.0,0.0,0.0,0.0,0.0,0.0,0.0,0.0,0.0,0.0
3.0,150.0,0.0,0.0,0.0,0.0,0.0,0.0,0.0,0.0,0.0,0.0,0.0,0.0,0.0,0.0,0.0,0.0,0.0,0.0,0.0,0.0,0.0,0.0,0.0,0.0,0.0
3.0,160.0,0.0,0.0,0.0,0.0,0.0,0.0,0.0,0.0,0.0,0.0,0.0,0.0,0.0,0.0,0.0,0.0,0.0,0.0,0.0,0.0,0.0,0.0,0.0,0.0,0.0
4.0,0.0,1.2364771E-4,7.871794E-6,6.102974E-5,1.3808592E-5,0.0,4.3762508E-11,4.312829E-8,1.0639263E-6,9.313161E-4,0.0,0.0,2.3302555E-5,9.774945E-4,2.247066E-4,0.0,0.0,0.0,0.0,1.8869459E-7,0.0019031042,0.0,0.0036592528,0.0,1.1180109E-4,0.009015253
4.0,10.0,1.8462646E-4,1.4629518E-5,3.4117379E-4,3.2173874E-4,0.0,2.726277E-10,5.391611E-7,1.6178198E-4,0.010451039,5.9215243E-5,1.7840955E-6,1.7777616E-4,0.009923655,0.0013860485,0.0,7.612385E-8,0.0,0.0,0.0,0.0,0.0,0.0,0.0,0.0,0.024805551
4.0,20.0,0.0020406265,1.475168E-4,1.20632714E-4,1.2219702E-4,0.0,0.0,5.17116E-9,2.2575769E-4,0.010478879,4.978148E-4,3.3811295E-5,3.8288286E-5,0.0019631449,0.0012177569,5.8763543E-8,1.4398345E-8,0.0,0.0,0.0,0.0,0.0,0.0,0.0,0.0,0.01584617
4.0,30.0,0.0023254233,0.001091722,3.9262552E-8,0.0,0.0,5.914348E-10,0.0,2.89772E-5,0.011721092,0.0,3.894549E-5,0.0011903687,3.703879E-5,0.017282385,4.750159E-5,0.0020526533,0.0,0.0,0.0,0.0,0.0,0.0,0.0,0.0,0.023190334
4.0,40.0,3.8778473E-4,6.1057E-4,0.0,0.0,0.0,0.0,0.0,7.0665637E-4,0.0047813584,0.0,1.3293755E-5,0.0,0.003807643,0.0085967,5.59569E-4,2.63906E-9,0.0,0.0,0.0,0.0,0.0,0.0,0.0,0.0,0.0087985825
4.0,50.0,0.0016005212,0.0,0.0,0.0,0.0,0.0,0.0,0.0,0.012730806,0.0,0.0,0.0,0.0,1.6946495E-6,0.0119219925,0.0,0.0,0.0,0.0,0.0,0.0,0.0,0.0,0.0,0.0
4.0,60.0,16.135073,29.72846,1.1474771,1.8463416,8.574524,0.0050188894,0.051407464,14.264357,71.01215,19.57567,5.389802,3.9130094,1.591011,33.26055,11.580181,0.35544154,0.0,0.0,0.0,0.0,0.0,0.0,0.0,0.0,0.0
4.0,70.0,13.903672,26.978525,1.1323125,1.9007679,7.474553,0.005738961,0.026109785,10.556323,52.78914,16.78834,5.9714794,4.7974806,1.2620456,28.207159,10.122669,0.6508276,0.0,0.0,0.0,0.0,0.0,0.0,0.0,0.0,0.0
4.0,80.0,7.914468,16.180048,0.65048456,0.8608849,9.456991,0.0070309066,4.0202218E-4,6.1802926,25.859102,9.610772,7.0313087,2.4686944,0.008438383,14.822435,5.78541,0.2443851,0.0,0.0,0.0,0.0,0.0,0.0,0.0,0.0,0.0
4.0,90.0,6.490619,14.566432,0.51607305,1.0478489,11.974198,0.005556632,0.013524278,5.7177215,19.511286,9.091729,15.011045,2.3480017,0.0,11.042741,4.7303357,0.17120075,0.0,0.0,0.0,0.0,0.0,0.0,0.0,0.0,0.0
4.0,100.0,0.502308,1.1936598,0.03836059,0.08183914,1.1967764,0.0013103866,6.845636E-5,0.46438453,1.2809508,0.7535811,1.9405072,0.17822772,0.0,0.761484,0.39531168,0.0027817767,0.0,0.0,0.0,0.0,0.0,0.0,0.0,0.0,0.0
4.0,110.0,0.0,0.0,0.0,0.0,0.0,0.0,0.0,0.0,0.0,0.0,0.0,0.0,0.0,0.0,0.0,0.0,0.0,0.0,0.0,0.0,0.0,0.0,0.0,0.0,0.0
4.0,120.0,0.0,0.0,0.0,0.0,0.0,0.0,0.0,0.0,0.0,0.0,0.0,0.0,0.0,0.0,0.0,0.0,0.0,0.0,0.0,0.0,0.0,0.0,0.0,0.0,0.0
4.0,130.0,0.0,0.0,0.0,0.0,0.0,0.0,0.0,0.0,0.0,0.0,0.0,0.0,0.0,0.0,0.0,0.0,0.0,0.0,0.0,0.0,0.0,0.0,0.0,0.0,0.0
4.0,140.0,0.0,0.0,0.0,0.0,0.0,0.0,0.0,0.0,0.0,0.0,0.0,0.0,0.0,0.0,0.0,0.0,0.0,0.0,0.0,0.0,0.0,0.0,0.0,0.0,0.0
4.0,150.0,0.0,0.0,0.0,0.0,0.0,0.0,0.0,0.0,0.0,0.0,0.0,0.0,0.0,0.0,0.0,0.0,0.0,0.0,0.0,0.0,0.0,0.0,0.0,0.0,0.0
4.0,160.0,0.0,0.0,0.0,0.0,0.0,0.0,0.0,0.0,0.0,0.0,0.0,0.0,0.0,0.0,0.0,0.0,0.0,0.0,0.0,0.0,0.0,0.0,0.0,0.0,0.0
5.0,0.0,0.0,2.2245454E-6,1.0245189E-4,4.084957E-5,0.0,3.1177735E-10,5.7901087E-8,1.7377951E-6,5.514563E-4,0.0,0.0,7.558278E-7,0.0011439641,1.5236992E-4,9.265387E-6,0.0,0.0,0.0,1.3734899E-7,0.0014746448,0.0,0.002846663,0.0,7.7588484E-5,0.0070735537
5.0,10.0,2.8062146E-4,4.2500098E-5,3.0676508E-4,7.4067316E-4,0.0,1.2592015E-9,4.076318E-6,1.9073155E-5,0.008128236,3.121994E-5,4.0530854E-6,1.1279365E-5,0.015363373,0.0016685771,1.4118733E-5,0.0,0.0,0.0,0.0,0.0,0.0,0.0,0.0,0.0,0.025899345
5.0,20.0,0.0017173329,4.9974007E-4,1.2457388E-4,4.0799862E-4,0.0,0.0,5.6825855E-5,2.2458142E-5,0.01671069,3.618058E-4,4.344716E-5,2.0193936E-4,0.010100462,0.0048880684,5.9634156E-4,1.4228556E-7,0.0,0.0,0.0,0.0,0.0,0.0,0.0,0.0,0.026071204
5.0,30.0,0.0019901737,1.7086376E-4,3.9569342E-10,0.0015443565,0.0,1.4489626E-8,4.044512E-7,0.0015079047,0.018171439,4.264714E-4,5.865157E-4,7.4232393E-4,0.0016397634,0.0051559885,5.172591E-4,0.0,0.0,0.0,0.0,0.0,0.0,0.0,0.0,0.0,0.017076021
5.0,40.0,0.004926187,0.0023910147,1.0026573E-7,8.3668774E-4,0.0,0.0,0.0,0.005263186,0.022172028,0.0031292476,0.0011759881,0.0050031478,1.6296956E-4,0.004749924,1.1532533E-6,0.0,0.0,0.0,0.0,0.0,0.0,0.0,0.0,0.0,0.023062186
5.0,50.0,0.0018745818,0.001890844,0.0,0.0,0.0,0.0,0.0,0.00412048,0.008245518,0.0017959436,7.492739E-4,4.423791E-5,0.0,0.0027254773,5.0468254E-4,0.0,0.0,0.0,0.0,0.0,0.0,0.0,0.0,0.0,4.7612668E-4
5.0,60.0,0.011742875,0.08513097,0.0,0.0034415706,0.012700302,0.0,0.0,0.00756854,0.138424,0.025270158,0.0017757734,0.03336251,0.0,0.03245089,0.02216788,0.0,0.0,0.0,0.0,0.0,0.0,0.0,0.0,0.0,0.0
5.0,70.0,16.927519,32.028316,1.3911145,3.1638467,8.992311,0.0073504974,0.041076425,12.57076,57.52417,21.61521,9.295527,9.672877,1.5472105,30.185467,8.835225,0.51804346,0.0,0.0,0.0,0.0,0.0,0.0,0.0,0.0,0.0
5.0,80.0,7.410401,14.722406,0.87745553,1.3325123,7.068795,0.008994679,0.065081194,5.444338,22.057528,10.518167,5.3120203,3.925115,0.21239455,14.216829,3.9791672,0.23921703,0.0,0.0,0.0,0.0,0.0,0.0,0.0,0.0,0.0
5.0,90.0,6.2614865,12.853423,0.7059569,1.2171037,9.415075,0.009967014,0.04939417,5.227016,16.794762,8.609259,7.7448325,3.411954,0.0,12.469533,3.430487,0.2857973,0.0,0.0,0.0,0.0,0.0,0.0,0.0,0.0,0.0
5.0,100.0,0.98090357,2.1305342,0.14146654,0.17710651,1.6049826,0.0068985624,0.008869412,0.7242232,2.2989173,1.3569615,1.878166,0.48022324,0.0,1.8180392,0.5257902,0.041348662,0.0,0.0,0.0,0.0,0.0,0.0,0.0,0.0,0.0
5.0,110.0,0.0,0.0,0.0,0.0,0.0,0.0,0.0,0.0,0.0,0.0,0.0,0.0,0.0,0.0,0.0,0.0,0.0,0.0,0.0,0.0,0.0,0.0,0.0,0.0,0.0
5.0,120.0,0.0,0.0,0.0,0.0,0.0,0.0,0.0,0.0,0.0,0.0,0.0,0.0,0.0,0.0,0.0,0.0,0.0,0.0,0.0,0.0,0.0,0.0,0.0,0.0,0.0
5.0,130.0,0.0,0.0,0.0,0.0,0.0,0.0,0.0,0.0,0.0,0.0,0.0,0.0,0.0,0.0,0.0,0.0,0.0,0.0,0.0,0.0,0.0,0.0,0.0,0.0,0.0
5.0,140.0,0.0,0.0,0.0,0.0,0.0,0.0,0.0,0.0,0.0,0.0,0.0,0.0,0.0,0.0,0.0,0.0,0.0,0.0,0.0,0.0,0.0,0.0,0.0,0.0,0.0
5.0,150.0,0.0,0.0,0.0,0.0,0.0,0.0,0.0,0.0,0.0,0.0,0.0,0.0,0.0,0.0,0.0,0.0,0.0,0.0,0.0,0.0,0.0,0.0,0.0,0.0,0.0
5.0,160.0,0.0,0.0,0.0,0.0,0.0,0.0,0.0,0.0,0.0,0.0,0.0,0.0,0.0,0.0,0.0,0.0,0.0,0.0,0.0,0.0,0.0,0.0,0.0,0.0,0.0
6.0,0.0,5.033222E-6,6.186435E-6,4.7842765E-5,4.2440308E-5,0.0,1.2945063E-10,6.507929E-8,7.618013E-9,3.0190437E-4,0.0,0.0,2.0068521E-6,0.0010919803,4.3291813E-5,0.0,6.9874586E-6,0.0,0.0,1.054479E-7,0.0011713428,0.0,0.0021939597,0.0,5.837104E-5,0.0033006207
6.0,10.0,3.2222288E-4,1.5894145E-6,5.9386522E-5,7.823731E-4,0.0,3.187879E-10,6.8102395E-7,3.1303105E-7,0.0021323783,1.6798401E-7,3.6721183E-6,1.737452E-5,0.0060473946,0.0010368745,1.2482815E-4,3.7936126E-5,0.0,0.0,0.0,0.0,0.0,0.0,0.0,0.0,0.011043524
6.0,20.0,0.0025550094,7.314867E-5,3.3651057E-4,0.0012302018,0.0,0.0,3.288377E-5,4.8157273E-4,0.017352045,0.0016927138,1.5461083E-5,8.382686E-6,0.009763348,0.0041318065,3.221185E-5,1.9371732E-4,0.0,0.0,0.0,0.0,0.0,0.0,0.0,0.0,0.025108809
6.0,30.0,0.012686973,0.0050267903,3.9379706E-4,0.004768351,0.0,6.5609584E-10,1.7057133E-7,8.329509E-4,0.033448182,0.0018943197,5.430935E-4,0.0012632821,0.004062711,0.010203916,0.0013085399,0.0,0.0,0.0,0.0,0.0,0.0,0.0,0.0,0.0,0.02883245
6.0,40.0,8.4238616E-4,0.0020215882,2.389713E-5,3.8675903E-4,0.0,1.1821105E-10,0.0,6.828826E-4,0.0071276203,0.0014577678,2.48928E-5,0.0016918245,0.0011607684,0.0011762363,0.0011299006,0.0,0.0,0.0,0.0,0.0,0.0,0.0,0.0,0.0,0.009585418
6.0,50.0,0.0029782914,0.0060903197,1.07324115E-4,0.0,6.290844E-4,0.0,0.0,0.0018112548,0.014657281,8.4032683E-4,0.0023207802,0.002130683,6.973618E-5,0.0026548598,0.0026460802,0.0,0.0,0.0,0.0,0.0,0.0,0.0,0.0,0.0,2.7408922E-4
6.0,60.0,8.476499E-4,0.0022103158,2.3919216E-7,8.401636E-4,0.0014112,0.0,0.0,0.0012670212,0.0021418915,5.0536426E-5,0.0017683057,0.0,0.0,0.0011869997,7.4084605E-6,0.0,0.0,0.0,0.0,0.0,0.0,0.0,0.0,0.0,0.0
6.0,70.0,1.9662437,2.7918584,0.2082736,0.48501277,1.5398067,0.0013059273,0.07813568,1.4624012,5.9868574,1.878729,1.3799655,0.7427866,0.2682268,3.427783,0.83635217,0.031000912,0.0,0.0,0.0,0.0,0.0,0.0,0.0,0.0,0.0
6.0,80.0,15.008907,28.63642,1.6858965,5.578122,11.006612,0.02071916,0.15533154,8.459624,41.768383,18.598963,9.662728,4.7300925,0.24101283,25.794937,6.65134,0.089837685,0.0,0.0,0.0,0.0,0.0,0.0,0.0,0.0,0.0
6.0,90.0,5.760149,13.187892,0.9452502,1.9175134,7.354617,0.028710349,0.096557274,4.0902514,16.530613,8.310971,5.486321,2.6166103,0.0,12.420261,3.3369238,0.052892998,0.0,0.0,0.0,0.0,0.0,0.0,0.0,0.0,0.0
6.0,100.0,1.6695424,3.5860503,0.24450149,0.52895415,2.502446,0.004634309,0.030151075,1.2029461,3.8832612,2.5026844,2.031363,0.65877634,0.0,3.5203433,0.795905,0.020693526,0.0,0.0,0.0,0.0,0.0,0.0,0.0,0.0,0.0
6.0,110.0,0.0,0.0,0.0,0.0,0.0,0.0,0.0,0.0,0.0,0.0,0.0,0.0,0.0,0.0,0.0,0.0,0.0,0.0,0.0,0.0,0.0,0.0,0.0,0.0,0.0
6.0,120.0,0.0,0.0,0.0,0.0,0.0,0.0,0.0,0.0,0.0,0.0,0.0,0.0,0.0,0.0,0.0,0.0,0.0,0.0,0.0,0.0,0.0,0.0,0.0,0.0,0.0
6.0,130.0,0.0,0.0,0.0,0.0,0.0,0.0,0.0,0.0,0.0,0.0,0.0,0.0,0.0,0.0,0.0,0.0,0.0,0.0,0.0,0.0,0.0,0.0,0.0,0.0,0.0
6.0,140.0,0.0,0.0,0.0,0.0,0.0,0.0,0.0,0.0,0.0,0.0,0.0,0.0,0.0,0.0,0.0,0.0,0.0,0.0,0.0,0.0,0.0,0.0,0.0,0.0,0.0
6.0,150.0,0.0,0.0,0.0,0.0,0.0,0.0,0.0,0.0,0.0,0.0,0.0,0.0,0.0,0.0,0.0,0.0,0.0,0.0,0.0,0.0,0.0,0.0,0.0,0.0,0.0
6.0,160.0,0.0,0.0,0.0,0.0,0.0,0.0,0.0,0.0,0.0,0.0,0.0,0.0,0.0,0.0,0.0,0.0,0.0,0.0,0.0,0.0,0.0,0.0,0.0,0.0,0.0
7.0,0.0,3.8848044E-5,5.0911763E-6,1.4968992E-5,3.7865877E-5,0.0,1.4241411E-12,8.085309E-9,4.0003786E-7,4.2287837E-4,0.0,0.0,1.219188E-6,3.7377723E-4,2.2308324E-5,0.0,6.291724E-6,0.0,0.0,7.979276E-8,6.689102E-4,0.0,0.0012564268,0.0,5.042763E-5,0.002095716
7.0,10.0,2.1207136E-4,3.6148023E-4,8.81341E-5,1.0645281E-4,0.0,1.936759E-12,2.4782562E-8,5.326623E-8,0.0014450821,3.2517022E-5,2.3480317E-7,3.0288787E-5,0.0037052894,1.0086776E-4,6.323659E-6,2.899068E-4,0.0,0.0,0.0,0.0,0.0,0.0,0.0,0.0,0.005310187
7.0,20.0,0.0014044248,0.0,2.1786565E-5,2.5552377E-4,0.0,0.0,6.3902186E-12,1.1946538E-6,0.009407671,3.1636722E-4,3.9958786E-6,7.253632E-4,0.0042063543,0.0012673984,1.1752652E-4,4.0500733E-4,0.0,0.0,0.0,0.0,0.0,0.0,0.0,0.0,0.010423943
7.0,30.0,9.2667737E-4,0.0016774265,4.566201E-5,0.0012223715,0.0,5.91074E-11,4.317257E-9,1.305947E-7,0.011739624,0.0014044266,1.012363E-4,4.489953E-4,0.0014480544,0.0053330394,0.0015729091,0.0,0.0,0.0,0.0,0.0,0.0,0.0,0.0,0.0,0.0106407525
7.0,40.0,0.0013570684,0.001493556,1.3227492E-5,0.0010420056,3.834247E-6,6.821694E-9,1.525936E-7,6.5854687E-4,0.0076842178,4.8753724E-4,3.748974E-4,5.574109E-4,1.4622291E-4,0.003292482,3.9106546E-4,0.0,0.0,0.0,0.0,0.0,0.0,0.0,0.0,0.0,0.0033436243
7.0,50.0,0.0012350439,0.0013993274,4.4288004E-6,2.1006103E-4,2.6002026E-4,1.7976691E-9,0.0,2.1591614E-4,0.0068106344,5.5196584E-4,0.0013334136,1.6713064E-5,2.1446803E-4,0.0021246257,1.2948313E-4,0.0,0.0,0.0,0.0,0.0,0.0,0.0,0.0,0.0,2.0583818E-4
7.0,60.0,0.0035095534,0.004776602,0.0,0.0052231085,6.8204413E-4,0.0,0.0,2.6495977E-6,0.011335411,0.004273923,6.9259986E-4,0.001547219,6.124134E-4,0.0023287372,0.0028285368,0.0,0.0,0.0,0.0,0.0,0.0,0.0,0.0,0.0,0.0
7.0,70.0,7.4314827E-4,6.228398E-4,0.0,3.038771E-4,6.5073266E-4,0.0,0.0,3.6373755E-4,0.0014286765,3.0245353E-4,2.1159257E-4,0.0,0.0,0.0,6.341362E-8,0.0,0.0,0.0,0.0,0.0,0.0,0.0,0.0,0.0,0.0
7.0,80.0,7.477973,16.80526,1.2649119,4.0108356,8.136711,0.0029680303,0.038812708,4.22349,25.348629,11.081518,7.039556,2.9861348,0.0017111012,15.34694,3.9290488,0.031290304,0.0,0.0,0.0,0.0,0.0,0.0,0.0,0.0,0.0
7.0,90.0,6.3577023,14.814855,1.3085164,3.4538155,8.368793,0.0066163247,0.09541422,3.485618,17.941359,9.744685,6.407503,2.4614692,0.0,13.688923,3.3215086,0.045132484,0.0,0.0,0.0,0.0,0.0,0.0,0.0,0.0,0.0
7.0,100.0,2.454507,5.926407,0.49248153,1.2937622,3.8014255,0.0063877874,0.030414853,1.373043,6.058893,3.9667828,2.923367,1.0242386,0.0,5.142383,1.5651999,0.021118628,0.0,0.0,0.0,0.0,0.0,0.0,0.0,0.0,0.0
7.0,110.0,0.0,0.0,0.0,0.0,0.0,0.0,0.0,0.0,0.0,0.0,0.0,0.0,0.0,0.0,0.0,0.0,0.0,0.0,0.0,0.0,0.0,0.0,0.0,0.0,0.0
7.0,120.0,0.0,0.0,0.0,0.0,0.0,0.0,0.0,0.0,0.0,0.0,0.0,0.0,0.0,0.0,0.0,0.0,0.0,0.0,0.0,0.0,0.0,0.0,0.0,0.0,0.0
7.0,130.0,0.0,0.0,0.0,0.0,0.0,0.0,0.0,0.0,0.0,0.0,0.0,0.0,0.0,0.0,0.0,0.0,0.0,0.0,0.0,0.0,0.0,0.0,0.0,0.0,0.0
7.0,140.0,0.0,0.0,0.0,0.0,0.0,0.0,0.0,0.0,0.0,0.0,0.0,0.0,0.0,0.0,0.0,0.0,0.0,0.0,0.0,0.0,0.0,0.0,0.0,0.0,0.0
7.0,150.0,0.0,0.0,0.0,0.0,0.0,0.0,0.0,0.0,0.0,0.0,0.0,0.0,0.0,0.0,0.0,0.0,0.0,0.0,0.0,0.0,0.0,0.0,0.0,0.0,0.0
7.0,160.0,0.0,0.0,0.0,0.0,0.0,0.0,0.0,0.0,0.0,0.0,0.0,0.0,0.0,0.0,0.0,0.0,0.0,0.0,0.0,0.0,0.0,0.0,0.0,0.0,0.0
8.0,0.0,6.0250927E-6,3.2215863E-7,3.8605813E-5,7.100899E-5,0.0,3.8878284E-12,2.1338918E-8,6.075556E-8,1.6461934E-4,0.0,0.0,4.4694838E-7,1.3973724E-4,1.9935245E-5,2.4151832E-6,1.2205809E-6,0.0,0.0,6.285892E-8,5.1672396E-4,0.0,0.0010412942,0.0,3.728859E-5,0.0014664888
8.0,10.0,1.2921008E-4,2.1332693E-5,2.3968787E-4,1.5448352E-4,0.0,5.224908E-12,3.0167504E-7,3.398472E-8,0.0018478762,2.9911907E-5,6.7940204E-7,2.1759475E-5,0.0018830546,5.3205027E-4,1.3053253E-4,1.8298863E-4,0.0,0.0,0.0,0.0,0.0,0.0,0.0,0.0,0.005552599
8.0,20.0,6.011953E-4,3.1014933E-4,5.9512254E-6,9.896535E-4,0.0,6.474663E-12,7.751568E-8,9.383649E-8,0.007319005,4.6829667E-4,3.6609756E-5,2.5969106E-4,0.0016042165,0.0014752551,1.0254677E-4,2.0615601E-4,0.0,0.0,0.0,0.0,0.0,0.0,0.0,0.0,0.013076432
8.0,30.0,0.0028753192,8.6731545E-4,1.9919196E-4,0.0027973345,0.0,8.0729784E-10,6.096302E-8,1.1305454E-4,0.015181988,3.2023483E-4,2.763126E-4,0.0018048752,0.001654744,0.0054806108,8.462171E-4,0.0021467314,0.0,0.0,0.0,0.0,0.0,0.0,0.0,0.0,0.019159688
8.0,40.0,0.0035025224,0.0013522571,3.731442E-6,0.0037179766,0.0,4.467165E-11,2.5182635E-7,0.0018535668,0.011860023,6.7407906E-4,2.2471478E-4,9.0546295E-4,7.2385534E-5,0.0039561884,0.0013536146,0.007584651,0.0,0.0,0.0,0.0,0.0,0.0,0.0,0.0,0.0077632195
8.0,50.0,0.004146997,0.0017285334,3.4966178E-7,5.9490575E-4,2.6302132E-6,1.10880255E-11,0.0,2.6116817E-4,0.007803666,0.002002113,4.463121E-4,8.135237E-5,8.2467066E-4,0.007824364,0.0012636343,0.0,0.0,0.0,0.0,0.0,0.0,0.0,0.0,0.0,3.3144715E-5
8.0,60.0,0.0018150875,4.068231E-4,7.82578E-5,3.7329984E-5,4.4780565E-5,0.0,0.0,3.2734533E-4,7.3166646E-4,0.00228984,5.2412594E-4,2.819004E-4,0.0011600824,8.400292E-4,9.044483E-8,6.0287253E-5,0.0,0.0,0.0,0.0,0.0,0.0,0.0,0.0,0.0
8.0,70.0,0.001970534,0.008800896,0.0,0.0013621848,6.2465224E-5,3.368634E-9,0.0,0.0,0.0057816887,0.0041777045,0.0019435973,0.0033940822,0.0013431365,0.0065506957,3.7857975E-5,0.0,0.0,0.0,0.0,0.0,0.0,0.0,0.0,0.0,0.0
8.0,80.0,0.23806317,0.7997492,0.054572053,0.17391363,0.29261133,1.5706582E-5,3.4401726E-4,0.14025165,0.8438744,0.32457784,0.40837413,0.17690055,0.0,0.63559574,0.27340844,0.024269704,0.0,0.0,0.0,0.0,0.0,0.0,0.0,0.0,0.0
8.0,90.0,9.864098,22.350763,2.1129415,6.2677984,10.914935,0.0026556822,0.13300489,4.067541,26.088911,13.58929,11.3179655,4.392667,0.0,19.11957,4.0580115,0.09218764,0.0,0.0,0.0,0.0,0.0,0.0,0.0,0.0,0.0
8.0,100.0,3.5578988,7.740038,0.7345734,2.238115,5.1020436,0.0058057443,0.029236445,1.4877172,7.3764296,4.820962,4.404959,1.6199257,0.0,6.4942336,1.5358576,0.030224836,0.0,0.0,0.0,0.0,0.0,0.0,0.0,0.0,0.0
8.0,110.0,0.0,0.0,0.0,0.0,0.0,0.0,0.0,0.0,0.0,0.0,0.0,0.0,0.0,0.0,0.0,0.0,0.0,0.0,0.0,0.0,0.0,0.0,0.0,0.0,0.0
8.0,120.0,0.0,0.0,0.0,0.0,0.0,0.0,0.0,0.0,0.0,0.0,0.0,0.0,0.0,0.0,0.0,0.0,0.0,0.0,0.0,0.0,0.0,0.0,0.0,0.0,0.0
8.0,130.0,0.0,0.0,0.0,0.0,0.0,0.0,0.0,0.0,0.0,0.0,0.0,0.0,0.0,0.0,0.0,0.0,0.0,0.0,0.0,0.0,0.0,0.0,0.0,0.0,0.0
8.0,140.0,0.0,0.0,0.0,0.0,0.0,0.0,0.0,0.0,0.0,0.0,0.0,0.0,0.0,0.0,0.0,0.0,0.0,0.0,0.0,0.0,0.0,0.0,0.0,0.0,0.0
8.0,150.0,0.0,0.0,0.0,0.0,0.0,0.0,0.0,0.0,0.0,0.0,0.0,0.0,0.0,0.0,0.0,0.0,0.0,0.0,0.0,0.0,0.0,0.0,0.0,0.0,0.0
8.0,160.0,0.0,0.0,0.0,0.0,0.0,0.0,0.0,0.0,0.0,0.0,0.0,0.0,0.0,0.0,0.0,0.0,0.0,0.0,0.0,0.0,0.0,0.0,0.0,0.0,0.0
9.0,0.0,1.7646156E-5,2.647287E-6,4.328408E-5,7.2775176E-5,0.0,7.630293E-13,3.812665E-8,7.337535E-7,1.7423459E-4,0.0,0.0,2.5107659E-7,7.435922E-5,1.8332472E-6,0.0,2.9761918E-7,0.0,0.0,5.12335E-8,4.0053975E-4,0.0,7.4201403E-4,0.0,3.1507898E-5,0.001107474
9.0,10.0,2.388326E-4,0.0,2.8604714E-4,3.0048817E-4,0.0,1.4067483E-11,1.07032605E-7,0.0,0.0019543269,3.5293124E-7,2.0126106E-7,6.3605216E-7,0.0011031742,2.45189E-4,6.7858286E-6,2.4262406E-6,0.0,0.0,0.0,0.0,0.0,0.0,0.0,0.0,0.003938931
9.0,20.0,0.0016862961,3.90886E-4,2.179655E-5,2.9636722E-4,0.0,0.0,2.5401568E-9,2.1963897E-5,0.0068236976,2.0151417E-4,1.4278232E-5,9.777103E-6,0.0012829205,0.0014954709,8.406982E-5,2.1057056E-6,0.0,0.0,0.0,0.0,0.0,0.0,0.0,0.0,0.006310806
9.0,30.0,0.0036491521,6.8939215E-4,4.050234E-5,0.001599364,0.0,3.4589243E-12,2.8670152E-12,0.0012690795,0.008432669,3.3200008E-4,1.940075E-4,2.5705047E-4,4.3758517E-4,0.0019197806,3.5676925E-4,0.0,0.0,0.0,0.0,0.0,0.0,0.0,0.0,0.0,0.009874854
9.0,40.0,0.0011082449,0.0033743153,7.229965E-5,0.0013504528,1.3114263E-4,0.0,1.4400039E-6,4.589387E-4,0.012952964,0.005216196,0.0018999795,0.0029002607,7.3751307E-4,0.0034533397,0.0025695055,8.969075E-5,0.0,0.0,0.0,0.0,0.0,0.0,0.0,0.0,0.011234208
9.0,50.0,0.0013777383,0.0042285137,9.7463373E-4,0.0014843174,7.853766E-4,0.0,4.0991883E-5,0.0035595356,0.0063687754,0.004542702,0.004443765,0.001265462,0.001149478,0.011840122,2.6669633E-4,0.012321077,0.0,0.0,0.0,0.0,0.0,0.0,0.0,0.0,0.0021895221
9.0,60.0,0.002239975,0.002234345,8.104546E-5,0.0014105777,1.4101273E-4,9.651018E-10,0.0,8.074372E-4,0.010846598,0.0038582128,0.0022266586,5.555739E-4,0.0,0.010141715,0.0030659402,0.0,0.0,0.0,0.0,0.0,0.0,0.0,0.0,0.0,0.0
9.0,70.0,5.283783E-4,0.0022644605,1.1229176E-4,2.5089827E-4,2.3585372E-4,7.947569E-9,0.0,6.5752416E-4,0.008031321,2.3844595E-4,4.347276E-4,3.1736894E-5,0.0,0.0039439094,1.3613021E-4,0.0,0.0,0.0,0.0,0.0,0.0,0.0,0.0,0.0,0.0
9.0,80.0,0.0017989116,0.0023454905,0.001884862,0.0011451062,7.089453E-4,0.0,0.0,0.0015527802,0.0014448082,0.0042029493,0.0032707567,9.240146E-4,0.0,0.005881704,0.0010714242,0.0,0.0,0.0,0.0,0.0,0.0,0.0,0.0,0.0,0.0
9.0,90.0,6.73218,15.345617,1.3958102,5.2840357,8.562339,0.005274639,0.058466546,3.368207,15.888003,7.8375664,9.35327,2.9258595,0.0,11.706379,2.1799362,1.3655478,0.0,0.0,0.0,0.0,0.0,0.0,0.0,0.0,0.0
9.0,100.0,4.5114827,10.399691,1.028357,3.3473437,6.7103133,0.006485275,0.05212599,1.9506669,7.6596527,5.533328,7.330956,1.8867066,0.0,7.4285264,1.4143738,0.1935916,0.0,0.0,0.0,0.0,0.0,0.0,0.0,0.0,0.0
9.0,110.0,0.0,0.0,0.0,0.0,0.0,0.0,0.0,0.0,0.0,0.0,0.0,0.0,0.0,0.0,0.0,0.0,0.0,0.0,0.0,0.0,0.0,0.0,0.0,0.0,0.0
9.0,120.0,0.0,0.0,0.0,0.0,0.0,0.0,0.0,0.0,0.0,0.0,0.0,0.0,0.0,0.0,0.0,0.0,0.0,0.0,0.0,0.0,0.0,0.0,0.0,0.0,0.0
9.0,130.0,0.0,0.0,0.0,0.0,0.0,0.0,0.0,0.0,0.0,0.0,0.0,0.0,0.0,0.0,0.0,0.0,0.0,0.0,0.0,0.0,0.0,0.0,0.0,0.0,0.0
9.0,140.0,0.0,0.0,0.0,0.0,0.0,0.0,0.0,0.0,0.0,0.0,0.0,0.0,0.0,0.0,0.0,0.0,0.0,0.0,0.0,0.0,0.0,0.0,0.0,0.0,0.0
9.0,150.0,0.0,0.0,0.0,0.0,0.0,0.0,0.0,0.0,0.0,0.0,0.0,0.0,0.0,0.0,0.0,0.0,0.0,0.0,0.0,0.0,0.0,0.0,0.0,0.0,0.0
9.0,160.0,0.0,0.0,0.0,0.0,0.0,0.0,0.0,0.0,0.0,0.0,0.0,0.0,0.0,0.0,0.0,0.0,0.0,0.0,0.0,0.0,0.0,0.0,0.0,0.0,0.0
10.0,0.0,0.0,9.551912E-7,1.4499874E-5,4.513287E-5,0.0,5.547073E-13,6.3796617E-9,3.2062425E-7,5.463527E-5,0.0,0.0,2.0460895E-6,1.2455853E-4,1.9857898E-5,0.0,5.7220236E-6,0.0,0.0,3.7875875E-8,3.4364138E-4,0.0,6.3843065E-4,0.0,2.6407453E-5,9.768758E-4
10.0,10.0,5.9115802E-5,4.614154E-8,1.4276853E-4,1.172232E-4,0.0,0.0,1.3050654E-7,0.0,7.096214E-4,5.522224E-6,2.48355E-7,2.263358E-6,8.0425764E-4,1.592493E-4,0.0,2.6418162E-5,0.0,0.0,0.0,0.0,0.0,0.0,0.0,0.0,0.0020880168
10.0,20.0,2.1392167E-4,2.3084303E-4,5.5436198E-5,1.885585E-5,0.0,0.0,1.7695104E-13,3.0502943E-7,0.0028791027,4.2051164E-4,5.145379E-7,1.6864977E-4,2.89973E-4,8.8745164E-4,9.619641E-13,0.0016810056,0.0,0.0,0.0,0.0,0.0,0.0,0.0,0.0,0.0022850346
10.0,30.0,9.944336E-4,4.3037353E-4,0.0,0.0,0.0,0.0,0.0,4.7146136E-4,0.001529864,1.4118457E-4,8.38677E-5,1.0140798E-8,3.7451068E-4,4.6144615E-4,6.937191E-4,0.0,0.0,0.0,0.0,0.0,0.0,0.0,0.0,0.0,0.003952221
10.0,40.0,0.0026339826,0.003048381,0.0,0.0042838217,2.2106953E-5,0.0,3.4607383E-6,7.726058E-4,0.008721741,2.0094278E-4,2.5547188E-4,0.0013317602,1.6538051E-4,0.0032943413,1.603273E-4,3.8849037E-5,0.0,0.0,0.0,0.0,0.0,0.0,0.0,0.0,0.0046420754
10.0,50.0,0.004390444,0.0015074956,6.0149374E-5,0.0017734441,4.5349536E-4,0.0,0.0,0.0010355331,0.010145281,9.95037E-4,0.0021040386,9.571336E-4,1.9695946E-5,0.005968227,3.3783753E-4,0.0032470846,0.0,0.0,0.0,0.0,0.0,0.0,0.0,0.0,1.9534596E-4
10.0,60.0,0.0033099684,0.00888457,2.0287592E-4,0.0019536302,0.0014590208,0.0,0.0,0.0021364326,0.010038386,0.003955064,0.0037929688,0.0012257167,2.32992E-4,0.006109837,0.0012229648,0.0046823416,0.0,0.0,0.0,0.0,0.0,0.0,0.0,0.0,0.0
10.0,70.0,0.0029487931,0.003727184,2.5282218E-4,0.0017322069,4.796796E-4,0.0,0.0,6.007237E-4,0.0040070736,1.0674396E-4,0.001697219,8.03442E-4,0.0,0.0027572543,6.6586235E-4,0.0,0.0,0.0,0.0,0.0,0.0,0.0,0.0,0.0,0.0
10.0,80.0,0.0033824916,0.0047047627,3.6832792E-4,7.8000774E-4,8.993706E-4,0.0,0.0,0.0016275141,0.007322961,0.0032478517,0.0036072587,8.098177E-4,0.0,0.003470706,1.242188E-4,9.697433E-4,0.0,0.0,0.0,0.0,0.0,0.0,0.0,0.0,0.0
10.0,90.0,2.755885,7.0446916,0.7095455,2.4852898,3.748807,7.104659E-4,0.020614343,1.3991685,6.148494,3.4106548,4.497706,1.2337689,0.0,4.579785,0.746547,1.3600062,0.0,0.0,0.0,0.0,0.0,0.0,0.0,0.0,0.0
10.0,100.0,6.127952,16.57551,1.8669261,5.930632,10.0053625,0.0036928235,0.047996547,3.225915,11.403598,7.7891145,11.814757,2.3994381,0.0,9.051275,1.6198424,1.659388,0.0,0.0,0.0,0.0,0.0,0.0,0.0,0.0,0.0
10.0,110.0,0.0,0.0,0.0,0.0,0.0,0.0,0.0,0.0,0.0,0.0,0.0,0.0,0.0,0.0,0.0,0.0,0.0,0.0,0.0,0.0,0.0,0.0,0.0,0.0,0.0
10.0,120.0,0.0,0.0,0.0,0.0,0.0,0.0,0.0,0.0,0.0,0.0,0.0,0.0,0.0,0.0,0.0,0.0,0.0,0.0,0.0,0.0,0.0,0.0,0.0,0.0,0.0
10.0,130.0,0.0,0.0,0.0,0.0,0.0,0.0,0.0,0.0,0.0,0.0,0.0,0.0,0.0,0.0,0.0,0.0,0.0,0.0,0.0,0.0,0.0,0.0,0.0,0.0,0.0
10.0,140.0,0.0,0.0,0.0,0.0,0.0,0.0,0.0,0.0,0.0,0.0,0.0,0.0,0.0,0.0,0.0,0.0,0.0,0.0,0.0,0.0,0.0,0.0,0.0,0.0,0.0
10.0,150.0,0.0,0.0,0.0,0.0,0.0,0.0,0.0,0.0,0.0,0.0,0.0,0.0,0.0,0.0,0.0,0.0,0.0,0.0,0.0,0.0,0.0,0.0,0.0,0.0,0.0
10.0,160.0,0.0,0.0,0.0,0.0,0.0,0.0,0.0,0.0,0.0,0.0,0.0,0.0,0.0,0.0,0.0,0.0,0.0,0.0,0.0,0.0,0.0,0.0,0.0,0.0,0.0
11.0,0.0,2.2527442E-5,1.651072E-6,4.5207005E-5,3.488435E-5,0.0,2.699146E-12,1.5587108E-8,2.7121928E-7,1.6578022E-4,0.0,0.0,4.0380638E-7,6.5166874E-5,2.4265966E-5,0.0,2.98758E-5,0.0,0.0,3.7283495E-8,3.1116896E-4,0.0,6.416832E-4,0.0,2.2115546E-5,8.731224E-4
11.0,10.0,1.6343406E-4,0.0,8.968901E-5,4.830234E-4,0.0,0.0,7.931128E-9,0.0,0.0017186634,6.570407E-6,3.56401E-8,1.727268E-5,0.001058354,2.8716124E-4,4.852007E-5,4.4904964E-4,0.0,0.0,0.0,0.0,0.0,0.0,0.0,0.0,0.003566673
11.0,20.0,2.9831892E-4,0.0,7.158043E-6,1.1869992E-4,0.0,0.0,0.0,1.1703994E-4,0.0017857936,1.4426163E-4,1.1437645E-5,5.9884216E-5,7.5658085E-4,3.1409448E-4,6.402378E-8,7.901123E-4,0.0,0.0,0.0,0.0,0.0,0.0,0.0,0.0,0.0056634364
11.0,30.0,0.0016134682,6.5893074E-4,0.0,8.954326E-5,0.0,3.6853706E-10,3.4729055E-6,3.92589E-4,0.0045762607,3.872687E-4,6.499628E-5,1.797909E-4,4.5545847E-5,5.541229E-4,1.0117691E-5,0.0,0.0,0.0,0.0,0.0,0.0,0.0,0.0,0.0,0.004580878
11.0,40.0,7.4992917E-4,0.0010523809,0.0,3.9755728E-4,0.0,0.0,0.0,1.0260491E-5,0.0020103895,0.001198904,5.1385764E-4,2.5294603E-5,4.7007727E-4,3.7785256E-4,1.2708213E-5,0.0,0.0,0.0,0.0,0.0,0.0,0.0,0.0,0.0,0.0026028065
11.0,50.0,4.6261647E-4,6.315922E-4,2.828596E-4,0.0020393392,1.0230508E-5,0.0,0.0,3.3578803E-4,0.0030092516,0.0021369795,6.534697E-5,1.3416391E-5,0.0,0.0017024413,7.0005394E-6,4.5682752E-4,0.0,0.0,0.0,0.0,0.0,0.0,0.0,0.0,3.2445423E-6
11.0,60.0,0.0027697382,0.0030367938,0.0,0.0018365065,2.875438E-4,0.0,0.0,3.189424E-4,0.003080919,0.0010477909,0.0024436992,0.0013709896,1.9342431E-5,0.005547439,4.116394E-4,0.0015226702,0.0,0.0,0.0,0.0,0.0,0.0,0.0,0.0,0.0
11.0,70.0,0.0017185812,0.0051494483,9.6697576E-4,0.0015377479,0.0010299247,0.0,0.0,0.0033992182,0.008679541,0.003709784,0.0032164322,4.0295874E-4,0.0,0.0051014773,0.0011500802,0.0,0.0,0.0,0.0,0.0,0.0,0.0,0.0,0.0,0.0
11.0,80.0,3.7691405E-4,7.854488E-4,6.534074E-5,3.9141264E-4,7.891396E-4,0.0,0.0,2.1461745E-4,0.0012871252,4.417529E-4,6.256544E-4,9.396068E-5,0.0,7.889864E-5,1.8169197E-4,0.0,0.0,0.0,0.0,0.0,0.0,0.0,0.0,0.0,0.0
11.0,90.0,0.07188824,0.14814316,0.016756967,0.049475882,0.096971564,2.6419579E-5,6.068341E-5,0.029585756,0.11664236,0.06915288,0.13274913,0.03419875,0.0,0.08927963,0.011795402,0.018863458,0.0,0.0,0.0,0.0,0.0,0.0,0.0,0.0,0.0
11.0,100.0,7.2534165,19.40426,2.0804482,8.371291,11.830708,0.0013184693,0.053224493,3.7955375,13.047441,9.497141,14.024107,2.9203744,0.0,10.885633,1.8936535,4.569652,0.0,0.0,0.0,0.0,0.0,0.0,0.0,0.0,0.0
11.0,110.0,0.0,0.0,0.0,0.0,0.0,0.0,0.0,0.0,0.0,0.0,0.0,0.0,0.0,0.0,0.0,0.0,0.0,0.0,0.0,0.0,0.0,0.0,0.0,0.0,0.0
11.0,120.0,0.0,0.0,0.0,0.0,0.0,0.0,0.0,0.0,0.0,0.0,0.0,0.0,0.0,0.0,0.0,0.0,0.0,0.0,0.0,0.0,0.0,0.0,0.0,0.0,0.0
11.0,130.0,0.0,0.0,0.0,0.0,0.0,0.0,0.0,0.0,0.0,0.0,0.0,0.0,0.0,0.0,0.0,0.0,0.0,0.0,0.0,0.0,0.0,0.0,0.0,0.0,0.0
11.0,140.0,0.0,0.0,0.0,0.0,0.0,0.0,0.0,0.0,0.0,0.0,0.0,0.0,0.0,0.0,0.0,0.0,0.0,0.0,0.0,0.0,0.0,0.0,0.0,0.0,0.0
11.0,150.0,0.0,0.0,0.0,0.0,0.0,0.0,0.0,0.0,0.0,0.0,0.0,0.0,0.0,0.0,0.0,0.0,0.0,0.0,0.0,0.0,0.0,0.0,0.0,0.0,0.0
11.0,160.0,0.0,0.0,0.0,0.0,0.0,0.0,0.0,0.0,0.0,0.0,0.0,0.0,0.0,0.0,0.0,0.0,0.0,0.0,0.0,0.0,0.0,0.0,0.0,0.0,0.0
12.0,0.0,8.047629E-7,2.5848453E-6,3.0638777E-5,5.076508E-7,0.0,1.9741878E-14,2.6933838E-8,1.5671729E-8,3.2374493E-5,0.0,0.0,5.78378E-7,5.5761273E-5,6.7997513E-7,0.0,6.137612E-8,0.0,0.0,3.3871324E-8,2.4408562E-4,0.0,4.8192748E-4,0.0,1.9002746E-5,4.0703375E-4
12.0,10.0,5.77221E-5,1.419828E-6,1.8226293E-4,6.116751E-5,0.0,0.0,1.694237E-8,0.0,4.465325E-4,1.6179689E-6,1.01077845E-7,7.0743897E-7,6.8758667E-4,1.405653E-5,0.0,0.0,0.0,0.0,0.0,0.0,0.0,0.0,0.0,0.0,0.0018048643
12.0,20.0,0.0014450317,0.0,1.6051356E-4,5.0669047E-4,0.0,0.0,5.426076E-8,1.0011555E-6,0.0071345246,2.5014424E-5,4.8332918E-6,7.933039E-6,8.8213367E-4,0.00178826,0.0,0.0012318803,0.0,0.0,0.0,0.0,0.0,0.0,0.0,0.0,0.0095847575
12.0,30.0,0.0074037225,0.0016474735,2.4664326E-4,0.0055293385,0.0,3.0297358E-12,0.0,5.3500134E-4,0.015963787,5.3103914E-4,3.4582728E-4,6.4588216E-4,4.218028E-4,0.0049533183,2.2728968E-4,7.44723E-4,0.0,0.0,0.0,0.0,0.0,0.0,0.0,0.0,0.017265601
12.0,40.0,0.0019801273,0.0023438514,4.5327732E-4,0.0036025748,5.1792554E-8,1.0115202E-10,0.0,1.6248447E-4,0.006907285,0.0021341546,3.8543128E-4,0.001734391,8.086487E-4,0.0034996644,1.6126074E-4,0.0060842712,0.0,0.0,0.0,0.0,0.0,0.0,0.0,0.0,0.009043861
12.0,50.0,0.0012054841,0.0020593333,0.0,0.0011517805,3.1041767E-4,0.0,0.0,7.352648E-4,0.005873096,6.163423E-4,0.001677986,4.148102E-5,2.6647086E-7,0.0031103538,3.945894E-4,6.1523763E-4,0.0,0.0,0.0,0.0,0.0,0.0,0.0,0.0,8.3881896E-5
12.0,60.0,8.0361683E-4,5.997581E-4,5.414611E-5,0.0010222559,2.3677945E-4,0.0,0.0,6.0176215E-5,9.1402757E-4,1.3528185E-4,2.2603027E-4,8.362912E-6,0.0,0.0012189096,1.0658258E-6,4.0979745E-4,0.0,0.0,0.0,0.0,0.0,0.0,0.0,0.0,0.0
12.0,70.0,0.002426103,0.006569304,8.216238E-6,0.0011922158,7.652767E-4,3.827936E-6,0.0,1.4072473E-5,0.009895188,5.806004E-4,8.686468E-4,0.0025998822,0.0,0.002190384,2.8541923E-4,6.2225823E-4,0.0,0.0,0.0,0.0,0.0,0.0,0.0,0.0,0.0
12.0,80.0,9.4845385E-4,0.005616022,0.0012774442,0.001020062,0.002483757,0.0,0.0,2.723907E-4,0.0063048033,4.3588746E-4,8.377632E-4,7.7492127E-4,0.0,0.0023157212,3.7365757E-5,7.796917E-5,0.0,0.0,0.0,0.0,0.0,0.0,0.0,0.0,0.0
12.0,90.0,9.0174837E-4,0.007682174,0.0010813666,0.0035563356,0.0047916067,0.0,0.0,7.429207E-4,0.006037465,0.0024283412,0.0022789,2.892298E-4,0.0,0.0019258262,3.8334721E-4,0.0,0.0,0.0,0.0,0.0,0.0,0.0,0.0,0.0,0.0
12.0,100.0,6.1458125,16.682737,1.8786267,7.4226365,12.109172,0.0037043586,0.017622486,3.6808183,11.070939,7.2298355,12.073306,2.6733494,0.0,8.264164,1.4063674,4.4486356,0.0,0.0,0.0,0.0,0.0,0.0,0.0,0.0,0.0
12.0,110.0,0.0,0.0,0.0,0.0,0.0,0.0,0.0,0.0,0.0,0.0,0.0,0.0,0.0,0.0,0.0,0.0,0.0,0.0,0.0,0.0,0.0,0.0,0.0,0.0,0.0
12.0,120.0,0.0,0.0,0.0,0.0,0.0,0.0,0.0,0.0,0.0,0.0,0.0,0.0,0.0,0.0,0.0,0.0,0.0,0.0,0.0,0.0,0.0,0.0,0.0,0.0,0.0
12.0,130.0,0.0,0.0,0.0,0.0,0.0,0.0,0.0,0.0,0.0,0.0,0.0,0.0,0.0,0.0,0.0,0.0,0.0,0.0,0.0,0.0,0.0,0.0,0.0,0.0,0.0
12.0,140.0,0.0,0.0,0.0,0.0,0.0,0.0,0.0,0.0,0.0,0.0,0.0,0.0,0.0,0.0,0.0,0.0,0.0,0.0,0.0,0.0,0.0,0.0,0.0,0.0,0.0
12.0,150.0,0.0,0.0,0.0,0.0,0.0,0.0,0.0,0.0,0.0,0.0,0.0,0.0,0.0,0.0,0.0,0.0,0.0,0.0,0.0,0.0,0.0,0.0,0.0,0.0,0.0
12.0,160.0,0.0,0.0,0.0,0.0,0.0,0.0,0.0,0.0,0.0,0.0,0.0,0.0,0.0,0.0,0.0,0.0,0.0,0.0,0.0,0.0,0.0,0.0,0.0,0.0,0.0
13.0,0.0,0.0,1.9802711E-7,3.1882108E-5,7.750735E-6,0.0,1.7728983E-12,1.0650944E-8,2.645498E-6,4.6800338E-5,0.0,0.0,9.549027E-7,2.5895317E-5,2.8413072E-6,0.0,3.3799122E-6,0.0,0.0,2.678458E-8,2.1793864E-4,0.0,4.0269038E-4,0.0,1.9519575E-5,4.3173062E-4
13.0,10.0,1.8153769E-5,2.3401537E-6,5.945187E-5,8.174066E-6,0.0,1.2565819E-11,4.0247112E-8,3.760714E-6,2.1086658E-4,0.0,2.381979E-9,3.5336973E-6,3.7004062E-4,8.236771E-5,0.0,1.18605085E-5,0.0,0.0,0.0,0.0,0.0,0.0,0.0,0.0,0.0011676757
13.0,20.0,8.196524E-4,0.0,1.7606702E-5,3.5895314E-4,0.0,0.0,4.4845084E-8,0.0,9.958402E-4,1.3996671E-4,2.8492408E-9,3.334977E-5,3.9322264E-4,3.536266E-4,8.7000524E-5,3.2817986E-4,0.0,0.0,0.0,0.0,0.0,0.0,0.0,0.0,0.0029066773
13.0,30.0,0.0016392745,5.761858E-4,2.0260115E-4,0.001374407,0.0,5.3951185E-13,0.0,5.0418853E-4,0.0048100925,3.3820476E-4,3.9061015E-5,4.9988827E-4,2.3505179E-4,8.6409354E-4,6.251517E-4,0.0013141661,0.0,0.0,0.0,0.0,0.0,0.0,0.0,0.0,0.0040862793
13.0,40.0,0.003954209,0.0047790105,6.170583E-4,0.0032558958,1.8210056E-6,0.0,0.0,0.0035006925,0.020312842,0.004275658,4.2131328E-4,0.002408276,7.037819E-4,0.0050368966,0.0015202685,0.0,0.0,0.0,0.0,0.0,0.0,0.0,0.0,0.0,0.008267649
13.0,50.0,0.0068334346,0.0065314784,0.0024295643,0.0074456767,4.6728327E-4,0.0,0.0,0.0032211808,0.024162004,0.0024809847,0.0036340428,0.002250519,2.861103E-4,0.0049613398,0.002658062,0.0,0.0,0.0,0.0,0.0,0.0,0.0,0.0,0.0,0.0010060101
13.0,60.0,5.032102E-4,0.002380926,0.0,0.002972824,2.0538889E-4,0.0,0.0,7.995468E-5,0.0029366293,0.0017940021,0.0017786359,4.7758895E-5,0.0,0.004154967,3.4128033E-7,0.0,0.0,0.0,0.0,0.0,0.0,0.0,0.0,0.0,0.0
13.0,70.0,6.96254E-5,2.7411123E-4,3.9897124E-5,0.0,4.058968E-5,0.0,0.0,1.8279295E-4,4.3233624E-4,3.4039233E-5,9.300958E-6,8.481275E-5,0.0,2.0639056E-4,0.0,8.3383895E-4,0.0,0.0,0.0,0.0,0.0,0.0,0.0,0.0,0.0
13.0,80.0,0.0034863777,0.003294697,6.906099E-5,0.006381015,0.0042933836,7.701731E-10,1.160428E-6,0.0010316944,0.009194898,0.00244217,0.0012138189,9.2288194E-4,3.9930772E-5,0.003295361,0.0028182506,9.0439705E-4,0.0,0.0,0.0,0.0,0.0,0.0,0.0,0.0,0.0
13.0,90.0,0.0011613172,0.0014637561,2.0431118E-5,3.5824275E-4,0.0011676104,0.0,4.398375E-7,2.1820473E-4,5.095727E-4,0.0010762442,4.758914E-4,1.5927273E-4,0.0,1.7379165E-4,2.4406833E-4,0.0,0.0,0.0,0.0,0.0,0.0,0.0,0.0,0.0,0.0
13.0,100.0,5.24118,13.259774,1.6766272,6.918233,12.060768,0.0071500884,0.014807852,3.0293925,9.014405,5.5735736,10.828634,1.8715389,0.0,6.677485,1.0903733,4.4527245,0.0,0.0,0.0,0.0,0.0,0.0,0.0,0.0,0.0
13.0,110.0,0.05542805,0.08355722,0.027954923,0.06852216,0.11183803,5.337905E-4,0.0,0.026010633,0.048793975,0.07582775,0.094678394,0.009543594,0.0,0.057380542,0.009540887,0.011411805,0.0,0.0,0.0,0.0,0.0,0.0,0.0,0.0,0.0
13.0,120.0,0.0,0.0,0.0,0.0,0.0,0.0,0.0,0.0,0.0,0.0,0.0,0.0,0.0,0.0,0.0,0.0,0.0,0.0,0.0,0.0,0.0,0.0,0.0,0.0,0.0
13.0,130.0,0.0,0.0,0.0,0.0,0.0,0.0,0.0,0.0,0.0,0.0,0.0,0.0,0.0,0.0,0.0,0.0,0.0,0.0,0.0,0.0,0.0,0.0,0.0,0.0,0.0
13.0,140.0,0.0,0.0,0.0,0.0,0.0,0.0,0.0,0.0,0.0,0.0,0.0,0.0,0.0,0.0,0.0,0.0,0.0,0.0,0.0,0.0,0.0,0.0,0.0,0.0,0.0
13.0,150.0,0.0,0.0,0.0,0.0,0.0,0.0,0.0,0.0,0.0,0.0,0.0,0.0,0.0,0.0,0.0,0.0,0.0,0.0,0.0,0.0,0.0,0.0,0.0,0.0,0.0
13.0,160.0,0.0,0.0,0.0,0.0,0.0,0.0,0.0,0.0,0.0,0.0,0.0,0.0,0.0,0.0,0.0,0.0,0.0,0.0,0.0,0.0,0.0,0.0,0.0,0.0,0.0
14.0,0.0,0.0,2.345283E-6,2.4519952E-5,6.864728E-6,0.0,1.7799305E-14,1.1782654E-8,3.2554814E-7,1.908168E-5,0.0,0.0,1.8877098E-7,2.4069754E-5,7.4740415E-6,0.0,1.5222152E-8,0.0,0.0,2.4246482E-8,1.9353202E-4,0.0,3.5293674E-4,0.0,1.46209295E-5,2.516112E-4
14.0,10.0,2.8591838E-5,0.0,2.5334362E-5,3.0092566E-5,0.0,0.0,5.569702E-10,1.7193674E-9,2.0646607E-4,4.7590443E-6,3.2100396E-9,1.8775701E-6,1.0760328E-4,4.473117E-5,0.0,2.8324579E-5,0.0,0.0,0.0,0.0,0.0,0.0,0.0,0.0,9.6335827E-4
14.0,20.0,1.8109535E-4,7.690067E-5,1.58956E-5,2.2647838E-4,0.0,0.0,1.4458675E-9,0.0,0.0010124377,2.689727E-5,1.620127E-6,0.0,3.0169403E-4,2.510798E-4,0.0,0.0,0.0,0.0,0.0,0.0,0.0,0.0,0.0,0.0,0.0018450957
14.0,30.0,0.001826387,4.4727954E-4,1.16836956E-4,0.0015699813,0.0,0.0,0.0,4.1349855E-4,0.0024518154,1.5611291E-10,7.3549622E-6,2.0605446E-4,3.310166E-4,6.455475E-4,1.0055276E-6,0.0,0.0,0.0,0.0,0.0,0.0,0.0,0.0,0.0,0.0030244999
14.0,40.0,0.0018725579,7.8287034E-4,1.1953614E-6,0.0020448312,1.3927708E-7,8.0507573E-10,4.09551E-9,8.4710534E-4,0.006933306,5.1083835E-4,3.0325135E-4,1.4197362E-5,1.2401001E-5,0.0022154616,3.130207E-4,0.0,0.0,0.0,0.0,0.0,0.0,0.0,0.0,0.0,0.0025270386
14.0,50.0,0.0031687792,0.009822332,7.313341E-5,0.0048698625,0.0011987374,0.0,0.0,0.0024875696,0.012502443,0.0037432401,0.004060781,4.2784077E-4,0.0,0.0063027083,9.80769E-4,0.0016887634,0.0,0.0,0.0,0.0,0.0,0.0,0.0,0.0,6.1963256E-5
14.0,60.0,0.0061524734,0.009855771,0.001422725,0.0049723107,0.0044484106,0.0,0.0,0.006206829,0.028945265,0.0048140534,0.0051617557,0.0013485401,2.53159E-4,0.007711528,9.1697235E-4,0.0020161683,0.0,0.0,0.0,0.0,0.0,0.0,0.0,0.0,0.0
14.0,70.0,6.804959E-4,8.309674E-4,5.31323E-5,4.685317E-4,3.1606722E-4,1.041352E-9,0.0,1.4359907E-4,0.0018106682,5.2842865E-4,1.5503606E-4,3.1982054E-4,0.0,4.5211118E-4,7.128204E-5,0.0012611748,0.0,0.0,0.0,0.0,0.0,0.0,0.0,0.0,0.0
14.0,80.0,4.3617265E-4,6.651975E-4,1.0353594E-4,4.9533846E-5,4.950702E-4,0.0,0.0,3.563113E-5,0.0016818603,1.4571886E-4,4.528321E-4,3.3702217E-5,0.0,0.0013018749,3.9790193E-5,3.7406353E-4,0.0,0.0,0.0,0.0,0.0,0.0,0.0,0.0,0.0
14.0,90.0,0.0035065457,0.005389859,0.0020264387,0.0034517956,0.0037086445,1.3489174E-8,0.0,9.1421185E-4,0.003747105,0.0012241352,0.0036044407,0.0010314055,0.0,0.005402235,1.4736464E-6,0.0,0.0,0.0,0.0,0.0,0.0,0.0,0.0,0.0,0.0
14.0,100.0,4.316716,10.539796,1.3944157,5.729439,10.602609,0.0013091926,0.03066779,2.6058543,6.693464,3.8613703,7.651439,1.4265106,0.0,4.924464,0.75951576,2.9997244,0.0,0.0,0.0,0.0,0.0,0.0,0.0,0.0,0.0
14.0,110.0,0.39969316,0.981334,0.12958646,0.55993503,1.0747894,2.345701E-5,0.009661548,0.26191935,0.6698852,0.42214146,0.8055148,0.16418941,0.0,0.46189532,0.058693055,0.28405026,0.0,0.0,0.0,0.0,0.0,0.0,0.0,0.0,0.0
14.0,120.0,0.0,0.0,0.0,0.0,0.0,0.0,0.0,0.0,0.0,0.0,0.0,0.0,0.0,0.0,0.0,0.0,0.0,0.0,0.0,0.0,0.0,0.0,0.0,0.0,0.0
14.0,130.0,0.0,0.0,0.0,0.0,0.0,0.0,0.0,0.0,0.0,0.0,0.0,0.0,0.0,0.0,0.0,0.0,0.0,0.0,0.0,0.0,0.0,0.0,0.0,0.0,0.0
14.0,140.0,0.0,0.0,0.0,0.0,0.0,0.0,0.0,0.0,0.0,0.0,0.0,0.0,0.0,0.0,0.0,0.0,0.0,0.0,0.0,0.0,0.0,0.0,0.0,0.0,0.0
14.0,150.0,0.0,0.0,0.0,0.0,0.0,0.0,0.0,0.0,0.0,0.0,0.0,0.0,0.0,0.0,0.0,0.0,0.0,0.0,0.0,0.0,0.0,0.0,0.0,0.0,0.0
14.0,160.0,0.0,0.0,0.0,0.0,0.0,0.0,0.0,0.0,0.0,0.0,0.0,0.0,0.0,0.0,0.0,0.0,0.0,0.0,0.0,0.0,0.0,0.0,0.0,0.0,0.0
15.0,0.0,0.0,5.7726997E-8,2.0173246E-5,1.1893766E-5,0.0,2.0727038E-12,1.1179045E-8,3.2235807E-8,1.0272042E-5,0.0,0.0,8.214556E-7,2.192099E-5,4.5085694E-6,0.0,0.0,0.0,0.0,1.9728153E-8,1.6103049E-4,0.0,3.0481335E-4,0.0,1.2785986E-5,2.3641935E-4
15.0,10.0,1.1543539E-4,0.0,1.5175444E-5,3.777505E-5,0.0,1.468781E-13,4.6167954E-9,0.0,1.03012426E-4,3.4433805E-7,1.6094612E-8,1.74324E-6,2.6352057E-4,1.8671937E-5,0.0,0.0,0.0,0.0,0.0,0.0,0.0,0.0,0.0,0.0,7.0824154E-4
15.0,20.0,3.2314143E-4,7.9827E-5,0.0,3.4152236E-4,0.0,0.0,0.0,3.3390465E-5,0.0012035803,1.5387619E-4,3.731322E-7,5.093618E-5,6.666921E-5,1.2996183E-4,3.6299545E-5,1.3763591E-4,0.0,0.0,0.0,0.0,0.0,0.0,0.0,0.0,0.001986707
15.0,30.0,7.790219E-4,2.9646938E-7,1.4475546E-5,0.0016763983,0.0,3.9322066E-12,3.3214074E-9,2.0357328E-4,0.003250804,2.8060895E-4,9.291179E-6,1.2865812E-4,2.752771E-4,5.8144116E-4,1.7751078E-9,0.0011565798,0.0,0.0,0.0,0.0,0.0,0.0,0.0,0.0,0.004353531
15.0,40.0,0.0040189736,0.001671193,4.1024236E-6,6.109394E-4,5.2375157E-7,0.0,0.0,0.0025538933,0.0027346304,2.968144E-6,9.322222E-5,6.756754E-4,1.1149641E-4,7.7214045E-4,7.306606E-5,0.0,0.0,0.0,0.0,0.0,0.0,0.0,0.0,0.0,0.0030933642
15.0,50.0,0.0025560476,0.0034119084,2.3286493E-5,0.0028864602,5.0461525E-4,2.779243E-7,0.0,0.0015481976,0.0073012235,0.0010014821,0.0012454017,1.2654951E-4,1.0831857E-4,0.0013017077,6.900863E-5,5.5742386E-4,0.0,0.0,0.0,0.0,0.0,0.0,0.0,0.0,4.372509E-6
15.0,60.0,0.006305063,0.01103819,4.2262382E-4,0.0042771585,0.0017602751,1.7895331E-8,0.0,0.0031112377,0.013371202,0.0022853108,0.00230261,0.0032728447,3.7986672E-5,0.0068911733,0.0030403181,4.4808854E-4,0.0,0.0,0.0,0.0,0.0,0.0,0.0,0.0,0.0
15.0,70.0,0.0048137633,0.012417327,0.0029466278,0.0077603343,0.003719278,0.0,0.0,0.00369566,0.012701913,0.005471059,0.0034281693,0.0030982275,2.2706231E-11,0.0033487913,5.943914E-4,0.03421434,0.0,0.0,0.0,0.0,0.0,0.0,0.0,0.0,0.0
15.0,80.0,2.3619049E-4,5.4437935E-4,2.9585103E-4,4.463851E-4,2.6735794E-4,0.0,0.0,3.0256112E-4,0.0011825453,6.344737E-5,2.9720645E-4,1.9171402E-4,0.0,5.2671303E-4,3.0862426E-5,0.0,0.0,0.0,0.0,0.0,0.0,0.0,0.0,0.0,0.0
15.0,90.0,0.0010538984,0.005064507,0.0,0.0017578988,0.0038657053,0.0,0.0,0.0018330917,0.0063547296,3.1761403E-4,0.0057008993,0.0028582748,0.0,0.003776495,0.001033553,0.0,0.0,0.0,0.0,0.0,0.0,0.0,0.0,0.0,0.0
15.0,100.0,2.8026905,7.091048,0.90771294,4.0595827,7.2461677,5.1450497E-4,0.030055191,1.8234718,3.8956554,2.7113197,5.021764,1.1042598,0.0,3.0276005,0.4577895,2.0185187,0.0,0.0,0.0,0.0,0.0,0.0,0.0,0.0,0.0
15.0,110.0,1.0690604,2.614729,0.38447177,1.6285247,2.906655,2.8926568E-4,0.011685298,0.7571593,1.4489765,0.94662654,1.9082646,0.40016532,0.0,1.2037542,0.18255863,0.75853235,0.0,0.0,0.0,0.0,0.0,0.0,0.0,0.0,0.0
15.0,120.0,0.0,0.0,0.0,0.0,0.0,0.0,0.0,0.0,0.0,0.0,0.0,0.0,0.0,0.0,0.0,0.0,0.0,0.0,0.0,0.0,0.0,0.0,0.0,0.0,0.0
15.0,130.0,0.0,0.0,0.0,0.0,0.0,0.0,0.0,0.0,0.0,0.0,0.0,0.0,0.0,0.0,0.0,0.0,0.0,0.0,0.0,0.0,0.0,0.0,0.0,0.0,0.0
15.0,140.0,0.0,0.0,0.0,0.0,0.0,0.0,0.0,0.0,0.0,0.0,0.0,0.0,0.0,0.0,0.0,0.0,0.0,0.0,0.0,0.0,0.0,0.0,0.0,0.0,0.0
15.0,150.0,0.0,0.0,0.0,0.0,0.0,0.0,0.0,0.0,0.0,0.0,0.0,0.0,0.0,0.0,0.0,0.0,0.0,0.0,0.0,0.0,0.0,0.0,0.0,0.0,0.0
15.0,160.0,0.0,0.0,0.0,0.0,0.0,0.0,0.0,0.0,0.0,0.0,0.0,0.0,0.0,0.0,0.0,0.0,0.0,0.0,0.0,0.0,0.0,0.0,0.0,0.0,0.0
16.0,0.0,0.0,8.190807E-8,1.2353176E-5,5.1095826E-6,0.0,5.247715E-13,1.0530927E-9,2.0572982E-7,1.5057643E-5,0.0,0.0,7.826717E-7,1.1940152E-5,4.920812E-6,0.0,1.7829363E-8,0.0,0.0,1.650835E-8,1.3956451E-4,0.0,2.7726105E-4,0.0,1.0602301E-5,1.9322611E-4
16.0,10.0,2.9854995E-5,8.798368E-7,3.551529E-5,6.4064335E-7,0.0,0.0,1.7977885E-9,2.3075774E-5,2.823396E-4,4.4344065E-6,7.3131226E-8,9.3098515E-7,1.7093416E-4,4.2403637E-5,0.0,4.353971E-5,0.0,0.0,0.0,0.0,0.0,0.0,0.0,0.0,7.049113E-4
16.0,20.0,3.990666E-4,1.4273719E-4,0.0,1.6521035E-4,0.0,7.899984E-12,5.9263067E-10,0.0,9.653327E-4,5.6829227E-5,2.0245398E-7,2.0598813E-5,2.7475826E-4,1.5465057E-4,1.357431E-5,4.740018E-5,0.0,0.0,0.0,0.0,0.0,0.0,0.0,0.0,0.0017312855
16.0,30.0,0.0010936732,5.175339E-4,1.3851803E-9,0.0010186573,0.0,0.0,0.0,1.5118551E-5,0.0028666197,1.5973585E-4,2.6973239E-5,3.9695334E-4,1.2451746E-4,7.852644E-4,1.3315793E-4,2.8717172E-4,0.0,0.0,0.0,0.0,0.0,0.0,0.0,0.0,0.0045724274
16.0,40.0,0.0017969589,0.0035778119,2.8145997E-4,0.003024577,2.864148E-6,0.0,0.0,4.7962705E-4,0.005626064,2.4937585E-4,2.8531856E-4,6.963191E-4,3.301927E-5,0.0014201531,2.3792061E-4,0.0,0.0,0.0,0.0,0.0,0.0,0.0,0.0,0.0,0.005557994
16.0,50.0,0.0023701326,0.0019786826,9.908167E-4,0.002651024,2.782173E-4,0.0,0.0,9.295943E-4,0.0021841184,9.390598E-4,5.096908E-4,7.904699E-5,0.0,0.0016315469,4.03933E-4,4.940384E-4,0.0,0.0,0.0,0.0,0.0,0.0,0.0,0.0,3.3364363E-4
16.0,60.0,0.005206069,0.0036301594,9.177337E-5,3.6775527E-4,9.125763E-4,5.3313612E-12,0.0,7.444406E-4,0.004571401,0.002271023,0.0020624998,2.7464172E-5,5.711841E-6,0.0050327815,3.1372544E-4,1.0666295E-4,0.0,0.0,0.0,0.0,0.0,0.0,0.0,0.0,0.0
16.0,70.0,0.0077594044,0.0141695915,7.5507385E-4,0.0086139925,0.007057535,0.0,0.0,0.0047936873,0.022784794,0.0020441583,0.004672986,0.0019585153,1.0616068E-6,0.007890679,8.353586E-4,0.0,0.0,0.0,0.0,0.0,0.0,0.0,0.0,0.0,0.0
16.0,80.0,0.0023249104,0.021571314,0.0012820144,0.007979484,0.0017932586,2.06049E-9,0.0,0.009173275,0.008446031,0.0010967752,0.008465799,0.0021033748,1.7794348E-5,0.0047346083,4.0395022E-4,0.0,0.0,0.0,0.0,0.0,0.0,0.0,0.0,0.0,0.0
16.0,90.0,5.910202E-5,0.0010032796,1.2108816E-4,0.0013790159,0.0037895984,0.0,0.0,2.4722025E-4,4.3348744E-4,5.032598E-4,0.0016609221,4.8643966E-7,0.0,3.9348123E-4,0.0,0.0,0.0,0.0,0.0,0.0,0.0,0.0,0.0,0.0,0.0
16.0,100.0,1.354355,3.429183,0.45941654,2.1033762,3.6859863,7.307906E-4,0.009145477,0.9622355,1.6948936,1.459792,2.1883466,0.49938592,0.0,1.4009328,0.24685962,0.8331186,0.0,0.0,0.0,0.0,0.0,0.0,0.0,0.0,0.0
16.0,110.0,2.1490107,4.7772264,0.66589075,3.0718355,5.4798417,4.7368396E-4,0.010554626,1.2308404,2.6138527,1.9252044,3.5339205,0.7709434,0.0,2.124725,0.37441525,1.4256123,0.0,0.0,0.0,0.0,0.0,0.0,0.0,0.0,0.0
16.0,120.0,0.0,0.0,0.0,0.0,0.0,0.0,0.0,0.0,0.0,0.0,0.0,0.0,0.0,0.0,0.0,0.0,0.0,0.0,0.0,0.0,0.0,0.0,0.0,0.0,0.0
16.0,130.0,0.0,0.0,0.0,0.0,0.0,0.0,0.0,0.0,0.0,0.0,0.0,0.0,0.0,0.0,0.0,0.0,0.0,0.0,0.0,0.0,0.0,0.0,0.0,0.0,0.0
16.0,140.0,0.0,0.0,0.0,0.0,0.0,0.0,0.0,0.0,0.0,0.0,0.0,0.0,0.0,0.0,0.0,0.0,0.0,0.0,0.0,0.0,0.0,0.0,0.0,0.0,0.0
16.0,150.0,0.0,0.0,0.0,0.0,0.0,0.0,0.0,0.0,0.0,0.0,0.0,0.0,0.0,0.0,0.0,0.0,0.0,0.0,0.0,0.0,0.0,0.0,0.0,0.0,0.0
16.0,160.0,0.0,0.0,0.0,0.0,0.0,0.0,0.0,0.0,0.0,0.0,0.0,0.0,0.0,0.0,0.0,0.0,0.0,0.0,0.0,0.0,0.0,0.0,0.0,0.0,0.0
17.0,0.0,0.0,1.0138053E-8,1.7247103E-6,3.573064E-6,0.0,4.1710515E-15,1.9908204E-9,3.5181785E-7,8.92237E-6,0.0,0.0,2.1995575E-8,9.624729E-6,7.10909E-7,0.0,2.7304094E-7,0.0,0.0,1.4318401E-8,1.1634244E-4,0.0,2.3277184E-4,0.0,9.573865E-6,9.9759614E-5
17.0,10.0,3.2684984E-6,0.0,1.7592056E-7,2.8612535E-6,0.0,0.0,0.0,0.0,7.6626175E-6,5.4127355E-8,2.3019677E-9,1.0440054E-8,2.607935E-5,0.0,0.0,0.0,0.0,0.0,0.0,0.0,0.0,0.0,0.0,0.0,1.6654846E-4
17.0,20.0,2.2073997E-4,2.7170631E-6,1.2131205E-4,1.7201947E-4,0.0,0.0,6.985454E-8,0.0,8.371221E-4,1.1587697E-4,2.5917325E-6,4.6218123E-5,3.367915E-4,1.9826341E-4,9.812075E-6,0.0,0.0,0.0,0.0,0.0,0.0,0.0,0.0,0.0,0.0017958378
17.0,30.0,0.0016002784,3.0511167E-4,1.0308586E-5,0.0012739392,0.0,1.7534407E-10,1.1392763E-6,8.668262E-5,0.002559782,1.278396E-4,1.5508924E-5,4.5301262E-4,1.3806736E-4,0.0013034072,2.743329E-4,0.0010752463,0.0,0.0,0.0,0.0,0.0,0.0,0.0,0.0,0.004769785
17.0,40.0,0.0015397702,0.0027018185,3.679399E-4,0.0028517144,0.0,0.0,0.0,1.8678114E-4,0.005770271,2.9161785E-4,1.5222756E-4,3.4750826E-4,3.9208448E-4,0.001999545,3.0302198E-4,7.0061366E-4,0.0,0.0,0.0,0.0,0.0,0.0,0.0,0.0,0.00509505
17.0,50.0,0.0022336373,0.0011605957,2.6016444E-4,0.0026528817,3.5148876E-4,0.0,0.0,0.001815899,0.0068493946,0.0011365301,0.0024455795,4.5513343E-6,5.15688E-4,0.0013644154,3.3402382E-4,1.7670299E-4,0.0,0.0,0.0,0.0,0.0,0.0,0.0,0.0,5.507177E-6
17.0,60.0,0.002677651,0.0028894942,0.0,0.0030114918,2.198934E-5,0.0,0.0,6.069342E-4,0.003849809,8.9770845E-5,3.05826E-4,3.28766E-4,0.0,9.5664966E-4,3.6556215E-5,1.419034E-4,0.0,0.0,0.0,0.0,0.0,0.0,0.0,0.0,0.0
17.0,70.0,0.0018312029,0.0063988687,0.0,0.0075519937,0.0040072063,3.2091434E-9,0.0,3.785965E-4,0.0046859276,0.0020306613,0.0025027175,3.2036336E-5,2.3418131E-6,0.004431639,1.271784E-4,0.0,0.0,0.0,0.0,0.0,0.0,0.0,0.0,0.0,0.0
17.0,80.0,0.01890277,0.019955894,0.0019712625,0.014096898,0.012245243,0.0,0.0,0.0059754853,0.010493353,0.011048526,0.0066160243,0.0021114706,0.0,0.010782432,4.491584E-4,0.0013957599,0.0,0.0,0.0,0.0,0.0,0.0,0.0,0.0,0.0
17.0,90.0,0.0011998324,0.0024699906,2.4439744E-6,9.833829E-4,0.0018580513,0.0,0.0,5.717185E-5,0.0037484025,5.8328383E-6,0.0013767348,9.650002E-4,0.0,0.0010794647,1.9882005E-4,0.0,0.0,0.0,0.0,0.0,0.0,0.0,0.0,0.0,0.0
17.0,100.0,0.46419194,1.0989422,0.14040041,0.77271384,1.2019248,3.4759173E-4,0.0020291829,0.31779453,0.7179453,0.46992058,0.69627327,0.16177334,0.0,0.5050397,0.087829664,0.30072403,0.0,0.0,0.0,0.0,0.0,0.0,0.0,0.0,0.0
17.0,110.0,2.458708,5.9045873,0.79952645,4.0624313,6.789923,7.759648E-4,0.013697602,1.564237,3.2357962,2.3362844,3.982459,0.84300804,0.0,2.4307766,0.4615194,1.7987404,0.0,0.0,0.0,0.0,0.0,0.0,0.0,0.0,0.0
17.0,120.0,0.0,0.0,0.0,0.0,0.0,0.0,0.0,0.0,0.0,0.0,0.0,0.0,0.0,0.0,0.0,0.0,0.0,0.0,0.0,0.0,0.0,0.0,0.0,0.0,0.0
17.0,130.0,0.0,0.0,0.0,0.0,0.0,0.0,0.0,0.0,0.0,0.0,0.0,0.0,0.0,0.0,0.0,0.0,0.0,0.0,0.0,0.0,0.0,0.0,0.0,0.0,0.0
17.0,140.0,0.0,0.0,0.0,0.0,0.0,0.0,0.0,0.0,0.0,0.0,0.0,0.0,0.0,0.0,0.0,0.0,0.0,0.0,0.0,0.0,0.0,0.0,0.0,0.0,0.0
17.0,150.0,0.0,0.0,0.0,0.0,0.0,0.0,0.0,0.0,0.0,0.0,0.0,0.0,0.0,0.0,0.0,0.0,0.0,0.0,0.0,0.0,0.0,0.0,0.0,0.0,0.0
17.0,160.0,0.0,0.0,0.0,0.0,0.0,0.0,0.0,0.0,0.0,0.0,0.0,0.0,0.0,0.0,0.0,0.0,0.0,0.0,0.0,0.0,0.0,0.0,0.0,0.0,0.0
18.0,0.0,3.270485E-6,4.317576E-9,1.103855E-6,4.5845695E-6,0.0,5.8987896E-14,2.9402515E-11,1.7836221E-8,1.2351456E-5,0.0,0.0,1.266271E-7,1.864906E-5,3.2059363E-6,0.0,8.363916E-8,0.0,0.0,1.1647751E-8,9.1453214E-5,0.0,1.8405392E-4,0.0,8.273099E-6,1.349777E-4
18.0,10.0,2.488942E-5,0.0,3.907568E-6,6.920429E-6,0.0,0.0,1.2116696E-8,0.0,6.669896E-5,1.980306E-6,1.9496136E-9,5.5365E-8,6.86734E-5,7.643537E-6,0.0,0.0,0.0,0.0,0.0,0.0,0.0,0.0,0.0,0.0,3.3895246E-4
18.0,20.0,0.0,0.0,0.0,0.0,0.0,0.0,0.0,0.0,2.8903445E-5,0.0,0.0,0.0,0.0,0.0,0.0,0.0,0.0,0.0,0.0,0.0,0.0,0.0,0.0,0.0,1.07764274E-4
18.0,30.0,0.0,0.0,0.0,0.0,0.0,0.0,0.0,0.0,0.0,0.0,0.0,0.0,0.0,0.0,0.0,0.0,0.0,0.0,0.0,0.0,0.0,0.0,0.0,0.0,0.0
18.0,40.0,0.0022108944,0.0014617492,1.4465132E-4,0.0021488285,1.9981322E-4,0.0,0.0,2.206242E-4,0.0026172,3.391487E-4,4.798879E-4,2.7412808E-4,4.630706E-4,0.0016121536,4.6995896E-4,0.0016952038,0.0,0.0,0.0,0.0,0.0,0.0,0.0,0.0,0.005197504
18.0,50.0,0.0054834657,0.003619952,4.7578217E-4,0.006468027,0.0010370623,0.0,0.0,0.0013528806,0.009136511,0.001993853,0.0017440468,2.670389E-4,0.0,0.0025969301,6.592603E-4,0.0031239449,0.0,0.0,0.0,0.0,0.0,0.0,0.0,0.0,1.7776669E-6
18.0,60.0,0.002576456,0.0032929722,1.4976389E-4,0.0059078434,4.7761347E-4,0.0,0.0,0.002280855,0.0043908786,7.2886655E-4,9.6270593E-4,2.7765633E-4,1.1198192E-5,0.0038151424,6.6413876E-4,0.0,0.0,0.0,0.0,0.0,0.0,0.0,0.0,0.0,0.0
18.0,70.0,0.0011422378,0.0073838145,2.520918E-4,8.9397613E-4,4.7205616E-5,0.0,0.0,0.0025276383,0.003255488,6.0426217E-4,0.0016708989,1.6232666E-4,9.695146E-6,0.0014681428,2.3909748E-4,0.0,0.0,0.0,0.0,0.0,0.0,0.0,0.0,0.0,0.0
18.0,80.0,0.0044258446,0.005152223,8.939901E-4,0.0044698673,0.0028517381,0.0,0.0,0.0029031076,0.0070012924,0.004718839,0.005876836,5.3401967E-4,0.0,0.0037870915,6.200121E-4,0.0,0.0,0.0,0.0,0.0,0.0,0.0,0.0,0.0,0.0
18.0,90.0,0.004286031,0.010741171,5.156155E-4,0.006463734,0.007881663,0.0,0.0,0.006700777,0.008953464,0.0047241743,0.010544538,0.0029812667,0.0,0.00629793,0.002107441,0.021260936,0.0,0.0,0.0,0.0,0.0,0.0,0.0,0.0,0.0
18.0,100.0,0.20953245,0.44280425,0.07105087,0.32965153,0.53550166,1.4084249E-4,7.9515495E-4,0.14035784,0.264677,0.18573575,0.29543892,0.070643455,0.0,0.2141084,0.037470307,0.20008129,0.0,0.0,0.0,0.0,0.0,0.0,0.0,0.0,0.0
18.0,110.0,2.346323,5.260214,0.79753894,4.0547194,6.587438,1.8700921E-4,0.0039273105,1.5091618,3.0148237,2.1668453,3.4489121,0.78768504,0.0,2.13788,0.35184407,1.3494352,0.0,0.0,0.0,0.0,0.0,0.0,0.0,0.0,0.0
18.0,120.0,0.0,0.0,0.0,0.0,0.0,0.0,0.0,0.0,0.0,0.0,0.0,0.0,0.0,0.0,0.0,0.0,0.0,0.0,0.0,0.0,0.0,0.0,0.0,0.0,0.0
18.0,130.0,0.0,0.0,0.0,0.0,0.0,0.0,0.0,0.0,0.0,0.0,0.0,0.0,0.0,0.0,0.0,0.0,0.0,0.0,0.0,0.0,0.0,0.0,0.0,0.0,0.0
18.0,140.0,0.0,0.0,0.0,0.0,0.0,0.0,0.0,0.0,0.0,0.0,0.0,0.0,0.0,0.0,0.0,0.0,0.0,0.0,0.0,0.0,0.0,0.0,0.0,0.0,0.0
18.0,150.0,0.0,0.0,0.0,0.0,0.0,0.0,0.0,0.0,0.0,0.0,0.0,0.0,0.0,0.0,0.0,0.0,0.0,0.0,0.0,0.0,0.0,0.0,0.0,0.0,0.0
18.0,160.0,0.0,0.0,0.0,0.0,0.0,0.0,0.0,0.0,0.0,0.0,0.0,0.0,0.0,0.0,0.0,0.0,0.0,0.0,0.0,0.0,0.0,0.0,0.0,0.0,0.0
19.0,0.0,3.1038714E-6,1.5318449E-7,1.617175E-5,1.0849046E-6,0.0,3.67061E-15,1.2654532E-9,1.24889E-7,1.7706257E-5,0.0,0.0,7.8316354E-8,7.7609E-6,2.9008634E-6,4.3702497E-7,0.0,0.0,0.0,1.0298583E-8,8.602396E-5,0.0,1.709895E-4,0.0,6.682245E-6,1.540293E-4
19.0,10.0,6.044719E-6,0.0,3.685655E-5,3.6758378E-5,0.0,0.0,2.8650355E-9,0.0,7.5484146E-5,8.022621E-7,6.9419253E-9,5.4250215E-8,1.3974143E-4,2.3928893E-5,0.0,0.0,0.0,0.0,0.0,0.0,0.0,0.0,0.0,0.0,3.0441917E-4
19.0,20.0,2.8758094E-4,1.8276218E-5,9.044681E-6,1.1598038E-4,0.0,0.0,1.5309936E-11,0.0,3.3564205E-4,1.5634283E-5,3.5263913E-8,0.0,1.1436122E-4,4.0782164E-5,0.0,0.0,0.0,0.0,0.0,0.0,0.0,0.0,0.0,0.0,6.292828E-4
19.0,30.0,2.6678728E-4,1.08295964E-4,5.307155E-8,7.729709E-4,0.0,0.0,1.2672069E-9,3.7114565E-11,0.0015651372,3.0590197E-6,4.333087E-6,0.0,2.4103226E-12,3.80432E-4,3.5056626E-6,0.0,0.0,0.0,0.0,0.0,0.0,0.0,0.0,0.0,0.001120864
19.0,40.0,8.45647E-5,1.4885234E-4,0.0,2.1338965E-4,0.0,0.0,0.0,4.3438315E-5,8.7713473E-4,6.665071E-5,1.2397201E-5,1.3663143E-5,2.135284E-5,4.4113698E-5,1.7188693E-5,0.0,0.0,0.0,0.0,0.0,0.0,0.0,0.0,0.0,7.0435513E-4
19.0,50.0,0.0024659203,0.0011804645,0.0,0.0016267867,2.2161106E-4,0.0,0.0,3.311134E-4,0.0039733103,5.088984E-4,0.0011610037,1.2410017E-4,0.0,0.0029760073,1.9008154E-4,0.0,0.0,0.0,0.0,0.0,0.0,0.0,0.0,0.0,0.0
19.0,60.0,0.004846681,0.009648847,8.061686E-4,0.004686571,6.6274294E-4,0.0,0.0,0.0039901705,0.012492073,0.0035655147,0.0030620282,0.0015375451,3.8581666E-7,0.0034310473,0.0012054222,0.0,0.0,0.0,0.0,0.0,0.0,0.0,0.0,0.0,0.0
19.0,70.0,0.0035046763,0.0024808422,7.866711E-4,0.004779893,0.003005585,0.0,0.0,0.0020475197,0.003967899,0.0019221104,0.0010676858,1.7828157E-4,0.0,0.0038260568,5.6123064E-4,0.0,0.0,0.0,0.0,0.0,0.0,0.0,0.0,0.0,0.0
19.0,80.0,7.34344E-4,0.0013663522,9.557397E-6,0.0010907281,5.084722E-4,0.0,0.0,1.4645862E-4,0.0013474838,4.0869115E-4,5.8622926E-4,6.753557E-4,0.0,5.9466325E-5,4.844943E-6,0.0,0.0,0.0,0.0,0.0,0.0,0.0,0.0,0.0,0.0
19.0,90.0,0.008747568,0.013422883,0.0025072081,0.01584487,0.013293675,4.1969322E-8,0.0,0.010531402,0.01566932,0.0059936256,0.0043937336,0.004742767,0.0,0.0104455855,0.0010257754,0.0013134516,0.0,0.0,0.0,0.0,0.0,0.0,0.0,0.0,0.0
19.0,100.0,0.1295705,0.27722043,0.044324305,0.2219333,0.34724772,5.1304883E-6,5.7281897E-5,0.080679655,0.18196021,0.094723925,0.15779184,0.035754796,0.0,0.13511051,0.019431889,0.083253965,0.0,0.0,0.0,0.0,0.0,0.0,0.0,0.0,0.0
19.0,110.0,2.0229824,4.383287,0.7107234,3.498955,5.879229,4.1023373E-5,0.008584492,1.3454797,2.6209033,1.5346539,2.6026912,0.5614455,0.0,2.0933766,0.30677462,1.3909235,0.0,0.0,0.0,0.0,0.0,0.0,0.0,0.0,0.0
19.0,120.0,0.0,0.0,0.0,0.0,0.0,0.0,0.0,0.0,0.0,0.0,0.0,0.0,0.0,0.0,0.0,0.0,0.0,0.0,0.0,0.0,0.0,0.0,0.0,0.0,0.0
19.0,130.0,0.0,0.0,0.0,0.0,0.0,0.0,0.0,0.0,0.0,0.0,0.0,0.0,0.0,0.0,0.0,0.0,0.0,0.0,0.0,0.0,0.0,0.0,0.0,0.0,0.0
19.0,140.0,0.0,0.0,0.0,0.0,0.0,0.0,0.0,0.0,0.0,0.0,0.0,0.0,0.0,0.0,0.0,0.0,0.0,0.0,0.0,0.0,0.0,0.0,0.0,0.0,0.0
19.0,150.0,0.0,0.0,0.0,0.0,0.0,0.0,0.0,0.0,0.0,0.0,0.0,0.0,0.0,0.0,0.0,0.0,0.0,0.0,0.0,0.0,0.0,0.0,0.0,0.0,0.0
19.0,160.0,0.0,0.0,0.0,0.0,0.0,0.0,0.0,0.0,0.0,0.0,0.0,0.0,0.0,0.0,0.0,0.0,0.0,0.0,0.0,0.0,0.0,0.0,0.0,0.0,0.0
20.0,0.0,0.0,1.2196506E-7,5.3654235E-6,1.3991475E-6,0.0,1.5381483E-15,9.684252E-10,7.799156E-9,1.1603576E-5,0.0,0.0,2.2123174E-8,1.1755312E-5,2.7921885E-6,0.0,2.0536409E-7,0.0,0.0,9.262081E-9,6.529575E-5,0.0,1.2564704E-4,0.0,6.363732E-6,7.4960044E-5
20.0,10.0,2.7265992E-7,0.0,2.5487188E-6,2.1792903E-5,0.0,0.0,1.0175775E-9,0.0,5.378897E-5,0.0,0.0,2.2519188E-7,1.5458769E-4,5.858028E-6,0.0,0.0,0.0,0.0,0.0,0.0,0.0,0.0,0.0,0.0,3.161595E-4
20.0,20.0,8.515455E-5,4.6804307E-6,8.782873E-6,1.1548292E-5,0.0,0.0,0.0,3.4847053E-6,2.7834345E-4,3.394515E-13,1.2464076E-6,0.0,1.6539969E-4,9.019628E-5,5.86212E-5,0.0,0.0,0.0,0.0,0.0,0.0,0.0,0.0,0.0,8.046505E-4
20.0,30.0,4.9730076E-4,2.3375365E-5,0.0,1.8293841E-4,0.0,0.0,0.0,3.684039E-5,0.0016966906,1.7960512E-7,1.5496087E-6,6.228675E-5,9.496818E-5,3.054235E-4,1.00435536E-4,4.926514E-5,0.0,0.0,0.0,0.0,0.0,0.0,0.0,0.0,0.0013751938
20.0,40.0,6.296255E-4,5.559697E-4,1.00505895E-4,0.0011178658,0.0,0.0,0.0,4.8408282E-4,0.0015691884,4.5033003E-4,6.963485E-5,1.4464526E-5,1.665432E-4,0.0013230095,3.1016322E-4,0.0,0.0,0.0,0.0,0.0,0.0,0.0,0.0,0.0,0.0021401243
20.0,50.0,0.0010143736,0.0011602885,8.1103135E-6,0.0014812931,1.3238896E-6,0.0,0.0,8.261006E-5,0.0012087659,3.8336107E-4,3.2800407E-4,6.9824855E-5,3.6204475E-4,8.8373845E-4,9.444628E-5,2.9730474E-5,0.0,0.0,0.0,0.0,0.0,0.0,0.0,0.0,2.226237E-5
20.0,60.0,0.0025644759,0.0012545642,4.179331E-5,0.004197303,3.3890945E-4,0.0,0.0,0.0012177387,0.0050643305,4.53175E-4,4.2794252E-4,8.879026E-4,0.0,4.330203E-4,4.5448198E-4,0.0,0.0,0.0,0.0,0.0,0.0,0.0,0.0,0.0,0.0
20.0,70.0,0.0048891683,0.011521873,4.5239425E-4,0.014701839,0.004541673,0.0,0.0,0.0022584288,0.00899392,0.0027664325,0.00413235,6.75767E-4,4.3196662E-4,0.0070332643,5.177802E-4,0.0022145135,0.0,0.0,0.0,0.0,0.0,0.0,0.0,0.0,0.0
20.0,80.0,0.004738217,0.004215435,5.0709124E-5,0.0058829803,0.0015216756,4.074607E-9,0.0,8.715582E-4,0.0032173418,4.690564E-4,0.0022950787,4.6095016E-4,0.0,0.0026503527,1.0400057E-4,0.0,0.0,0.0,0.0,0.0,0.0,0.0,0.0,0.0,0.0
20.0,90.0,0.0033768807,0.0062385197,2.8800778E-4,0.0054969955,0.003913625,0.0,0.0,0.0011741074,0.003911904,0.0013778767,8.0081285E-4,3.2788576E-4,0.0,0.002623392,0.0014760491,0.006350837,0.0,0.0,0.0,0.0,0.0,0.0,0.0,0.0,0.0
20.0,100.0,0.095183626,0.17261827,0.036721606,0.1526072,0.2356135,1.3964821E-4,2.5372088E-4,0.049891204,0.13356993,0.067385636,0.088159785,0.026365526,0.0,0.09602104,0.017425276,0.049690966,0.0,0.0,0.0,0.0,0.0,0.0,0.0,0.0,0.0
20.0,110.0,1.8705586,3.5164971,0.6376055,2.9902234,5.3374085,7.645901E-4,0.011911978,1.0301126,2.2389,1.2429324,1.9667821,0.48391458,0.0,1.7532297,0.31451154,1.3485353,0.0,0.0,0.0,0.0,0.0,0.0,0.0,0.0,0.0
20.0,120.0,0.0,0.0,0.0,0.0,0.0,0.0,0.0,0.0,0.0,0.0,0.0,0.0,0.0,0.0,0.0,0.0,0.0,0.0,0.0,0.0,0.0,0.0,0.0,0.0,0.0
20.0,130.0,0.0,0.0,0.0,0.0,0.0,0.0,0.0,0.0,0.0,0.0,0.0,0.0,0.0,0.0,0.0,0.0,0.0,0.0,0.0,0.0,0.0,0.0,0.0,0.0,0.0
20.0,140.0,0.0,0.0,0.0,0.0,0.0,0.0,0.0,0.0,0.0,0.0,0.0,0.0,0.0,0.0,0.0,0.0,0.0,0.0,0.0,0.0,0.0,0.0,0.0,0.0,0.0
20.0,150.0,0.0,0.0,0.0,0.0,0.0,0.0,0.0,0.0,0.0,0.0,0.0,0.0,0.0,0.0,0.0,0.0,0.0,0.0,0.0,0.0,0.0,0.0,0.0,0.0,0.0
20.0,160.0,0.0,0.0,0.0,0.0,0.0,0.0,0.0,0.0,0.0,0.0,0.0,0.0,0.0,0.0,0.0,0.0,0.0,0.0,0.0,0.0,0.0,0.0,0.0,0.0,0.0
