"Distribution of the biomass (tonne) of prey species (in columns) in the diet of SkateRays by Size class (cm). For class i, the preyed biomass in [i,i+1[ is reported."
"Time","Size","AtlanticHerring","AtlanticMackerel","BlackSeaBass","Scup","SpinyDogfish","StripedBass","Goosefish","WinterFlounder","Squids","Flounders","SkateRays","Hakes","Benthopelagics","MiscellaneousDemersals","ShallowDemersal","WhitePerch","AtlanticTomcod","Diazotrophs","LargePhytoplankton","LargeZooplankton","MediumPhytoplankton","MediumZooplankton","SmallPhytoplankton","SmallZooplankton","Benthos"
1.0,0.0,0.0068074,3.2237792E-9,0.0,0.0,0.0,0.0,0.0,0.0,0.003178613,0.0,0.0,1.6118895E-8,0.0,0.0,0.0,0.0,0.0,0.0,0.0,0.0,0.0,0.0,0.0,0.0,3.5994382
1.0,10.0,0.4966564,0.3792379,0.02029201,0.027879931,0.0,5.4902576E-9,3.1488598E-4,1.6989653,10.041724,0.14568624,1.1006115E-4,0.018098233,12.520945,0.2058645,2.3029904,0.0,0.0,0.0,0.0,0.0,0.0,0.0,0.0,0.0,75.97289
1.0,20.0,4.2279177,4.6143045,0.121992685,0.5727313,0.0,1.1028114E-6,0.0012328266,11.855649,93.987366,2.6732972,0.01036435,0.6029107,60.455185,5.712192,16.147345,0.0,0.0,0.0,0.0,0.0,0.0,0.0,0.0,0.0,297.47968
1.0,30.0,22.643715,7.9633737,0.2084124,1.0059726,0.0,0.0015635305,0.003741283,16.330183,160.92952,5.212775,0.075953804,0.7077092,90.412636,11.458545,25.010424,0.0,0.0,0.0,0.0,0.0,0.0,0.0,0.0,0.0,355.38242
1.0,40.0,60.2059,20.423853,0.40352392,2.8626316,0.20078343,0.10014056,0.027201977,27.5491,277.43396,10.741823,0.5759195,1.721688,145.45322,32.38535,48.667225,0.0,0.0,0.0,0.0,0.0,0.0,0.0,0.0,0.0,513.8
1.0,50.0,46.71694,30.249514,0.30684477,2.6758747,0.58599114,0.20773186,0.05039538,20.499569,202.23433,9.038427,0.7215882,1.5019891,102.36386,31.076046,39.585213,0.0,0.0,0.0,0.0,0.0,0.0,0.0,0.0,0.0,335.73923
1.0,60.0,0.0,0.0,0.0,0.0,0.0,0.0,0.0,0.0,0.0,0.0,0.0,0.0,0.0,0.0,0.0,0.0,0.0,0.0,0.0,0.0,0.0,0.0,0.0,0.0,0.0
1.0,70.0,0.0,0.0,0.0,0.0,0.0,0.0,0.0,0.0,0.0,0.0,0.0,0.0,0.0,0.0,0.0,0.0,0.0,0.0,0.0,0.0,0.0,0.0,0.0,0.0,0.0
1.0,80.0,0.0,0.0,0.0,0.0,0.0,0.0,0.0,0.0,0.0,0.0,0.0,0.0,0.0,0.0,0.0,0.0,0.0,0.0,0.0,0.0,0.0,0.0,0.0,0.0,0.0
1.0,90.0,0.0,0.0,0.0,0.0,0.0,0.0,0.0,0.0,0.0,0.0,0.0,0.0,0.0,0.0,0.0,0.0,0.0,0.0,0.0,0.0,0.0,0.0,0.0,0.0,0.0
1.0,100.0,0.0,0.0,0.0,0.0,0.0,0.0,0.0,0.0,0.0,0.0,0.0,0.0,0.0,0.0,0.0,0.0,0.0,0.0,0.0,0.0,0.0,0.0,0.0,0.0,0.0
1.0,110.0,0.0,0.0,0.0,0.0,0.0,0.0,0.0,0.0,0.0,0.0,0.0,0.0,0.0,0.0,0.0,0.0,0.0,0.0,0.0,0.0,0.0,0.0,0.0,0.0,0.0
1.0,120.0,0.0,0.0,0.0,0.0,0.0,0.0,0.0,0.0,0.0,0.0,0.0,0.0,0.0,0.0,0.0,0.0,0.0,0.0,0.0,0.0,0.0,0.0,0.0,0.0,0.0
1.0,130.0,0.0,0.0,0.0,0.0,0.0,0.0,0.0,0.0,0.0,0.0,0.0,0.0,0.0,0.0,0.0,0.0,0.0,0.0,0.0,0.0,0.0,0.0,0.0,0.0,0.0
1.0,140.0,0.0,0.0,0.0,0.0,0.0,0.0,0.0,0.0,0.0,0.0,0.0,0.0,0.0,0.0,0.0,0.0,0.0,0.0,0.0,0.0,0.0,0.0,0.0,0.0,0.0
1.0,150.0,0.0,0.0,0.0,0.0,0.0,0.0,0.0,0.0,0.0,0.0,0.0,0.0,0.0,0.0,0.0,0.0,0.0,0.0,0.0,0.0,0.0,0.0,0.0,0.0,0.0
1.0,160.0,0.0,0.0,0.0,0.0,0.0,0.0,0.0,0.0,0.0,0.0,0.0,0.0,0.0,0.0,0.0,0.0,0.0,0.0,0.0,0.0,0.0,0.0,0.0,0.0,0.0
2.0,0.0,0.0,0.0,0.0,0.0,0.0,0.0,0.0,0.0,0.0,0.0,0.0,0.0,0.0,0.0,0.0,0.0,0.0,0.0,0.0,0.0,0.0,0.0,0.0,0.0,0.0
2.0,10.0,0.10596705,0.071615845,0.007830841,0.025026206,0.0,5.4221548E-8,6.688318E-6,0.12942542,1.6754901,0.03788705,7.680953E-5,0.0020626076,3.4736202,1.6514071,0.5502918,0.0,0.0,0.0,0.0,0.0,0.0,0.0,0.0,0.0,22.157587
2.0,20.0,2.3960834,1.5003974,0.055746417,0.51812285,0.0,1.4015338E-6,3.4506863E-6,2.1127388,63.435272,2.3906868,0.003524487,0.6834897,27.174097,27.60125,11.295404,0.0,0.0,0.0,0.0,0.0,0.0,0.0,0.0,0.0,142.26144
2.0,30.0,14.100265,12.023677,0.4627954,1.8016478,0.0,6.307869E-6,2.3660716E-4,8.08287,229.06973,10.263466,0.021993872,2.4782615,92.982864,87.650314,32.075344,0.0,0.0,0.0,0.0,0.0,0.0,0.0,0.0,0.0,396.34512
2.0,40.0,27.791784,49.80875,0.6857104,2.5571592,0.2738516,4.6758337E-6,2.0599875E-4,15.863789,328.5853,24.60067,0.13867511,4.9571233,120.295006,128.24532,46.32472,0.0,0.0,0.0,0.0,0.0,0.0,0.0,0.0,0.0,498.57742
2.0,50.0,24.433134,50.54396,0.61314356,2.6480591,1.1195413,4.7814624E-6,2.1591352E-4,13.982395,273.50208,23.090044,0.41979817,4.1931357,105.19329,112.38765,40.34275,0.0,0.0,0.0,0.0,0.0,0.0,0.0,0.0,0.0,395.2432
2.0,60.0,0.0,0.0,0.0,0.0,0.0,0.0,0.0,0.0,0.0,0.0,0.0,0.0,0.0,0.0,0.0,0.0,0.0,0.0,0.0,0.0,0.0,0.0,0.0,0.0,0.0
2.0,70.0,0.0,0.0,0.0,0.0,0.0,0.0,0.0,0.0,0.0,0.0,0.0,0.0,0.0,0.0,0.0,0.0,0.0,0.0,0.0,0.0,0.0,0.0,0.0,0.0,0.0
2.0,80.0,0.0,0.0,0.0,0.0,0.0,0.0,0.0,0.0,0.0,0.0,0.0,0.0,0.0,0.0,0.0,0.0,0.0,0.0,0.0,0.0,0.0,0.0,0.0,0.0,0.0
2.0,90.0,0.0,0.0,0.0,0.0,0.0,0.0,0.0,0.0,0.0,0.0,0.0,0.0,0.0,0.0,0.0,0.0,0.0,0.0,0.0,0.0,0.0,0.0,0.0,0.0,0.0
2.0,100.0,0.0,0.0,0.0,0.0,0.0,0.0,0.0,0.0,0.0,0.0,0.0,0.0,0.0,0.0,0.0,0.0,0.0,0.0,0.0,0.0,0.0,0.0,0.0,0.0,0.0
2.0,110.0,0.0,0.0,0.0,0.0,0.0,0.0,0.0,0.0,0.0,0.0,0.0,0.0,0.0,0.0,0.0,0.0,0.0,0.0,0.0,0.0,0.0,0.0,0.0,0.0,0.0
2.0,120.0,0.0,0.0,0.0,0.0,0.0,0.0,0.0,0.0,0.0,0.0,0.0,0.0,0.0,0.0,0.0,0.0,0.0,0.0,0.0,0.0,0.0,0.0,0.0,0.0,0.0
2.0,130.0,0.0,0.0,0.0,0.0,0.0,0.0,0.0,0.0,0.0,0.0,0.0,0.0,0.0,0.0,0.0,0.0,0.0,0.0,0.0,0.0,0.0,0.0,0.0,0.0,0.0
2.0,140.0,0.0,0.0,0.0,0.0,0.0,0.0,0.0,0.0,0.0,0.0,0.0,0.0,0.0,0.0,0.0,0.0,0.0,0.0,0.0,0.0,0.0,0.0,0.0,0.0,0.0
2.0,150.0,0.0,0.0,0.0,0.0,0.0,0.0,0.0,0.0,0.0,0.0,0.0,0.0,0.0,0.0,0.0,0.0,0.0,0.0,0.0,0.0,0.0,0.0,0.0,0.0,0.0
2.0,160.0,0.0,0.0,0.0,0.0,0.0,0.0,0.0,0.0,0.0,0.0,0.0,0.0,0.0,0.0,0.0,0.0,0.0,0.0,0.0,0.0,0.0,0.0,0.0,0.0,0.0
3.0,0.0,0.0,0.0,0.0,0.0,0.0,0.0,0.0,0.0,0.0,0.0,0.0,0.0,0.0,0.0,0.0,0.0,0.0,0.0,0.0,0.0,0.0,0.0,0.0,0.0,0.0
3.0,10.0,0.63600874,0.060504705,0.016624434,0.03425898,0.0,2.2701631E-6,2.8987506E-6,0.046102017,3.935716,0.090200596,1.5301084E-4,0.012011738,2.620036,1.4267625,0.090147585,0.0,0.0,0.0,0.0,0.0,0.0,0.0,0.0,0.0,42.693733
3.0,20.0,0.27365154,0.060076114,0.012898204,0.020672405,0.0,1.3218407E-7,2.847856E-5,0.03715805,3.5623145,0.058020122,1.8732806E-4,0.019414254,0.8705088,0.9420419,0.1272376,0.0,0.0,0.0,0.0,0.0,0.0,0.0,0.0,0.0,12.260055
3.0,30.0,15.098452,10.758679,0.71435505,2.828549,0.0,6.57285E-5,2.6825978E-4,4.620648,198.69208,12.939371,0.048571657,1.7742436,32.836758,62.981655,16.898924,0.0,0.0,0.0,0.0,0.0,0.0,0.0,0.0,0.0,398.57535
3.0,40.0,28.104809,55.38048,1.2150646,4.4137387,0.24237868,3.9756604E-4,6.9531554E-4,14.767067,340.944,37.26169,0.106110975,5.410758,58.695137,102.7162,26.472801,0.0,0.0,0.0,0.0,0.0,0.0,0.0,0.0,0.0,623.4276
3.0,50.0,29.563925,82.34663,1.5066679,4.305903,1.1632507,2.1009993E-4,0.0011074456,16.301352,343.5507,41.371025,0.12257096,6.016402,62.283024,108.01886,25.568825,0.0,0.0,0.0,0.0,0.0,0.0,0.0,0.0,0.0,589.78015
3.0,60.0,0.0,0.0,0.0,0.0,0.0,0.0,0.0,0.0,0.0,0.0,0.0,0.0,0.0,0.0,0.0,0.0,0.0,0.0,0.0,0.0,0.0,0.0,0.0,0.0,0.0
3.0,70.0,0.0,0.0,0.0,0.0,0.0,0.0,0.0,0.0,0.0,0.0,0.0,0.0,0.0,0.0,0.0,0.0,0.0,0.0,0.0,0.0,0.0,0.0,0.0,0.0,0.0
3.0,80.0,0.0,0.0,0.0,0.0,0.0,0.0,0.0,0.0,0.0,0.0,0.0,0.0,0.0,0.0,0.0,0.0,0.0,0.0,0.0,0.0,0.0,0.0,0.0,0.0,0.0
3.0,90.0,0.0,0.0,0.0,0.0,0.0,0.0,0.0,0.0,0.0,0.0,0.0,0.0,0.0,0.0,0.0,0.0,0.0,0.0,0.0,0.0,0.0,0.0,0.0,0.0,0.0
3.0,100.0,0.0,0.0,0.0,0.0,0.0,0.0,0.0,0.0,0.0,0.0,0.0,0.0,0.0,0.0,0.0,0.0,0.0,0.0,0.0,0.0,0.0,0.0,0.0,0.0,0.0
3.0,110.0,0.0,0.0,0.0,0.0,0.0,0.0,0.0,0.0,0.0,0.0,0.0,0.0,0.0,0.0,0.0,0.0,0.0,0.0,0.0,0.0,0.0,0.0,0.0,0.0,0.0
3.0,120.0,0.0,0.0,0.0,0.0,0.0,0.0,0.0,0.0,0.0,0.0,0.0,0.0,0.0,0.0,0.0,0.0,0.0,0.0,0.0,0.0,0.0,0.0,0.0,0.0,0.0
3.0,130.0,0.0,0.0,0.0,0.0,0.0,0.0,0.0,0.0,0.0,0.0,0.0,0.0,0.0,0.0,0.0,0.0,0.0,0.0,0.0,0.0,0.0,0.0,0.0,0.0,0.0
3.0,140.0,0.0,0.0,0.0,0.0,0.0,0.0,0.0,0.0,0.0,0.0,0.0,0.0,0.0,0.0,0.0,0.0,0.0,0.0,0.0,0.0,0.0,0.0,0.0,0.0,0.0
3.0,150.0,0.0,0.0,0.0,0.0,0.0,0.0,0.0,0.0,0.0,0.0,0.0,0.0,0.0,0.0,0.0,0.0,0.0,0.0,0.0,0.0,0.0,0.0,0.0,0.0,0.0
3.0,160.0,0.0,0.0,0.0,0.0,0.0,0.0,0.0,0.0,0.0,0.0,0.0,0.0,0.0,0.0,0.0,0.0,0.0,0.0,0.0,0.0,0.0,0.0,0.0,0.0,0.0
4.0,0.0,0.0,0.0,0.0,0.0,0.0,0.0,0.0,0.0,0.0,0.0,0.0,0.0,0.0,0.0,0.0,0.0,0.0,0.0,0.0,0.0,0.0,0.0,0.0,0.0,0.0
4.0,10.0,0.6493079,0.049989045,0.029753175,0.11399218,0.0,1.0005639E-6,5.8625865E-5,0.031048147,5.2855487,0.02464204,2.2824135E-4,0.032001343,2.3312705,0.774947,0.01769127,0.0,0.0,0.0,0.0,0.0,0.0,0.0,0.0,0.0,56.37754
4.0,20.0,0.41667306,0.07786131,0.018698737,0.12908845,0.0,1.874094E-6,2.322044E-5,0.05083408,5.670238,0.07170048,3.934159E-4,0.06940361,1.2754757,0.87767273,0.04632853,0.0,0.0,0.0,0.0,0.0,0.0,0.0,0.0,0.0,21.931206
4.0,30.0,2.8961883,2.531349,0.1260078,0.27377543,0.0,4.1201685E-7,3.1842128E-4,0.79388624,35.39914,0.93888855,0.005967796,0.28381383,2.0771692,5.4801226,0.93686354,0.0,0.0,0.0,0.0,0.0,0.0,0.0,0.0,0.0,64.05557
4.0,40.0,32.419968,61.133842,2.1604335,10.008828,0.24466577,4.1871757E-4,0.009854276,15.335186,338.00534,36.947823,0.20347753,10.080337,54.600666,61.773754,16.91058,0.0,0.0,0.0,0.0,0.0,0.0,0.0,0.0,0.0,799.1707
4.0,50.0,34.892437,96.66142,2.510647,10.6916065,1.5505074,6.198385E-4,0.009693332,18.015867,361.2995,53.36666,0.23507914,11.78781,62.2485,66.45933,16.779074,0.0,0.0,0.0,0.0,0.0,0.0,0.0,0.0,0.0,763.8877
4.0,60.0,0.0,0.0,0.0,0.0,0.0,0.0,0.0,0.0,0.0,0.0,0.0,0.0,0.0,0.0,0.0,0.0,0.0,0.0,0.0,0.0,0.0,0.0,0.0,0.0,0.0
4.0,70.0,0.0,0.0,0.0,0.0,0.0,0.0,0.0,0.0,0.0,0.0,0.0,0.0,0.0,0.0,0.0,0.0,0.0,0.0,0.0,0.0,0.0,0.0,0.0,0.0,0.0
4.0,80.0,0.0,0.0,0.0,0.0,0.0,0.0,0.0,0.0,0.0,0.0,0.0,0.0,0.0,0.0,0.0,0.0,0.0,0.0,0.0,0.0,0.0,0.0,0.0,0.0,0.0
4.0,90.0,0.0,0.0,0.0,0.0,0.0,0.0,0.0,0.0,0.0,0.0,0.0,0.0,0.0,0.0,0.0,0.0,0.0,0.0,0.0,0.0,0.0,0.0,0.0,0.0,0.0
4.0,100.0,0.0,0.0,0.0,0.0,0.0,0.0,0.0,0.0,0.0,0.0,0.0,0.0,0.0,0.0,0.0,0.0,0.0,0.0,0.0,0.0,0.0,0.0,0.0,0.0,0.0
4.0,110.0,0.0,0.0,0.0,0.0,0.0,0.0,0.0,0.0,0.0,0.0,0.0,0.0,0.0,0.0,0.0,0.0,0.0,0.0,0.0,0.0,0.0,0.0,0.0,0.0,0.0
4.0,120.0,0.0,0.0,0.0,0.0,0.0,0.0,0.0,0.0,0.0,0.0,0.0,0.0,0.0,0.0,0.0,0.0,0.0,0.0,0.0,0.0,0.0,0.0,0.0,0.0,0.0
4.0,130.0,0.0,0.0,0.0,0.0,0.0,0.0,0.0,0.0,0.0,0.0,0.0,0.0,0.0,0.0,0.0,0.0,0.0,0.0,0.0,0.0,0.0,0.0,0.0,0.0,0.0
4.0,140.0,0.0,0.0,0.0,0.0,0.0,0.0,0.0,0.0,0.0,0.0,0.0,0.0,0.0,0.0,0.0,0.0,0.0,0.0,0.0,0.0,0.0,0.0,0.0,0.0,0.0
4.0,150.0,0.0,0.0,0.0,0.0,0.0,0.0,0.0,0.0,0.0,0.0,0.0,0.0,0.0,0.0,0.0,0.0,0.0,0.0,0.0,0.0,0.0,0.0,0.0,0.0,0.0
4.0,160.0,0.0,0.0,0.0,0.0,0.0,0.0,0.0,0.0,0.0,0.0,0.0,0.0,0.0,0.0,0.0,0.0,0.0,0.0,0.0,0.0,0.0,0.0,0.0,0.0,0.0
5.0,0.0,0.0,0.0,0.0,0.0,0.0,0.0,0.0,0.0,0.0,0.0,0.0,0.0,0.0,0.0,0.0,0.0,0.0,0.0,0.0,0.0,0.0,0.0,0.0,0.0,0.0
5.0,10.0,0.29842713,0.15118565,0.10543176,0.45254213,0.0,7.1842993E-7,1.109931E-4,0.01698318,5.7236805,0.059823412,1.984996E-4,0.006746148,4.332913,0.9245151,0.17577115,0.0,0.0,0.0,0.0,0.0,0.0,0.0,0.0,0.0,63.849655
5.0,20.0,0.63735294,0.41036588,0.09677628,0.6052089,0.0,1.4740086E-6,3.461294E-4,0.052754607,9.279206,0.2013038,9.3041983E-4,0.20520413,4.013176,1.1752114,0.18076228,0.0,0.0,0.0,0.0,0.0,0.0,0.0,0.0,0.0,41.400986
5.0,30.0,0.17438847,0.16246587,0.030193273,0.10441733,0.0,8.1714086E-7,3.7917285E-4,0.03863413,2.4324198,0.10494075,6.700789E-4,0.11961363,0.7458255,0.44449472,0.0854748,0.0,0.0,0.0,0.0,0.0,0.0,0.0,0.0,0.0,7.51125
5.0,40.0,20.140007,56.569294,3.2878423,14.525509,0.35798496,4.9594924E-4,0.032253645,12.73597,221.89043,33.63894,0.21534845,13.980659,66.72223,41.21283,8.390757,0.0,0.0,0.0,0.0,0.0,0.0,0.0,0.0,0.0,555.25885
5.0,50.0,35.57364,111.60185,5.519213,22.889332,1.847617,0.001140885,0.04276697,19.8009,345.87503,61.224907,0.373498,24.085274,103.952324,65.00257,14.6176405,0.0,0.0,0.0,0.0,0.0,0.0,0.0,0.0,0.0,818.7624
5.0,60.0,0.0,0.0,0.0,0.0,0.0,0.0,0.0,0.0,0.0,0.0,0.0,0.0,0.0,0.0,0.0,0.0,0.0,0.0,0.0,0.0,0.0,0.0,0.0,0.0,0.0
5.0,70.0,0.0,0.0,0.0,0.0,0.0,0.0,0.0,0.0,0.0,0.0,0.0,0.0,0.0,0.0,0.0,0.0,0.0,0.0,0.0,0.0,0.0,0.0,0.0,0.0,0.0
5.0,80.0,0.0,0.0,0.0,0.0,0.0,0.0,0.0,0.0,0.0,0.0,0.0,0.0,0.0,0.0,0.0,0.0,0.0,0.0,0.0,0.0,0.0,0.0,0.0,0.0,0.0
5.0,90.0,0.0,0.0,0.0,0.0,0.0,0.0,0.0,0.0,0.0,0.0,0.0,0.0,0.0,0.0,0.0,0.0,0.0,0.0,0.0,0.0,0.0,0.0,0.0,0.0,0.0
5.0,100.0,0.0,0.0,0.0,0.0,0.0,0.0,0.0,0.0,0.0,0.0,0.0,0.0,0.0,0.0,0.0,0.0,0.0,0.0,0.0,0.0,0.0,0.0,0.0,0.0,0.0
5.0,110.0,0.0,0.0,0.0,0.0,0.0,0.0,0.0,0.0,0.0,0.0,0.0,0.0,0.0,0.0,0.0,0.0,0.0,0.0,0.0,0.0,0.0,0.0,0.0,0.0,0.0
5.0,120.0,0.0,0.0,0.0,0.0,0.0,0.0,0.0,0.0,0.0,0.0,0.0,0.0,0.0,0.0,0.0,0.0,0.0,0.0,0.0,0.0,0.0,0.0,0.0,0.0,0.0
5.0,130.0,0.0,0.0,0.0,0.0,0.0,0.0,0.0,0.0,0.0,0.0,0.0,0.0,0.0,0.0,0.0,0.0,0.0,0.0,0.0,0.0,0.0,0.0,0.0,0.0,0.0
5.0,140.0,0.0,0.0,0.0,0.0,0.0,0.0,0.0,0.0,0.0,0.0,0.0,0.0,0.0,0.0,0.0,0.0,0.0,0.0,0.0,0.0,0.0,0.0,0.0,0.0,0.0
5.0,150.0,0.0,0.0,0.0,0.0,0.0,0.0,0.0,0.0,0.0,0.0,0.0,0.0,0.0,0.0,0.0,0.0,0.0,0.0,0.0,0.0,0.0,0.0,0.0,0.0,0.0
5.0,160.0,0.0,0.0,0.0,0.0,0.0,0.0,0.0,0.0,0.0,0.0,0.0,0.0,0.0,0.0,0.0,0.0,0.0,0.0,0.0,0.0,0.0,0.0,0.0,0.0,0.0
6.0,0.0,0.0,0.0,0.0,0.0,0.0,0.0,0.0,0.0,0.0,0.0,0.0,0.0,0.0,0.0,0.0,0.0,0.0,0.0,0.0,0.0,0.0,0.0,0.0,0.0,0.0
6.0,10.0,0.4707194,0.09688964,0.16255118,0.68713826,0.0,8.5343294E-7,1.3100171E-4,0.0010029786,4.239358,0.18929695,1.3771607E-4,0.023689505,4.7053595,1.289108,0.1554637,0.0,0.0,0.0,0.0,0.0,0.0,0.0,0.0,0.0,60.68788
6.0,20.0,1.3267055,0.61150503,0.2436955,1.7925928,0.0,2.869386E-6,4.960877E-4,0.0051381662,13.643776,1.0533444,0.0012382505,0.08508557,7.5290327,2.7349973,0.3704736,0.0,0.0,0.0,0.0,0.0,0.0,0.0,0.0,0.0,67.83644
6.0,30.0,0.785811,0.5057971,0.12788904,0.8865285,0.0,1.9105585E-6,1.9526997E-4,0.037424244,7.3154597,0.78113616,0.0023451645,0.109197214,2.6695719,1.7309191,0.26491845,0.0,0.0,0.0,0.0,0.0,0.0,0.0,0.0,0.0,21.96809
6.0,40.0,6.3115754,13.362681,0.5586723,3.040154,0.13399796,3.6863865E-5,0.01429198,2.413555,54.104298,13.347902,0.054220144,3.1153288,12.242548,11.786981,2.6670444,0.0,0.0,0.0,0.0,0.0,0.0,0.0,0.0,0.0,116.47902
6.0,50.0,48.726753,176.2272,11.180407,52.57358,2.2713153,0.0012301407,0.11103703,20.907179,403.60712,102.34339,0.6075018,19.536861,152.99046,99.05521,25.8184,0.0,0.0,0.0,0.0,0.0,0.0,0.0,0.0,0.0,1001.02454
6.0,60.0,0.0,0.0,0.0,0.0,0.0,0.0,0.0,0.0,0.0,0.0,0.0,0.0,0.0,0.0,0.0,0.0,0.0,0.0,0.0,0.0,0.0,0.0,0.0,0.0,0.0
6.0,70.0,0.0,0.0,0.0,0.0,0.0,0.0,0.0,0.0,0.0,0.0,0.0,0.0,0.0,0.0,0.0,0.0,0.0,0.0,0.0,0.0,0.0,0.0,0.0,0.0,0.0
6.0,80.0,0.0,0.0,0.0,0.0,0.0,0.0,0.0,0.0,0.0,0.0,0.0,0.0,0.0,0.0,0.0,0.0,0.0,0.0,0.0,0.0,0.0,0.0,0.0,0.0,0.0
6.0,90.0,0.0,0.0,0.0,0.0,0.0,0.0,0.0,0.0,0.0,0.0,0.0,0.0,0.0,0.0,0.0,0.0,0.0,0.0,0.0,0.0,0.0,0.0,0.0,0.0,0.0
6.0,100.0,0.0,0.0,0.0,0.0,0.0,0.0,0.0,0.0,0.0,0.0,0.0,0.0,0.0,0.0,0.0,0.0,0.0,0.0,0.0,0.0,0.0,0.0,0.0,0.0,0.0
6.0,110.0,0.0,0.0,0.0,0.0,0.0,0.0,0.0,0.0,0.0,0.0,0.0,0.0,0.0,0.0,0.0,0.0,0.0,0.0,0.0,0.0,0.0,0.0,0.0,0.0,0.0
6.0,120.0,0.0,0.0,0.0,0.0,0.0,0.0,0.0,0.0,0.0,0.0,0.0,0.0,0.0,0.0,0.0,0.0,0.0,0.0,0.0,0.0,0.0,0.0,0.0,0.0,0.0
6.0,130.0,0.0,0.0,0.0,0.0,0.0,0.0,0.0,0.0,0.0,0.0,0.0,0.0,0.0,0.0,0.0,0.0,0.0,0.0,0.0,0.0,0.0,0.0,0.0,0.0,0.0
6.0,140.0,0.0,0.0,0.0,0.0,0.0,0.0,0.0,0.0,0.0,0.0,0.0,0.0,0.0,0.0,0.0,0.0,0.0,0.0,0.0,0.0,0.0,0.0,0.0,0.0,0.0
6.0,150.0,0.0,0.0,0.0,0.0,0.0,0.0,0.0,0.0,0.0,0.0,0.0,0.0,0.0,0.0,0.0,0.0,0.0,0.0,0.0,0.0,0.0,0.0,0.0,0.0,0.0
6.0,160.0,0.0,0.0,0.0,0.0,0.0,0.0,0.0,0.0,0.0,0.0,0.0,0.0,0.0,0.0,0.0,0.0,0.0,0.0,0.0,0.0,0.0,0.0,0.0,0.0,0.0
7.0,0.0,0.0,0.0,0.0,0.0,0.0,0.0,0.0,0.0,0.0,0.0,0.0,0.0,0.0,0.0,0.0,0.0,0.0,0.0,0.0,0.0,0.0,0.0,0.0,0.0,0.0
7.0,10.0,0.79456264,0.12063896,0.21277393,0.55629975,0.0,1.6257664E-7,8.3275045E-5,0.001774965,3.9238825,0.045102157,1.2137354E-4,0.036620803,3.8631787,1.1825018,0.087950364,0.0,0.0,0.0,0.0,0.0,0.0,0.0,0.0,0.0,56.293232
7.0,20.0,2.0599654,0.85365164,0.50845087,2.7866793,0.0,2.6165646E-6,4.7305992E-4,0.00900688,19.102507,0.45615873,0.0021223577,0.3530847,8.010991,3.583051,0.30121237,0.0,0.0,0.0,0.0,0.0,0.0,0.0,0.0,0.0,91.169136
7.0,30.0,2.346182,1.4427763,0.43919516,2.7450907,0.0,3.1222994E-6,0.0030950487,0.027883168,19.839949,1.0146599,0.0059109367,0.57771873,5.9318867,3.736985,0.60840636,0.0,0.0,0.0,0.0,0.0,0.0,0.0,0.0,0.0,55.662163
7.0,40.0,0.48001263,0.47950044,0.14160144,0.42502472,6.430153E-4,6.915454E-7,3.268455E-4,0.08273064,3.3563104,0.5114686,0.0022935262,0.0923713,1.2190825,0.7942475,0.15892862,0.0,0.0,0.0,0.0,0.0,0.0,0.0,0.0,0.0,8.390718
7.0,50.0,50.43154,180.39694,13.972749,62.125767,2.6044493,3.3014198E-4,0.09622345,12.050219,444.5045,96.13661,0.85057807,18.100622,118.318665,91.87867,23.41527,0.0,0.0,0.0,0.0,0.0,0.0,0.0,0.0,0.0,920.5591
7.0,60.0,0.05790762,0.22270234,0.017296165,0.11278607,0.0029581732,0.0,3.6264653E-5,0.017467193,0.54052204,0.09751075,0.0010814952,0.026516818,0.19394714,0.13256222,0.022591714,0.0,0.0,0.0,0.0,0.0,0.0,0.0,0.0,0.0,1.152427
7.0,70.0,0.0,0.0,0.0,0.0,0.0,0.0,0.0,0.0,0.0,0.0,0.0,0.0,0.0,0.0,0.0,0.0,0.0,0.0,0.0,0.0,0.0,0.0,0.0,0.0,0.0
7.0,80.0,0.0,0.0,0.0,0.0,0.0,0.0,0.0,0.0,0.0,0.0,0.0,0.0,0.0,0.0,0.0,0.0,0.0,0.0,0.0,0.0,0.0,0.0,0.0,0.0,0.0
7.0,90.0,0.0,0.0,0.0,0.0,0.0,0.0,0.0,0.0,0.0,0.0,0.0,0.0,0.0,0.0,0.0,0.0,0.0,0.0,0.0,0.0,0.0,0.0,0.0,0.0,0.0
7.0,100.0,0.0,0.0,0.0,0.0,0.0,0.0,0.0,0.0,0.0,0.0,0.0,0.0,0.0,0.0,0.0,0.0,0.0,0.0,0.0,0.0,0.0,0.0,0.0,0.0,0.0
7.0,110.0,0.0,0.0,0.0,0.0,0.0,0.0,0.0,0.0,0.0,0.0,0.0,0.0,0.0,0.0,0.0,0.0,0.0,0.0,0.0,0.0,0.0,0.0,0.0,0.0,0.0
7.0,120.0,0.0,0.0,0.0,0.0,0.0,0.0,0.0,0.0,0.0,0.0,0.0,0.0,0.0,0.0,0.0,0.0,0.0,0.0,0.0,0.0,0.0,0.0,0.0,0.0,0.0
7.0,130.0,0.0,0.0,0.0,0.0,0.0,0.0,0.0,0.0,0.0,0.0,0.0,0.0,0.0,0.0,0.0,0.0,0.0,0.0,0.0,0.0,0.0,0.0,0.0,0.0,0.0
7.0,140.0,0.0,0.0,0.0,0.0,0.0,0.0,0.0,0.0,0.0,0.0,0.0,0.0,0.0,0.0,0.0,0.0,0.0,0.0,0.0,0.0,0.0,0.0,0.0,0.0,0.0
7.0,150.0,0.0,0.0,0.0,0.0,0.0,0.0,0.0,0.0,0.0,0.0,0.0,0.0,0.0,0.0,0.0,0.0,0.0,0.0,0.0,0.0,0.0,0.0,0.0,0.0,0.0
7.0,160.0,0.0,0.0,0.0,0.0,0.0,0.0,0.0,0.0,0.0,0.0,0.0,0.0,0.0,0.0,0.0,0.0,0.0,0.0,0.0,0.0,0.0,0.0,0.0,0.0,0.0
8.0,0.0,0.0,0.0,0.0,0.0,0.0,0.0,0.0,0.0,0.0,0.0,0.0,0.0,0.0,0.0,0.0,0.0,0.0,0.0,0.0,0.0,0.0,0.0,0.0,0.0,0.0
8.0,10.0,0.80428773,0.13840185,0.30356812,0.763365,0.0,1.7064255E-7,6.977746E-5,0.028365538,4.590908,0.06865295,1.2601395E-4,0.012429474,2.478881,0.80782074,0.15446746,0.0,0.0,0.0,0.0,0.0,0.0,0.0,0.0,0.0,56.451393
8.0,20.0,2.4336088,1.2130454,0.7421969,2.9699502,0.0,3.820661E-6,3.093757E-4,0.1298883,22.131168,0.5888348,0.0019113624,0.44609895,5.909295,2.9298337,0.39987475,0.0,0.0,0.0,0.0,0.0,0.0,0.0,0.0,0.0,92.98814
8.0,30.0,3.5662212,2.6080437,0.85780025,5.313432,0.0,8.395839E-6,2.1691683E-4,0.17141008,33.486275,1.7757676,0.010008987,1.296487,6.178819,5.173127,0.85037965,0.0,0.0,0.0,0.0,0.0,0.0,0.0,0.0,0.0,90.29727
8.0,40.0,1.7170714,2.6974063,0.46440244,2.3614697,0.001228599,1.1381506E-5,2.0824245E-4,0.25181627,11.945139,1.8127497,0.010432045,0.91627485,2.6356835,2.6676316,0.43044078,0.0,0.0,0.0,0.0,0.0,0.0,0.0,0.0,0.0,30.830418
8.0,50.0,41.13035,132.38051,10.9672985,62.537518,2.168087,3.6258783E-4,0.20856541,8.624732,328.76706,67.777016,0.6652315,21.904814,57.243713,58.988823,15.378324,0.0,0.0,0.0,0.0,0.0,0.0,0.0,0.0,0.0,685.87683
8.0,60.0,7.6685,24.853771,2.583218,11.798791,0.45738754,9.3295974E-5,0.01854272,1.4672071,55.83837,12.515371,0.14011866,3.5614014,12.278649,11.604153,2.226311,0.0,0.0,0.0,0.0,0.0,0.0,0.0,0.0,0.0,119.77329
8.0,70.0,0.0,0.0,0.0,0.0,0.0,0.0,0.0,0.0,0.0,0.0,0.0,0.0,0.0,0.0,0.0,0.0,0.0,0.0,0.0,0.0,0.0,0.0,0.0,0.0,0.0
8.0,80.0,0.0,0.0,0.0,0.0,0.0,0.0,0.0,0.0,0.0,0.0,0.0,0.0,0.0,0.0,0.0,0.0,0.0,0.0,0.0,0.0,0.0,0.0,0.0,0.0,0.0
8.0,90.0,0.0,0.0,0.0,0.0,0.0,0.0,0.0,0.0,0.0,0.0,0.0,0.0,0.0,0.0,0.0,0.0,0.0,0.0,0.0,0.0,0.0,0.0,0.0,0.0,0.0
8.0,100.0,0.0,0.0,0.0,0.0,0.0,0.0,0.0,0.0,0.0,0.0,0.0,0.0,0.0,0.0,0.0,0.0,0.0,0.0,0.0,0.0,0.0,0.0,0.0,0.0,0.0
8.0,110.0,0.0,0.0,0.0,0.0,0.0,0.0,0.0,0.0,0.0,0.0,0.0,0.0,0.0,0.0,0.0,0.0,0.0,0.0,0.0,0.0,0.0,0.0,0.0,0.0,0.0
8.0,120.0,0.0,0.0,0.0,0.0,0.0,0.0,0.0,0.0,0.0,0.0,0.0,0.0,0.0,0.0,0.0,0.0,0.0,0.0,0.0,0.0,0.0,0.0,0.0,0.0,0.0
8.0,130.0,0.0,0.0,0.0,0.0,0.0,0.0,0.0,0.0,0.0,0.0,0.0,0.0,0.0,0.0,0.0,0.0,0.0,0.0,0.0,0.0,0.0,0.0,0.0,0.0,0.0
8.0,140.0,0.0,0.0,0.0,0.0,0.0,0.0,0.0,0.0,0.0,0.0,0.0,0.0,0.0,0.0,0.0,0.0,0.0,0.0,0.0,0.0,0.0,0.0,0.0,0.0,0.0
8.0,150.0,0.0,0.0,0.0,0.0,0.0,0.0,0.0,0.0,0.0,0.0,0.0,0.0,0.0,0.0,0.0,0.0,0.0,0.0,0.0,0.0,0.0,0.0,0.0,0.0,0.0
8.0,160.0,0.0,0.0,0.0,0.0,0.0,0.0,0.0,0.0,0.0,0.0,0.0,0.0,0.0,0.0,0.0,0.0,0.0,0.0,0.0,0.0,0.0,0.0,0.0,0.0,0.0
9.0,0.0,0.0,0.0,0.0,0.0,0.0,0.0,0.0,0.0,0.0,0.0,0.0,0.0,0.0,0.0,0.0,0.0,0.0,0.0,0.0,0.0,0.0,0.0,0.0,0.0,0.0
9.0,10.0,0.69027174,0.20625794,0.27501002,0.79148114,0.0,1.971588E-7,9.755666E-6,0.027531443,4.510009,0.049975418,1.358808E-4,0.021297555,1.8677675,0.9075616,0.14105639,0.0,0.0,0.0,0.0,0.0,0.0,0.0,0.0,0.0,53.7785
9.0,20.0,2.5507977,1.2378948,0.7450069,3.6428668,0.0,1.3729813E-6,2.913651E-4,0.13715254,23.453627,0.46445385,0.0016463491,0.19249506,4.900355,3.150433,0.36986253,0.0,0.0,0.0,0.0,0.0,0.0,0.0,0.0,0.0,99.43052
9.0,30.0,4.418717,4.671837,0.9472735,6.804414,0.0,4.787286E-6,1.3959166E-4,0.44170865,39.421642,1.9695752,0.012996201,0.9700276,6.2572546,6.2820206,0.956143,0.0,0.0,0.0,0.0,0.0,0.0,0.0,0.0,0.0,106.10439
9.0,40.0,3.4527795,7.284421,0.9895381,6.705148,0.007448536,1.5132127E-5,0.004370026,0.7908013,26.989174,2.909657,0.026731461,1.3551058,4.9745407,5.369841,0.7809593,0.0,0.0,0.0,0.0,0.0,0.0,0.0,0.0,0.0,69.64488
9.0,50.0,25.955217,93.35473,10.110515,43.80996,1.4755924,1.21690755E-4,0.032414798,5.85801,206.94025,39.74183,0.48231456,11.630491,29.323708,44.754333,6.116387,0.0,0.0,0.0,0.0,0.0,0.0,0.0,0.0,0.0,466.15115
9.0,60.0,14.553979,51.543194,4.9235835,25.874191,0.8762064,2.1270016E-4,0.029668106,3.8914702,116.30107,22.338436,0.28419116,6.1370716,19.835758,21.498583,3.7527897,0.0,0.0,0.0,0.0,0.0,0.0,0.0,0.0,0.0,245.38815
9.0,70.0,0.0,0.0,0.0,0.0,0.0,0.0,0.0,0.0,0.0,0.0,0.0,0.0,0.0,0.0,0.0,0.0,0.0,0.0,0.0,0.0,0.0,0.0,0.0,0.0,0.0
9.0,80.0,0.0,0.0,0.0,0.0,0.0,0.0,0.0,0.0,0.0,0.0,0.0,0.0,0.0,0.0,0.0,0.0,0.0,0.0,0.0,0.0,0.0,0.0,0.0,0.0,0.0
9.0,90.0,0.0,0.0,0.0,0.0,0.0,0.0,0.0,0.0,0.0,0.0,0.0,0.0,0.0,0.0,0.0,0.0,0.0,0.0,0.0,0.0,0.0,0.0,0.0,0.0,0.0
9.0,100.0,0.0,0.0,0.0,0.0,0.0,0.0,0.0,0.0,0.0,0.0,0.0,0.0,0.0,0.0,0.0,0.0,0.0,0.0,0.0,0.0,0.0,0.0,0.0,0.0,0.0
9.0,110.0,0.0,0.0,0.0,0.0,0.0,0.0,0.0,0.0,0.0,0.0,0.0,0.0,0.0,0.0,0.0,0.0,0.0,0.0,0.0,0.0,0.0,0.0,0.0,0.0,0.0
9.0,120.0,0.0,0.0,0.0,0.0,0.0,0.0,0.0,0.0,0.0,0.0,0.0,0.0,0.0,0.0,0.0,0.0,0.0,0.0,0.0,0.0,0.0,0.0,0.0,0.0,0.0
9.0,130.0,0.0,0.0,0.0,0.0,0.0,0.0,0.0,0.0,0.0,0.0,0.0,0.0,0.0,0.0,0.0,0.0,0.0,0.0,0.0,0.0,0.0,0.0,0.0,0.0,0.0
9.0,140.0,0.0,0.0,0.0,0.0,0.0,0.0,0.0,0.0,0.0,0.0,0.0,0.0,0.0,0.0,0.0,0.0,0.0,0.0,0.0,0.0,0.0,0.0,0.0,0.0,0.0
9.0,150.0,0.0,0.0,0.0,0.0,0.0,0.0,0.0,0.0,0.0,0.0,0.0,0.0,0.0,0.0,0.0,0.0,0.0,0.0,0.0,0.0,0.0,0.0,0.0,0.0,0.0
9.0,160.0,0.0,0.0,0.0,0.0,0.0,0.0,0.0,0.0,0.0,0.0,0.0,0.0,0.0,0.0,0.0,0.0,0.0,0.0,0.0,0.0,0.0,0.0,0.0,0.0,0.0
10.0,0.0,0.0,0.0,0.0,0.0,0.0,0.0,0.0,0.0,0.0,0.0,0.0,0.0,0.0,0.0,0.0,0.0,0.0,0.0,0.0,0.0,0.0,0.0,0.0,0.0,0.0
10.0,10.0,0.60295635,0.13028814,0.27846816,0.92493165,0.0,1.4334357E-7,5.9920883E-5,0.036444742,4.165838,0.11484036,1.0578687E-4,0.030527556,1.633184,0.8249205,0.0941612,0.0,0.0,0.0,0.0,0.0,0.0,0.0,0.0,0.0,49.11222
10.0,20.0,2.2435122,1.256978,0.711087,3.8553343,0.0,6.0267615E-7,1.8463277E-4,0.22213896,21.122408,1.0530298,0.0018540751,0.48746148,4.2325573,2.9749582,0.41200387,0.0,0.0,0.0,0.0,0.0,0.0,0.0,0.0,0.0,96.757164
10.0,30.0,4.6755967,5.2209563,1.0301445,7.39383,0.0,1.7761436E-6,9.7434684E-5,0.71737283,39.296085,2.5505724,0.012056768,1.3951604,5.0803695,6.047251,0.977945,0.0,0.0,0.0,0.0,0.0,0.0,0.0,0.0,0.0,111.441956
10.0,40.0,5.0039725,13.016157,1.6253221,11.309651,0.024969758,1.1550193E-5,2.2858028E-4,1.7319163,40.616962,4.918865,0.034693215,2.139909,6.1037455,7.081625,1.242302,0.0,0.0,0.0,0.0,0.0,0.0,0.0,0.0,0.0,103.4936
10.0,50.0,5.9555807,21.82371,0.9134056,8.75887,0.28302947,6.42246E-7,2.5745925E-5,1.7376363,46.724834,8.525198,0.12985717,3.2156224,3.365867,8.678283,0.77878356,0.0,0.0,0.0,0.0,0.0,0.0,0.0,0.0,0.0,96.21769
10.0,60.0,32.639153,124.197624,11.455464,64.909584,2.041839,5.67308E-5,0.05216051,9.857611,214.27661,42.460625,0.6431365,13.528651,34.7132,42.68746,6.76915,0.0,0.0,0.0,0.0,0.0,0.0,0.0,0.0,0.0,518.17944
10.0,70.0,0.0,0.0,0.0,0.0,0.0,0.0,0.0,0.0,0.0,0.0,0.0,0.0,0.0,0.0,0.0,0.0,0.0,0.0,0.0,0.0,0.0,0.0,0.0,0.0,0.0
10.0,80.0,0.0,0.0,0.0,0.0,0.0,0.0,0.0,0.0,0.0,0.0,0.0,0.0,0.0,0.0,0.0,0.0,0.0,0.0,0.0,0.0,0.0,0.0,0.0,0.0,0.0
10.0,90.0,0.0,0.0,0.0,0.0,0.0,0.0,0.0,0.0,0.0,0.0,0.0,0.0,0.0,0.0,0.0,0.0,0.0,0.0,0.0,0.0,0.0,0.0,0.0,0.0,0.0
10.0,100.0,0.0,0.0,0.0,0.0,0.0,0.0,0.0,0.0,0.0,0.0,0.0,0.0,0.0,0.0,0.0,0.0,0.0,0.0,0.0,0.0,0.0,0.0,0.0,0.0,0.0
10.0,110.0,0.0,0.0,0.0,0.0,0.0,0.0,0.0,0.0,0.0,0.0,0.0,0.0,0.0,0.0,0.0,0.0,0.0,0.0,0.0,0.0,0.0,0.0,0.0,0.0,0.0
10.0,120.0,0.0,0.0,0.0,0.0,0.0,0.0,0.0,0.0,0.0,0.0,0.0,0.0,0.0,0.0,0.0,0.0,0.0,0.0,0.0,0.0,0.0,0.0,0.0,0.0,0.0
10.0,130.0,0.0,0.0,0.0,0.0,0.0,0.0,0.0,0.0,0.0,0.0,0.0,0.0,0.0,0.0,0.0,0.0,0.0,0.0,0.0,0.0,0.0,0.0,0.0,0.0,0.0
10.0,140.0,0.0,0.0,0.0,0.0,0.0,0.0,0.0,0.0,0.0,0.0,0.0,0.0,0.0,0.0,0.0,0.0,0.0,0.0,0.0,0.0,0.0,0.0,0.0,0.0,0.0
10.0,150.0,0.0,0.0,0.0,0.0,0.0,0.0,0.0,0.0,0.0,0.0,0.0,0.0,0.0,0.0,0.0,0.0,0.0,0.0,0.0,0.0,0.0,0.0,0.0,0.0,0.0
10.0,160.0,0.0,0.0,0.0,0.0,0.0,0.0,0.0,0.0,0.0,0.0,0.0,0.0,0.0,0.0,0.0,0.0,0.0,0.0,0.0,0.0,0.0,0.0,0.0,0.0,0.0
11.0,0.0,0.0,0.0,0.0,0.0,0.0,0.0,0.0,0.0,0.0,0.0,0.0,0.0,0.0,0.0,0.0,0.0,0.0,0.0,0.0,0.0,0.0,0.0,0.0,0.0,0.0
11.0,10.0,0.5081591,0.07671384,0.26695278,0.80228406,0.0,1.8091666E-7,1.3863946E-5,0.044483203,3.6685526,0.08543971,8.9030116E-5,0.025071453,1.3603466,0.523453,0.032672536,0.0,0.0,0.0,0.0,0.0,0.0,0.0,0.0,0.0,45.50961
11.0,20.0,1.9229757,0.7318033,0.8020206,3.6730096,0.0,8.363451E-7,1.757307E-4,0.23481701,20.67999,0.67763215,0.0014490095,0.4981932,3.8396454,2.291432,0.21648397,0.0,0.0,0.0,0.0,0.0,0.0,0.0,0.0,0.0,93.99599
11.0,30.0,4.5006967,4.7382445,1.2086695,8.051095,0.0,6.480606E-6,1.9235868E-4,0.91844124,40.178905,2.7443588,0.011778178,2.038102,5.2397084,5.766899,0.8197414,0.0,0.0,0.0,0.0,0.0,0.0,0.0,0.0,0.0,117.863914
11.0,40.0,5.920067,16.152597,1.7154765,13.245783,0.052805178,1.33222065E-5,3.6071517E-4,2.156449,44.958622,6.798397,0.038402826,2.736471,6.3206167,7.449511,1.1052253,0.0,0.0,0.0,0.0,0.0,0.0,0.0,0.0,0.0,119.67644
11.0,50.0,2.2322912,9.254979,0.92743444,5.5905886,0.11118111,1.0483928E-5,3.3468154E-4,0.95535064,18.195705,3.5142615,0.033540197,1.2226454,2.8454895,2.8536234,0.38527575,0.0,0.0,0.0,0.0,0.0,0.0,0.0,0.0,0.0,44.18266
11.0,60.0,29.904774,110.268456,8.802413,65.994316,3.4560194,9.0364585E-5,0.001974099,10.577856,214.93098,40.76216,0.7186216,13.331709,33.612427,36.1452,5.146513,0.0,0.0,0.0,0.0,0.0,0.0,0.0,0.0,0.0,490.15317
11.0,70.0,0.0,0.0,0.0,0.0,0.0,0.0,0.0,0.0,0.0,0.0,0.0,0.0,0.0,0.0,0.0,0.0,0.0,0.0,0.0,0.0,0.0,0.0,0.0,0.0,0.0
11.0,80.0,0.0,0.0,0.0,0.0,0.0,0.0,0.0,0.0,0.0,0.0,0.0,0.0,0.0,0.0,0.0,0.0,0.0,0.0,0.0,0.0,0.0,0.0,0.0,0.0,0.0
11.0,90.0,0.0,0.0,0.0,0.0,0.0,0.0,0.0,0.0,0.0,0.0,0.0,0.0,0.0,0.0,0.0,0.0,0.0,0.0,0.0,0.0,0.0,0.0,0.0,0.0,0.0
11.0,100.0,0.0,0.0,0.0,0.0,0.0,0.0,0.0,0.0,0.0,0.0,0.0,0.0,0.0,0.0,0.0,0.0,0.0,0.0,0.0,0.0,0.0,0.0,0.0,0.0,0.0
11.0,110.0,0.0,0.0,0.0,0.0,0.0,0.0,0.0,0.0,0.0,0.0,0.0,0.0,0.0,0.0,0.0,0.0,0.0,0.0,0.0,0.0,0.0,0.0,0.0,0.0,0.0
11.0,120.0,0.0,0.0,0.0,0.0,0.0,0.0,0.0,0.0,0.0,0.0,0.0,0.0,0.0,0.0,0.0,0.0,0.0,0.0,0.0,0.0,0.0,0.0,0.0,0.0,0.0
11.0,130.0,0.0,0.0,0.0,0.0,0.0,0.0,0.0,0.0,0.0,0.0,0.0,0.0,0.0,0.0,0.0,0.0,0.0,0.0,0.0,0.0,0.0,0.0,0.0,0.0,0.0
11.0,140.0,0.0,0.0,0.0,0.0,0.0,0.0,0.0,0.0,0.0,0.0,0.0,0.0,0.0,0.0,0.0,0.0,0.0,0.0,0.0,0.0,0.0,0.0,0.0,0.0,0.0
11.0,150.0,0.0,0.0,0.0,0.0,0.0,0.0,0.0,0.0,0.0,0.0,0.0,0.0,0.0,0.0,0.0,0.0,0.0,0.0,0.0,0.0,0.0,0.0,0.0,0.0,0.0
11.0,160.0,0.0,0.0,0.0,0.0,0.0,0.0,0.0,0.0,0.0,0.0,0.0,0.0,0.0,0.0,0.0,0.0,0.0,0.0,0.0,0.0,0.0,0.0,0.0,0.0,0.0
12.0,0.0,0.0,0.0,0.0,0.0,0.0,0.0,0.0,0.0,0.0,0.0,0.0,0.0,0.0,0.0,0.0,0.0,0.0,0.0,0.0,0.0,0.0,0.0,0.0,0.0,0.0
12.0,10.0,0.46023047,0.048249442,0.29276663,0.7598513,0.0,1.7141801E-7,2.0472013E-5,0.022301352,3.3005726,0.0425846,7.46178E-5,0.01598914,1.3675016,0.6869792,0.024790991,0.0,0.0,0.0,0.0,0.0,0.0,0.0,0.0,0.0,40.037163
12.0,20.0,2.2728374,0.61653376,0.81070226,3.9324694,0.0,2.2279269E-7,2.4489014E-4,0.12610313,18.797033,0.45994318,0.001448651,0.24624164,4.4848223,2.8629913,0.16150874,0.0,0.0,0.0,0.0,0.0,0.0,0.0,0.0,0.0,87.702896
12.0,30.0,4.959427,3.709905,1.4401532,8.886594,0.0,3.737532E-6,0.0011714963,0.6296092,38.93613,2.4098084,0.0099094445,1.2391897,6.14936,6.2499776,0.5586682,0.0,0.0,0.0,0.0,0.0,0.0,0.0,0.0,0.0,117.09007
12.0,40.0,6.3872175,15.55573,2.152458,15.381395,0.05158912,2.4547524E-5,0.0017867262,2.255135,47.120796,7.1808915,0.03521959,2.5676816,7.9289985,8.787313,1.0397706,0.0,0.0,0.0,0.0,0.0,0.0,0.0,0.0,0.0,122.66216
12.0,50.0,4.5428014,15.660198,1.7632763,10.498399,0.3018637,5.7733414E-5,6.759867E-4,1.6455905,32.43424,6.132845,0.04995488,1.9888227,5.9164166,6.1498795,0.68557864,0.0,0.0,0.0,0.0,0.0,0.0,0.0,0.0,0.0,78.7846
12.0,60.0,25.970556,74.51259,7.4471254,52.59823,4.6111894,3.965533E-4,0.0049473685,7.9702315,145.06915,28.34328,0.5214347,7.846278,22.971035,28.368565,2.7920687,0.0,0.0,0.0,0.0,0.0,0.0,0.0,0.0,0.0,360.3307
12.0,70.0,0.0,0.0,0.0,0.0,0.0,0.0,0.0,0.0,0.0,0.0,0.0,0.0,0.0,0.0,0.0,0.0,0.0,0.0,0.0,0.0,0.0,0.0,0.0,0.0,0.0
12.0,80.0,0.0,0.0,0.0,0.0,0.0,0.0,0.0,0.0,0.0,0.0,0.0,0.0,0.0,0.0,0.0,0.0,0.0,0.0,0.0,0.0,0.0,0.0,0.0,0.0,0.0
12.0,90.0,0.0,0.0,0.0,0.0,0.0,0.0,0.0,0.0,0.0,0.0,0.0,0.0,0.0,0.0,0.0,0.0,0.0,0.0,0.0,0.0,0.0,0.0,0.0,0.0,0.0
12.0,100.0,0.0,0.0,0.0,0.0,0.0,0.0,0.0,0.0,0.0,0.0,0.0,0.0,0.0,0.0,0.0,0.0,0.0,0.0,0.0,0.0,0.0,0.0,0.0,0.0,0.0
12.0,110.0,0.0,0.0,0.0,0.0,0.0,0.0,0.0,0.0,0.0,0.0,0.0,0.0,0.0,0.0,0.0,0.0,0.0,0.0,0.0,0.0,0.0,0.0,0.0,0.0,0.0
12.0,120.0,0.0,0.0,0.0,0.0,0.0,0.0,0.0,0.0,0.0,0.0,0.0,0.0,0.0,0.0,0.0,0.0,0.0,0.0,0.0,0.0,0.0,0.0,0.0,0.0,0.0
12.0,130.0,0.0,0.0,0.0,0.0,0.0,0.0,0.0,0.0,0.0,0.0,0.0,0.0,0.0,0.0,0.0,0.0,0.0,0.0,0.0,0.0,0.0,0.0,0.0,0.0,0.0
12.0,140.0,0.0,0.0,0.0,0.0,0.0,0.0,0.0,0.0,0.0,0.0,0.0,0.0,0.0,0.0,0.0,0.0,0.0,0.0,0.0,0.0,0.0,0.0,0.0,0.0,0.0
12.0,150.0,0.0,0.0,0.0,0.0,0.0,0.0,0.0,0.0,0.0,0.0,0.0,0.0,0.0,0.0,0.0,0.0,0.0,0.0,0.0,0.0,0.0,0.0,0.0,0.0,0.0
12.0,160.0,0.0,0.0,0.0,0.0,0.0,0.0,0.0,0.0,0.0,0.0,0.0,0.0,0.0,0.0,0.0,0.0,0.0,0.0,0.0,0.0,0.0,0.0,0.0,0.0,0.0
13.0,0.0,0.0,0.0,0.0,0.0,0.0,0.0,0.0,0.0,0.0,0.0,0.0,0.0,0.0,0.0,0.0,0.0,0.0,0.0,0.0,0.0,0.0,0.0,0.0,0.0,0.0
13.0,10.0,0.38482177,0.06546232,0.16590023,0.64293647,0.0,3.731316E-8,5.6262515E-6,0.03716758,1.9442135,0.034631882,1.9823396E-5,0.01673332,0.774766,0.6624725,0.026424268,0.0,0.0,0.0,0.0,0.0,0.0,0.0,0.0,0.0,26.670511
13.0,20.0,1.8832393,0.7321557,0.78999525,3.8298724,0.0,1.1285376E-6,2.3394663E-4,0.20335567,16.586142,0.3142838,6.1909365E-4,0.2206574,3.313413,2.8459272,0.16715689,0.0,0.0,0.0,0.0,0.0,0.0,0.0,0.0,0.0,78.71996
13.0,30.0,4.742637,3.0525544,1.5502663,10.230436,0.0,1.1942927E-6,0.0013818225,0.7891925,38.001022,1.9497241,0.007616834,1.076554,6.0939436,7.7801085,0.64280397,0.0,0.0,0.0,0.0,0.0,0.0,0.0,0.0,0.0,116.68362
13.0,40.0,7.207651,13.064437,2.4445236,19.415674,0.059203453,8.1415865E-6,0.004829622,2.4202492,49.03789,6.3105717,0.031854503,2.5340207,7.8986373,10.385677,1.0407923,0.0,0.0,0.0,0.0,0.0,0.0,0.0,0.0,0.0,135.50345
13.0,50.0,5.4082303,20.988028,2.377755,16.239296,0.4368018,1.4530792E-5,0.0074970135,2.3261433,44.305523,7.437938,0.062544756,2.0973768,7.074158,9.55122,0.7854467,0.0,0.0,0.0,0.0,0.0,0.0,0.0,0.0,0.0,106.3685
13.0,60.0,3.3198445,14.767831,0.45867494,10.471882,0.50341487,2.7977222E-8,5.205917E-4,0.84930694,37.30125,3.8533783,0.0730872,1.9687258,2.1483054,4.7713995,0.49231112,0.0,0.0,0.0,0.0,0.0,0.0,0.0,0.0,0.0,61.072346
13.0,70.0,0.0,0.0,0.0,0.0,0.0,0.0,0.0,0.0,0.0,0.0,0.0,0.0,0.0,0.0,0.0,0.0,0.0,0.0,0.0,0.0,0.0,0.0,0.0,0.0,0.0
13.0,80.0,0.0,0.0,0.0,0.0,0.0,0.0,0.0,0.0,0.0,0.0,0.0,0.0,0.0,0.0,0.0,0.0,0.0,0.0,0.0,0.0,0.0,0.0,0.0,0.0,0.0
13.0,90.0,0.0,0.0,0.0,0.0,0.0,0.0,0.0,0.0,0.0,0.0,0.0,0.0,0.0,0.0,0.0,0.0,0.0,0.0,0.0,0.0,0.0,0.0,0.0,0.0,0.0
13.0,100.0,0.0,0.0,0.0,0.0,0.0,0.0,0.0,0.0,0.0,0.0,0.0,0.0,0.0,0.0,0.0,0.0,0.0,0.0,0.0,0.0,0.0,0.0,0.0,0.0,0.0
13.0,110.0,0.0,0.0,0.0,0.0,0.0,0.0,0.0,0.0,0.0,0.0,0.0,0.0,0.0,0.0,0.0,0.0,0.0,0.0,0.0,0.0,0.0,0.0,0.0,0.0,0.0
13.0,120.0,0.0,0.0,0.0,0.0,0.0,0.0,0.0,0.0,0.0,0.0,0.0,0.0,0.0,0.0,0.0,0.0,0.0,0.0,0.0,0.0,0.0,0.0,0.0,0.0,0.0
13.0,130.0,0.0,0.0,0.0,0.0,0.0,0.0,0.0,0.0,0.0,0.0,0.0,0.0,0.0,0.0,0.0,0.0,0.0,0.0,0.0,0.0,0.0,0.0,0.0,0.0,0.0
13.0,140.0,0.0,0.0,0.0,0.0,0.0,0.0,0.0,0.0,0.0,0.0,0.0,0.0,0.0,0.0,0.0,0.0,0.0,0.0,0.0,0.0,0.0,0.0,0.0,0.0,0.0
13.0,150.0,0.0,0.0,0.0,0.0,0.0,0.0,0.0,0.0,0.0,0.0,0.0,0.0,0.0,0.0,0.0,0.0,0.0,0.0,0.0,0.0,0.0,0.0,0.0,0.0,0.0
13.0,160.0,0.0,0.0,0.0,0.0,0.0,0.0,0.0,0.0,0.0,0.0,0.0,0.0,0.0,0.0,0.0,0.0,0.0,0.0,0.0,0.0,0.0,0.0,0.0,0.0,0.0
14.0,0.0,0.0,0.0,0.0,0.0,0.0,0.0,0.0,0.0,0.0,0.0,0.0,0.0,0.0,0.0,0.0,0.0,0.0,0.0,0.0,0.0,0.0,0.0,0.0,0.0,0.0
14.0,10.0,0.2051018,0.034231897,0.09023399,0.29791346,0.0,3.01236E-8,6.191266E-6,0.025796806,0.9875843,0.012102703,9.605504E-6,0.0065065906,0.3160068,0.16008678,0.008806671,0.0,0.0,0.0,0.0,0.0,0.0,0.0,0.0,0.0,12.840054
14.0,20.0,1.4274508,0.6354696,0.4704975,2.3913224,0.0,3.5243485E-7,2.2027294E-4,0.22157723,11.080166,0.30831417,3.1536512E-4,0.2594516,1.4583588,1.2211264,0.090646,0.0,0.0,0.0,0.0,0.0,0.0,0.0,0.0,0.0,49.55408
14.0,30.0,5.1993284,4.4876804,1.4833423,10.924968,0.0,1.431907E-6,0.0021613447,1.0092582,38.31756,1.7562369,0.003026731,1.1172204,3.523845,5.284568,0.6380896,0.0,0.0,0.0,0.0,0.0,0.0,0.0,0.0,0.0,109.460106
14.0,40.0,8.76908,14.521156,2.6313527,20.824863,0.07039863,4.0583977E-6,0.005231158,3.1392305,54.654846,5.5988994,0.017236609,2.8398104,6.375105,8.407353,1.0411912,0.0,0.0,0.0,0.0,0.0,0.0,0.0,0.0,0.0,140.97263
14.0,50.0,9.457548,24.9705,2.9252803,20.307207,0.6172357,1.2071336E-5,0.011040904,3.373471,56.74778,8.128666,0.05114733,3.032182,6.437823,8.940416,1.236911,0.0,0.0,0.0,0.0,0.0,0.0,0.0,0.0,0.0,131.12996
14.0,60.0,0.9968858,2.4501302,0.31710005,2.2142081,0.11971764,2.009555E-6,9.876096E-4,0.32391185,5.123095,0.8678908,0.0077052144,0.36056456,0.7170176,0.73419714,0.11656837,0.0,0.0,0.0,0.0,0.0,0.0,0.0,0.0,0.0,12.480887
14.0,70.0,0.0,0.0,0.0,0.0,0.0,0.0,0.0,0.0,0.0,0.0,0.0,0.0,0.0,0.0,0.0,0.0,0.0,0.0,0.0,0.0,0.0,0.0,0.0,0.0,0.0
14.0,80.0,0.0,0.0,0.0,0.0,0.0,0.0,0.0,0.0,0.0,0.0,0.0,0.0,0.0,0.0,0.0,0.0,0.0,0.0,0.0,0.0,0.0,0.0,0.0,0.0,0.0
14.0,90.0,0.0,0.0,0.0,0.0,0.0,0.0,0.0,0.0,0.0,0.0,0.0,0.0,0.0,0.0,0.0,0.0,0.0,0.0,0.0,0.0,0.0,0.0,0.0,0.0,0.0
14.0,100.0,0.0,0.0,0.0,0.0,0.0,0.0,0.0,0.0,0.0,0.0,0.0,0.0,0.0,0.0,0.0,0.0,0.0,0.0,0.0,0.0,0.0,0.0,0.0,0.0,0.0
14.0,110.0,0.0,0.0,0.0,0.0,0.0,0.0,0.0,0.0,0.0,0.0,0.0,0.0,0.0,0.0,0.0,0.0,0.0,0.0,0.0,0.0,0.0,0.0,0.0,0.0,0.0
14.0,120.0,0.0,0.0,0.0,0.0,0.0,0.0,0.0,0.0,0.0,0.0,0.0,0.0,0.0,0.0,0.0,0.0,0.0,0.0,0.0,0.0,0.0,0.0,0.0,0.0,0.0
14.0,130.0,0.0,0.0,0.0,0.0,0.0,0.0,0.0,0.0,0.0,0.0,0.0,0.0,0.0,0.0,0.0,0.0,0.0,0.0,0.0,0.0,0.0,0.0,0.0,0.0,0.0
14.0,140.0,0.0,0.0,0.0,0.0,0.0,0.0,0.0,0.0,0.0,0.0,0.0,0.0,0.0,0.0,0.0,0.0,0.0,0.0,0.0,0.0,0.0,0.0,0.0,0.0,0.0
14.0,150.0,0.0,0.0,0.0,0.0,0.0,0.0,0.0,0.0,0.0,0.0,0.0,0.0,0.0,0.0,0.0,0.0,0.0,0.0,0.0,0.0,0.0,0.0,0.0,0.0,0.0
14.0,160.0,0.0,0.0,0.0,0.0,0.0,0.0,0.0,0.0,0.0,0.0,0.0,0.0,0.0,0.0,0.0,0.0,0.0,0.0,0.0,0.0,0.0,0.0,0.0,0.0,0.0
15.0,0.0,0.0,0.0,0.0,0.0,0.0,0.0,0.0,0.0,0.0,0.0,0.0,0.0,0.0,0.0,0.0,0.0,0.0,0.0,0.0,0.0,0.0,0.0,0.0,0.0,0.0
15.0,10.0,0.1974105,0.040360495,0.1173347,0.32682186,0.0,1.021104E-8,7.2787598E-6,0.01490078,1.2860302,0.026575148,1.2948014E-5,0.008401851,0.35671824,0.2131618,0.015596196,0.0,0.0,0.0,0.0,0.0,0.0,0.0,0.0,0.0,15.57149
15.0,20.0,0.54198575,0.27989987,0.23269826,1.0959904,0.0,5.3955773E-8,4.4228458E-5,0.058616057,5.064782,0.20053434,1.6906306E-4,0.08736393,0.7476544,0.45970836,0.0620847,0.0,0.0,0.0,0.0,0.0,0.0,0.0,0.0,0.0,22.460596
15.0,30.0,3.8194692,3.6251748,1.1250862,8.163114,0.0,8.0130417E-7,8.5313935E-5,0.7970913,27.31701,1.6135308,0.002970892,1.1033727,2.5897508,3.7302341,0.43033674,0.0,0.0,0.0,0.0,0.0,0.0,0.0,0.0,0.0,81.216805
15.0,40.0,8.287062,16.479609,2.7290719,21.401148,0.06901317,3.4525171E-6,0.0042785523,3.4287338,55.47719,6.555259,0.014151584,3.0391805,5.91803,8.715667,1.2221456,0.0,0.0,0.0,0.0,0.0,0.0,0.0,0.0,0.0,145.0425
15.0,50.0,9.341788,27.826065,3.4278538,24.252861,0.68742824,1.1158411E-5,0.01366122,3.8484378,59.927677,8.892895,0.032354854,3.7381418,6.9430814,9.794052,1.4056317,0.0,0.0,0.0,0.0,0.0,0.0,0.0,0.0,0.0,145.93047
15.0,60.0,2.0062246,6.520305,0.8794162,5.047303,0.2522904,8.108086E-6,0.00440832,0.8528182,13.39805,2.1326847,0.011820001,0.81998354,1.8686615,1.9854112,0.26998207,0.0,0.0,0.0,0.0,0.0,0.0,0.0,0.0,0.0,29.040184
15.0,70.0,0.0,0.0,0.0,0.0,0.0,0.0,0.0,0.0,0.0,0.0,0.0,0.0,0.0,0.0,0.0,0.0,0.0,0.0,0.0,0.0,0.0,0.0,0.0,0.0,0.0
15.0,80.0,0.0,0.0,0.0,0.0,0.0,0.0,0.0,0.0,0.0,0.0,0.0,0.0,0.0,0.0,0.0,0.0,0.0,0.0,0.0,0.0,0.0,0.0,0.0,0.0,0.0
15.0,90.0,0.0,0.0,0.0,0.0,0.0,0.0,0.0,0.0,0.0,0.0,0.0,0.0,0.0,0.0,0.0,0.0,0.0,0.0,0.0,0.0,0.0,0.0,0.0,0.0,0.0
15.0,100.0,0.0,0.0,0.0,0.0,0.0,0.0,0.0,0.0,0.0,0.0,0.0,0.0,0.0,0.0,0.0,0.0,0.0,0.0,0.0,0.0,0.0,0.0,0.0,0.0,0.0
15.0,110.0,0.0,0.0,0.0,0.0,0.0,0.0,0.0,0.0,0.0,0.0,0.0,0.0,0.0,0.0,0.0,0.0,0.0,0.0,0.0,0.0,0.0,0.0,0.0,0.0,0.0
15.0,120.0,0.0,0.0,0.0,0.0,0.0,0.0,0.0,0.0,0.0,0.0,0.0,0.0,0.0,0.0,0.0,0.0,0.0,0.0,0.0,0.0,0.0,0.0,0.0,0.0,0.0
15.0,130.0,0.0,0.0,0.0,0.0,0.0,0.0,0.0,0.0,0.0,0.0,0.0,0.0,0.0,0.0,0.0,0.0,0.0,0.0,0.0,0.0,0.0,0.0,0.0,0.0,0.0
15.0,140.0,0.0,0.0,0.0,0.0,0.0,0.0,0.0,0.0,0.0,0.0,0.0,0.0,0.0,0.0,0.0,0.0,0.0,0.0,0.0,0.0,0.0,0.0,0.0,0.0,0.0
15.0,150.0,0.0,0.0,0.0,0.0,0.0,0.0,0.0,0.0,0.0,0.0,0.0,0.0,0.0,0.0,0.0,0.0,0.0,0.0,0.0,0.0,0.0,0.0,0.0,0.0,0.0
15.0,160.0,0.0,0.0,0.0,0.0,0.0,0.0,0.0,0.0,0.0,0.0,0.0,0.0,0.0,0.0,0.0,0.0,0.0,0.0,0.0,0.0,0.0,0.0,0.0,0.0,0.0
16.0,0.0,0.0,0.0,0.0,0.0,0.0,0.0,0.0,0.0,0.0,0.0,0.0,0.0,0.0,0.0,0.0,0.0,0.0,0.0,0.0,0.0,0.0,0.0,0.0,0.0,0.0
16.0,10.0,0.19107614,0.027290141,0.14094341,0.39916182,0.0,5.6578426E-9,1.987294E-5,0.024219273,1.2650163,0.028970575,1.1640205E-5,0.009452745,0.3787269,0.19414002,0.026661268,0.0,0.0,0.0,0.0,0.0,0.0,0.0,0.0,0.0,15.714358
16.0,20.0,0.6289874,0.26008788,0.29625198,1.2034574,0.0,8.0415596E-8,3.7723312E-5,0.0588803,5.2080207,0.12941211,1.4856813E-4,0.09384312,0.887904,0.6039387,0.07920139,0.0,0.0,0.0,0.0,0.0,0.0,0.0,0.0,0.0,26.177187
16.0,30.0,1.5652429,1.4111382,0.4709222,3.8080683,0.0,7.887943E-8,1.7537798E-4,0.28942534,11.019591,0.87926424,0.0015409578,0.43872482,1.2365505,1.5318533,0.29282457,0.0,0.0,0.0,0.0,0.0,0.0,0.0,0.0,0.0,36.427128
16.0,40.0,7.1109734,16.431519,2.5367303,21.430218,0.07519064,1.4139149E-6,0.0024501083,2.871388,46.798283,7.619639,0.014094794,2.6158233,5.6453133,7.191151,1.354972,0.0,0.0,0.0,0.0,0.0,0.0,0.0,0.0,0.0,134.44125
16.0,50.0,9.246313,28.798141,3.8018897,27.185877,0.67514217,1.8569866E-5,0.001817738,3.9598331,60.739143,11.13574,0.03330133,3.9338586,8.063714,9.78107,1.4533658,0.0,0.0,0.0,0.0,0.0,0.0,0.0,0.0,0.0,156.28986
16.0,60.0,3.2672966,9.873847,1.4765434,9.817109,0.49425092,2.7455117E-6,9.7295636E-4,1.3353213,21.30818,4.055456,0.016699415,1.2414646,2.8851383,3.6230288,0.5352529,0.0,0.0,0.0,0.0,0.0,0.0,0.0,0.0,0.0,52.654186
16.0,70.0,0.0,0.0,0.0,0.0,0.0,0.0,0.0,0.0,0.0,0.0,0.0,0.0,0.0,0.0,0.0,0.0,0.0,0.0,0.0,0.0,0.0,0.0,0.0,0.0,0.0
16.0,80.0,0.0,0.0,0.0,0.0,0.0,0.0,0.0,0.0,0.0,0.0,0.0,0.0,0.0,0.0,0.0,0.0,0.0,0.0,0.0,0.0,0.0,0.0,0.0,0.0,0.0
16.0,90.0,0.0,0.0,0.0,0.0,0.0,0.0,0.0,0.0,0.0,0.0,0.0,0.0,0.0,0.0,0.0,0.0,0.0,0.0,0.0,0.0,0.0,0.0,0.0,0.0,0.0
16.0,100.0,0.0,0.0,0.0,0.0,0.0,0.0,0.0,0.0,0.0,0.0,0.0,0.0,0.0,0.0,0.0,0.0,0.0,0.0,0.0,0.0,0.0,0.0,0.0,0.0,0.0
16.0,110.0,0.0,0.0,0.0,0.0,0.0,0.0,0.0,0.0,0.0,0.0,0.0,0.0,0.0,0.0,0.0,0.0,0.0,0.0,0.0,0.0,0.0,0.0,0.0,0.0,0.0
16.0,120.0,0.0,0.0,0.0,0.0,0.0,0.0,0.0,0.0,0.0,0.0,0.0,0.0,0.0,0.0,0.0,0.0,0.0,0.0,0.0,0.0,0.0,0.0,0.0,0.0,0.0
16.0,130.0,0.0,0.0,0.0,0.0,0.0,0.0,0.0,0.0,0.0,0.0,0.0,0.0,0.0,0.0,0.0,0.0,0.0,0.0,0.0,0.0,0.0,0.0,0.0,0.0,0.0
16.0,140.0,0.0,0.0,0.0,0.0,0.0,0.0,0.0,0.0,0.0,0.0,0.0,0.0,0.0,0.0,0.0,0.0,0.0,0.0,0.0,0.0,0.0,0.0,0.0,0.0,0.0
16.0,150.0,0.0,0.0,0.0,0.0,0.0,0.0,0.0,0.0,0.0,0.0,0.0,0.0,0.0,0.0,0.0,0.0,0.0,0.0,0.0,0.0,0.0,0.0,0.0,0.0,0.0
16.0,160.0,0.0,0.0,0.0,0.0,0.0,0.0,0.0,0.0,0.0,0.0,0.0,0.0,0.0,0.0,0.0,0.0,0.0,0.0,0.0,0.0,0.0,0.0,0.0,0.0,0.0
17.0,0.0,0.0,0.0,0.0,0.0,0.0,0.0,0.0,0.0,0.0,0.0,0.0,0.0,0.0,0.0,0.0,0.0,0.0,0.0,0.0,0.0,0.0,0.0,0.0,0.0,0.0
17.0,10.0,0.20670962,0.021955725,0.10224905,0.3698287,0.0,4.159284E-9,6.032946E-6,0.016240457,1.0508466,0.013535002,1.0780713E-5,0.0064891637,0.36217576,0.24547929,0.01212547,0.0,0.0,0.0,0.0,0.0,0.0,0.0,0.0,0.0,14.919688
17.0,20.0,0.63176316,0.14921899,0.23475258,1.3750079,0.0,9.164815E-9,9.8586366E-5,0.05839078,4.7826905,0.11935189,1.4979346E-4,0.06746206,0.77565545,0.6690311,0.06707751,0.0,0.0,0.0,0.0,0.0,0.0,0.0,0.0,0.0,24.820917
17.0,30.0,1.2170982,0.7808733,0.36585718,2.631752,0.0,1.576476E-7,3.50747E-4,0.17796624,8.330586,0.41901335,9.0392755E-4,0.23687677,1.103044,1.3442022,0.17084265,0.0,0.0,0.0,0.0,0.0,0.0,0.0,0.0,0.0,28.281912
17.0,40.0,5.177471,10.840476,1.5664512,14.1043415,0.06410634,1.1935962E-6,0.0032165416,1.8866239,31.312933,4.8072243,0.010060422,1.6024683,3.4159727,5.3906717,0.7565996,0.0,0.0,0.0,0.0,0.0,0.0,0.0,0.0,0.0,89.15361
17.0,50.0,10.454113,29.341492,3.8695924,30.606817,0.74434274,1.6203481E-5,0.004644263,4.1270533,62.055218,11.322968,0.03670536,3.453197,8.664334,11.444994,1.4997743,0.0,0.0,0.0,0.0,0.0,0.0,0.0,0.0,0.0,171.0048
17.0,60.0,4.574965,13.6116905,1.5764619,12.048873,0.56999135,1.6185963E-5,0.0015369529,1.7421265,26.90401,4.8087316,0.02076918,1.5138584,3.6458108,4.4898024,0.70037895,0.0,0.0,0.0,0.0,0.0,0.0,0.0,0.0,0.0,64.56712
17.0,70.0,0.0,0.0,0.0,0.0,0.0,0.0,0.0,0.0,0.0,0.0,0.0,0.0,0.0,0.0,0.0,0.0,0.0,0.0,0.0,0.0,0.0,0.0,0.0,0.0,0.0
17.0,80.0,0.0,0.0,0.0,0.0,0.0,0.0,0.0,0.0,0.0,0.0,0.0,0.0,0.0,0.0,0.0,0.0,0.0,0.0,0.0,0.0,0.0,0.0,0.0,0.0,0.0
17.0,90.0,0.0,0.0,0.0,0.0,0.0,0.0,0.0,0.0,0.0,0.0,0.0,0.0,0.0,0.0,0.0,0.0,0.0,0.0,0.0,0.0,0.0,0.0,0.0,0.0,0.0
17.0,100.0,0.0,0.0,0.0,0.0,0.0,0.0,0.0,0.0,0.0,0.0,0.0,0.0,0.0,0.0,0.0,0.0,0.0,0.0,0.0,0.0,0.0,0.0,0.0,0.0,0.0
17.0,110.0,0.0,0.0,0.0,0.0,0.0,0.0,0.0,0.0,0.0,0.0,0.0,0.0,0.0,0.0,0.0,0.0,0.0,0.0,0.0,0.0,0.0,0.0,0.0,0.0,0.0
17.0,120.0,0.0,0.0,0.0,0.0,0.0,0.0,0.0,0.0,0.0,0.0,0.0,0.0,0.0,0.0,0.0,0.0,0.0,0.0,0.0,0.0,0.0,0.0,0.0,0.0,0.0
17.0,130.0,0.0,0.0,0.0,0.0,0.0,0.0,0.0,0.0,0.0,0.0,0.0,0.0,0.0,0.0,0.0,0.0,0.0,0.0,0.0,0.0,0.0,0.0,0.0,0.0,0.0
17.0,140.0,0.0,0.0,0.0,0.0,0.0,0.0,0.0,0.0,0.0,0.0,0.0,0.0,0.0,0.0,0.0,0.0,0.0,0.0,0.0,0.0,0.0,0.0,0.0,0.0,0.0
17.0,150.0,0.0,0.0,0.0,0.0,0.0,0.0,0.0,0.0,0.0,0.0,0.0,0.0,0.0,0.0,0.0,0.0,0.0,0.0,0.0,0.0,0.0,0.0,0.0,0.0,0.0
17.0,160.0,0.0,0.0,0.0,0.0,0.0,0.0,0.0,0.0,0.0,0.0,0.0,0.0,0.0,0.0,0.0,0.0,0.0,0.0,0.0,0.0,0.0,0.0,0.0,0.0,0.0
18.0,0.0,0.0,0.0,0.0,0.0,0.0,0.0,0.0,0.0,0.0,0.0,0.0,0.0,0.0,0.0,0.0,0.0,0.0,0.0,0.0,0.0,0.0,0.0,0.0,0.0,0.0
18.0,10.0,0.2385305,0.024597043,0.11323778,0.37910956,0.0,8.965283E-9,3.2918063E-6,0.0055364375,1.0499251,0.008306192,1.1753988E-5,0.004654421,0.24031992,0.3190756,0.02303858,0.0,0.0,0.0,0.0,0.0,0.0,0.0,0.0,0.0,14.796596
18.0,20.0,0.60527766,0.14909032,0.23711427,1.2247903,0.0,3.9056943E-8,3.8313363E-5,0.033360075,4.2042756,0.061465796,1.3134464E-4,0.047549576,0.5100592,0.8142754,0.06647968,0.0,0.0,0.0,0.0,0.0,0.0,0.0,0.0,0.0,22.899704
18.0,30.0,1.2477607,0.7158626,0.3899772,2.982423,0.0,1.2205993E-7,4.9759044E-5,0.2010118,7.8404927,0.30512843,8.818477E-4,0.2741984,0.66976565,1.6892496,0.18803112,0.0,0.0,0.0,0.0,0.0,0.0,0.0,0.0,0.0,27.397957
18.0,40.0,2.5610623,4.509272,0.7656888,6.9370317,0.042280305,2.1101344E-7,0.0013250639,0.84234595,14.58867,1.7206389,0.0047809053,0.6553292,1.1359392,3.483158,0.3594683,0.0,0.0,0.0,0.0,0.0,0.0,0.0,0.0,0.0,44.28105
18.0,50.0,10.681628,27.761677,3.8745596,32.247707,0.8121387,2.0886112E-6,0.0145939635,4.084803,63.455723,9.602847,0.03551258,3.7744606,5.5600185,15.069036,1.7706008,0.0,0.0,0.0,0.0,0.0,0.0,0.0,0.0,0.0,176.31361
18.0,60.0,4.8969026,14.378244,2.18724,14.790646,0.69828546,8.5381015E-7,0.009148252,1.9953035,30.585823,5.061508,0.024389379,1.704882,2.8926892,6.890246,0.7733692,0.0,0.0,0.0,0.0,0.0,0.0,0.0,0.0,0.0,77.610985
18.0,70.0,0.0,0.0,0.0,0.0,0.0,0.0,0.0,0.0,0.0,0.0,0.0,0.0,0.0,0.0,0.0,0.0,0.0,0.0,0.0,0.0,0.0,0.0,0.0,0.0,0.0
18.0,80.0,0.0,0.0,0.0,0.0,0.0,0.0,0.0,0.0,0.0,0.0,0.0,0.0,0.0,0.0,0.0,0.0,0.0,0.0,0.0,0.0,0.0,0.0,0.0,0.0,0.0
18.0,90.0,0.0,0.0,0.0,0.0,0.0,0.0,0.0,0.0,0.0,0.0,0.0,0.0,0.0,0.0,0.0,0.0,0.0,0.0,0.0,0.0,0.0,0.0,0.0,0.0,0.0
18.0,100.0,0.0,0.0,0.0,0.0,0.0,0.0,0.0,0.0,0.0,0.0,0.0,0.0,0.0,0.0,0.0,0.0,0.0,0.0,0.0,0.0,0.0,0.0,0.0,0.0,0.0
18.0,110.0,0.0,0.0,0.0,0.0,0.0,0.0,0.0,0.0,0.0,0.0,0.0,0.0,0.0,0.0,0.0,0.0,0.0,0.0,0.0,0.0,0.0,0.0,0.0,0.0,0.0
18.0,120.0,0.0,0.0,0.0,0.0,0.0,0.0,0.0,0.0,0.0,0.0,0.0,0.0,0.0,0.0,0.0,0.0,0.0,0.0,0.0,0.0,0.0,0.0,0.0,0.0,0.0
18.0,130.0,0.0,0.0,0.0,0.0,0.0,0.0,0.0,0.0,0.0,0.0,0.0,0.0,0.0,0.0,0.0,0.0,0.0,0.0,0.0,0.0,0.0,0.0,0.0,0.0,0.0
18.0,140.0,0.0,0.0,0.0,0.0,0.0,0.0,0.0,0.0,0.0,0.0,0.0,0.0,0.0,0.0,0.0,0.0,0.0,0.0,0.0,0.0,0.0,0.0,0.0,0.0,0.0
18.0,150.0,0.0,0.0,0.0,0.0,0.0,0.0,0.0,0.0,0.0,0.0,0.0,0.0,0.0,0.0,0.0,0.0,0.0,0.0,0.0,0.0,0.0,0.0,0.0,0.0,0.0
18.0,160.0,0.0,0.0,0.0,0.0,0.0,0.0,0.0,0.0,0.0,0.0,0.0,0.0,0.0,0.0,0.0,0.0,0.0,0.0,0.0,0.0,0.0,0.0,0.0,0.0,0.0
19.0,0.0,0.0,0.0,0.0,0.0,0.0,0.0,0.0,0.0,0.0,0.0,0.0,0.0,0.0,0.0,0.0,0.0,0.0,0.0,0.0,0.0,0.0,0.0,0.0,0.0,0.0
19.0,10.0,0.1461287,0.013743761,0.10819228,0.34596342,0.0,6.8455916E-9,8.093367E-6,0.009741243,0.98586786,0.007263179,8.701276E-6,0.004406969,0.20495687,0.34391317,0.02759579,0.0,0.0,0.0,0.0,0.0,0.0,0.0,0.0,0.0,13.318184
19.0,20.0,0.5196523,0.15975402,0.23395357,1.1349925,0.0,7.957586E-8,2.4392119E-5,0.040653694,4.132698,0.07594937,1.0774187E-4,0.03854886,0.4851737,0.79802877,0.07885609,0.0,0.0,0.0,0.0,0.0,0.0,0.0,0.0,0.0,20.663027
19.0,30.0,0.94973,0.6715115,0.3218701,2.450253,0.0,1.5987108E-7,8.686857E-5,0.1453559,6.996318,0.23917566,6.7312055E-4,0.1636794,0.5750528,1.4953487,0.13606386,0.0,0.0,0.0,0.0,0.0,0.0,0.0,0.0,0.0,22.206001
19.0,40.0,1.7330842,2.7092538,0.6783984,5.208677,0.015415931,1.3428024E-7,2.7211074E-4,0.5462264,10.86558,0.8864387,0.0027479136,0.40862212,1.0311954,2.3836975,0.31494612,0.0,0.0,0.0,0.0,0.0,0.0,0.0,0.0,0.0,31.286339
19.0,50.0,8.902435,23.198624,3.810454,28.3919,0.79756397,5.4352113E-6,0.001185242,3.1749053,58.29608,7.194795,0.028428975,2.394588,4.941385,13.429319,1.5318205,0.0,0.0,0.0,0.0,0.0,0.0,0.0,0.0,0.0,145.8189
19.0,60.0,6.3438663,14.254647,2.622996,16.802696,0.8586624,9.363914E-6,0.00232715,1.9711702,35.617943,4.2869453,0.022642411,1.5989976,3.4355435,7.851661,0.9405771,0.0,0.0,0.0,0.0,0.0,0.0,0.0,0.0,0.0,85.43568
19.0,70.0,0.0,0.0,0.0,0.0,0.0,0.0,0.0,0.0,0.0,0.0,0.0,0.0,0.0,0.0,0.0,0.0,0.0,0.0,0.0,0.0,0.0,0.0,0.0,0.0,0.0
19.0,80.0,0.0,0.0,0.0,0.0,0.0,0.0,0.0,0.0,0.0,0.0,0.0,0.0,0.0,0.0,0.0,0.0,0.0,0.0,0.0,0.0,0.0,0.0,0.0,0.0,0.0
19.0,90.0,0.0,0.0,0.0,0.0,0.0,0.0,0.0,0.0,0.0,0.0,0.0,0.0,0.0,0.0,0.0,0.0,0.0,0.0,0.0,0.0,0.0,0.0,0.0,0.0,0.0
19.0,100.0,0.0,0.0,0.0,0.0,0.0,0.0,0.0,0.0,0.0,0.0,0.0,0.0,0.0,0.0,0.0,0.0,0.0,0.0,0.0,0.0,0.0,0.0,0.0,0.0,0.0
19.0,110.0,0.0,0.0,0.0,0.0,0.0,0.0,0.0,0.0,0.0,0.0,0.0,0.0,0.0,0.0,0.0,0.0,0.0,0.0,0.0,0.0,0.0,0.0,0.0,0.0,0.0
19.0,120.0,0.0,0.0,0.0,0.0,0.0,0.0,0.0,0.0,0.0,0.0,0.0,0.0,0.0,0.0,0.0,0.0,0.0,0.0,0.0,0.0,0.0,0.0,0.0,0.0,0.0
19.0,130.0,0.0,0.0,0.0,0.0,0.0,0.0,0.0,0.0,0.0,0.0,0.0,0.0,0.0,0.0,0.0,0.0,0.0,0.0,0.0,0.0,0.0,0.0,0.0,0.0,0.0
19.0,140.0,0.0,0.0,0.0,0.0,0.0,0.0,0.0,0.0,0.0,0.0,0.0,0.0,0.0,0.0,0.0,0.0,0.0,0.0,0.0,0.0,0.0,0.0,0.0,0.0,0.0
19.0,150.0,0.0,0.0,0.0,0.0,0.0,0.0,0.0,0.0,0.0,0.0,0.0,0.0,0.0,0.0,0.0,0.0,0.0,0.0,0.0,0.0,0.0,0.0,0.0,0.0,0.0
19.0,160.0,0.0,0.0,0.0,0.0,0.0,0.0,0.0,0.0,0.0,0.0,0.0,0.0,0.0,0.0,0.0,0.0,0.0,0.0,0.0,0.0,0.0,0.0,0.0,0.0,0.0
20.0,0.0,0.0,0.0,0.0,0.0,0.0,0.0,0.0,0.0,0.0,0.0,0.0,0.0,0.0,0.0,0.0,0.0,0.0,0.0,0.0,0.0,0.0,0.0,0.0,0.0,0.0
20.0,10.0,0.15543398,0.00886402,0.12309814,0.28870365,0.0,2.8194869E-9,4.4668586E-6,0.0050572124,0.86971414,0.0043002195,7.060091E-6,0.0032803402,0.23509,0.2266507,0.013904365,0.0,0.0,0.0,0.0,0.0,0.0,0.0,0.0,0.0,11.268017
20.0,20.0,0.42699015,0.062078517,0.21987446,1.0063607,0.0,8.941713E-9,2.2358014E-5,0.026924338,3.5662222,0.02965438,7.736762E-5,0.03173261,0.51564556,0.54139495,0.04731365,0.0,0.0,0.0,0.0,0.0,0.0,0.0,0.0,0.0,17.09248
20.0,30.0,0.8115663,0.35498124,0.27461353,2.222277,0.0,8.249622E-8,2.404314E-5,0.093066804,6.097421,0.1541783,4.6869036E-4,0.13300884,0.6363946,1.1009189,0.11106886,0.0,0.0,0.0,0.0,0.0,0.0,0.0,0.0,0.0,18.959003
20.0,40.0,1.5490806,2.4318326,0.5967587,5.119292,0.017952183,5.320107E-7,1.7813077E-4,0.4871155,10.143733,0.6984301,0.0021479118,0.31920952,1.110984,2.0691059,0.24484815,0.0,0.0,0.0,0.0,0.0,0.0,0.0,0.0,0.0,27.941004
20.0,50.0,6.948541,15.156388,2.8170547,20.689993,0.67934877,3.3325869E-6,0.0014636691,2.0776992,45.781036,4.4840603,0.018336764,1.5560031,4.5982656,8.673004,1.1159403,0.0,0.0,0.0,0.0,0.0,0.0,0.0,0.0,0.0,106.20489
20.0,60.0,6.758172,14.72177,2.8783653,19.509033,1.0118922,3.6031217E-6,0.0022673332,2.1589544,41.09742,4.578295,0.02236146,1.5249362,4.977283,8.050262,1.0255138,0.0,0.0,0.0,0.0,0.0,0.0,0.0,0.0,0.0,99.22622
20.0,70.0,0.0,0.0,0.0,0.0,0.0,0.0,0.0,0.0,0.0,0.0,0.0,0.0,0.0,0.0,0.0,0.0,0.0,0.0,0.0,0.0,0.0,0.0,0.0,0.0,0.0
20.0,80.0,0.0,0.0,0.0,0.0,0.0,0.0,0.0,0.0,0.0,0.0,0.0,0.0,0.0,0.0,0.0,0.0,0.0,0.0,0.0,0.0,0.0,0.0,0.0,0.0,0.0
20.0,90.0,0.0,0.0,0.0,0.0,0.0,0.0,0.0,0.0,0.0,0.0,0.0,0.0,0.0,0.0,0.0,0.0,0.0,0.0,0.0,0.0,0.0,0.0,0.0,0.0,0.0
20.0,100.0,0.0,0.0,0.0,0.0,0.0,0.0,0.0,0.0,0.0,0.0,0.0,0.0,0.0,0.0,0.0,0.0,0.0,0.0,0.0,0.0,0.0,0.0,0.0,0.0,0.0
20.0,110.0,0.0,0.0,0.0,0.0,0.0,0.0,0.0,0.0,0.0,0.0,0.0,0.0,0.0,0.0,0.0,0.0,0.0,0.0,0.0,0.0,0.0,0.0,0.0,0.0,0.0
20.0,120.0,0.0,0.0,0.0,0.0,0.0,0.0,0.0,0.0,0.0,0.0,0.0,0.0,0.0,0.0,0.0,0.0,0.0,0.0,0.0,0.0,0.0,0.0,0.0,0.0,0.0
20.0,130.0,0.0,0.0,0.0,0.0,0.0,0.0,0.0,0.0,0.0,0.0,0.0,0.0,0.0,0.0,0.0,0.0,0.0,0.0,0.0,0.0,0.0,0.0,0.0,0.0,0.0
20.0,140.0,0.0,0.0,0.0,0.0,0.0,0.0,0.0,0.0,0.0,0.0,0.0,0.0,0.0,0.0,0.0,0.0,0.0,0.0,0.0,0.0,0.0,0.0,0.0,0.0,0.0
20.0,150.0,0.0,0.0,0.0,0.0,0.0,0.0,0.0,0.0,0.0,0.0,0.0,0.0,0.0,0.0,0.0,0.0,0.0,0.0,0.0,0.0,0.0,0.0,0.0,0.0,0.0
20.0,160.0,0.0,0.0,0.0,0.0,0.0,0.0,0.0,0.0,0.0,0.0,0.0,0.0,0.0,0.0,0.0,0.0,0.0,0.0,0.0,0.0,0.0,0.0,0.0,0.0,0.0
