"Distribution of the biomass (tonne) of prey species (in columns) in the diet of SpinyDogfish by Size class (cm). For class i, the preyed biomass in [i,i+1[ is reported."
"Time","Size","AtlanticHerring","AtlanticMackerel","BlackSeaBass","Scup","SpinyDogfish","StripedBass","Goosefish","WinterFlounder","Squids","Flounders","SkateRays","Hakes","Benthopelagics","MiscellaneousDemersals","ShallowDemersal","WhitePerch","AtlanticTomcod","Diazotrophs","LargePhytoplankton","LargeZooplankton","MediumPhytoplankton","MediumZooplankton","SmallPhytoplankton","SmallZooplankton","Benthos"
1.0,0.0,0.0,0.0,0.0,0.0,0.0,0.0,0.0,0.0,0.0,0.0,0.0,0.0,0.0,0.0,0.0,0.0,0.0,0.0,0.0,0.0,0.0,0.0,0.0,0.0,0.0
1.0,10.0,0.0,0.0,0.0,0.0,0.0,0.0,0.0,0.0,0.0,0.0,0.0,0.0,0.0,0.0,0.0,0.0,0.0,0.0,0.0,0.0,0.0,0.0,0.0,0.0,0.0
1.0,20.0,1.3080139,0.25654906,0.017367648,0.037471674,0.0,2.1080388E-7,1.0443387E-4,1.9256897,17.295786,0.4735251,0.019383812,0.030219574,11.142465,3.638618,4.0856624,0.0,0.0,0.0,0.0,0.0,0.0,0.0,0.0,0.0,50.08303
1.0,30.0,3.0239143,2.7496533,0.063010745,0.19509135,0.0,6.108433E-7,1.237508E-4,4.413569,60.855183,1.5021445,0.04451712,0.12186728,23.979206,8.660838,9.901919,0.0,0.0,0.0,0.0,0.0,0.0,0.0,0.0,0.0,97.19457
1.0,40.0,2.2269542,0.8074436,0.020292163,0.11646432,4.3346046E-4,0.002573068,0.0010765151,1.541457,18.979733,0.44721705,0.15273808,0.049302675,9.687598,3.7927184,3.2698278,0.0,0.0,0.0,0.0,0.0,0.0,0.0,0.0,0.0,38.22811
1.0,50.0,2.8510566,2.496245,0.03475298,0.19306287,0.005753212,0.012097193,0.0032077432,2.5916846,27.118137,0.8475636,0.3987313,0.13009949,12.185472,5.7146816,5.193461,0.0,0.0,0.0,0.0,0.0,0.0,0.0,0.0,0.0,42.81184
1.0,60.0,3.79015,5.2373486,0.04290936,0.3600646,0.018229995,0.06582461,0.010478951,3.292359,33.370884,1.1284887,0.9084204,0.20194912,16.109838,8.681515,6.5232115,0.0,0.0,0.0,0.0,0.0,0.0,0.0,0.0,0.0,54.928783
1.0,70.0,5.4748297,8.726348,0.06596276,0.64578176,0.03757854,0.19525181,0.025604066,4.1110425,49.541054,1.7460359,2.0805652,0.35811517,22.889168,12.728643,9.442552,0.0,0.0,0.0,0.0,0.0,0.0,0.0,0.0,0.0,72.12018
1.0,80.0,8.169453,13.029241,0.12239406,0.901532,0.06648387,0.4813212,0.060260594,6.681992,67.44932,2.938172,5.5818577,0.8768411,33.352192,18.19773,13.894588,0.0,0.0,0.0,0.0,0.0,0.0,0.0,0.0,0.0,103.904274
1.0,90.0,12.761798,20.246576,0.21603228,1.4331883,0.12561005,0.8829333,0.12541462,9.707509,107.6164,4.9236865,13.546192,1.4520046,51.473034,28.295263,21.041857,0.0,0.0,0.0,0.0,0.0,0.0,0.0,0.0,0.0,155.14726
1.0,100.0,20.72211,33.728416,0.34828448,2.439161,0.24503279,1.6674242,0.2579817,16.665195,172.20184,8.521914,25.119556,2.4094152,84.21358,47.934082,35.699924,0.0,0.0,0.0,0.0,0.0,0.0,0.0,0.0,0.0,245.34193
1.0,110.0,42.67216,67.89558,0.6907023,4.8071995,0.59798104,3.7201238,0.6225795,32.80332,339.55765,18.577446,50.969322,4.887966,168.74565,96.533585,69.9649,0.0,0.0,0.0,0.0,0.0,0.0,0.0,0.0,0.0,477.2157
1.0,120.0,0.0,0.0,0.0,0.0,0.0,0.0,0.0,0.0,0.0,0.0,0.0,0.0,0.0,0.0,0.0,0.0,0.0,0.0,0.0,0.0,0.0,0.0,0.0,0.0,0.0
1.0,130.0,0.0,0.0,0.0,0.0,0.0,0.0,0.0,0.0,0.0,0.0,0.0,0.0,0.0,0.0,0.0,0.0,0.0,0.0,0.0,0.0,0.0,0.0,0.0,0.0,0.0
1.0,140.0,0.0,0.0,0.0,0.0,0.0,0.0,0.0,0.0,0.0,0.0,0.0,0.0,0.0,0.0,0.0,0.0,0.0,0.0,0.0,0.0,0.0,0.0,0.0,0.0,0.0
1.0,150.0,0.0,0.0,0.0,0.0,0.0,0.0,0.0,0.0,0.0,0.0,0.0,0.0,0.0,0.0,0.0,0.0,0.0,0.0,0.0,0.0,0.0,0.0,0.0,0.0,0.0
1.0,160.0,0.0,0.0,0.0,0.0,0.0,0.0,0.0,0.0,0.0,0.0,0.0,0.0,0.0,0.0,0.0,0.0,0.0,0.0,0.0,0.0,0.0,0.0,0.0,0.0,0.0
2.0,0.0,0.0,0.0,0.0,0.0,0.0,0.0,0.0,0.0,0.0,0.0,0.0,0.0,0.0,0.0,0.0,0.0,0.0,0.0,0.0,0.0,0.0,0.0,0.0,0.0,0.0
2.0,10.0,0.0,0.0,0.0,0.0,0.0,0.0,0.0,0.0,0.0,0.0,0.0,0.0,0.0,0.0,0.0,0.0,0.0,0.0,0.0,0.0,0.0,0.0,0.0,0.0,0.0
2.0,20.0,4.3437057,0.62983245,0.030771937,0.12981763,0.0,1.9790947E-7,6.5501736E-5,0.7802159,44.855907,0.88445306,0.014991261,0.3622979,18.747265,16.433414,5.8755293,0.0,0.0,0.0,0.0,0.0,0.0,0.0,0.0,0.0,75.07946
2.0,30.0,14.384111,6.244046,0.18738808,0.8050222,0.0,2.316618E-6,4.2556858E-4,3.0822062,137.81964,4.897047,0.068944246,1.4579482,53.401955,54.21267,14.890015,0.0,0.0,0.0,0.0,0.0,0.0,0.0,0.0,0.0,222.26538
2.0,40.0,10.321266,8.19659,0.13496463,0.55275756,1.4887832E-4,6.538168E-7,4.1015606E-4,2.4782295,84.874405,4.7767305,0.06343622,1.0032898,35.150017,31.663727,9.275447,0.0,0.0,0.0,0.0,0.0,0.0,0.0,0.0,0.0,131.1505
2.0,50.0,3.3817434,4.750459,0.041418094,0.15183017,0.0071289623,4.3480333E-7,1.0964733E-4,0.8243512,27.173908,2.0778522,0.1336169,0.40032586,11.322501,9.861087,2.945674,0.0,0.0,0.0,0.0,0.0,0.0,0.0,0.0,0.0,40.471252
2.0,60.0,4.291731,7.3593564,0.046757154,0.20908193,0.033400126,2.6379175E-7,3.0058838E-4,1.0440063,36.82318,2.3576794,0.65202856,0.4126178,15.191173,14.350594,4.654592,0.0,0.0,0.0,0.0,0.0,0.0,0.0,0.0,0.0,49.56475
2.0,70.0,5.360986,9.801562,0.07234796,0.40488312,0.072064534,1.1045958E-6,0.005465428,1.2179533,49.439426,3.6340668,1.617951,0.46274287,19.243216,18.669222,6.0419445,0.0,0.0,0.0,0.0,0.0,0.0,0.0,0.0,0.0,61.33452
2.0,80.0,8.5607,13.979483,0.13157421,0.48612538,0.17554368,0.13841029,0.034538887,2.1153,70.55225,5.3644795,5.101985,0.7931242,29.22732,27.071972,8.307919,0.0,0.0,0.0,0.0,0.0,0.0,0.0,0.0,0.0,92.79339
2.0,90.0,13.135042,21.969168,0.17820913,0.7335747,0.2866149,0.96794486,0.080059975,3.2419875,109.04601,7.663821,12.143817,1.291678,42.65445,41.91297,12.837465,0.0,0.0,0.0,0.0,0.0,0.0,0.0,0.0,0.0,132.16376
2.0,100.0,19.303362,32.95641,0.29519585,1.1796381,0.45356423,2.1607115,0.1853479,4.882896,162.93517,11.704767,21.978489,1.8738432,63.65892,62.915142,19.374947,0.0,0.0,0.0,0.0,0.0,0.0,0.0,0.0,0.0,191.01515
2.0,110.0,32.545006,55.23848,0.50194335,1.9263207,0.8449124,4.1841207,0.41024286,8.111845,273.57587,20.425459,37.008358,3.114956,109.30145,105.283806,33.057583,0.0,0.0,0.0,0.0,0.0,0.0,0.0,0.0,0.0,310.0605
2.0,120.0,0.0,0.0,0.0,0.0,0.0,0.0,0.0,0.0,0.0,0.0,0.0,0.0,0.0,0.0,0.0,0.0,0.0,0.0,0.0,0.0,0.0,0.0,0.0,0.0,0.0
2.0,130.0,0.0,0.0,0.0,0.0,0.0,0.0,0.0,0.0,0.0,0.0,0.0,0.0,0.0,0.0,0.0,0.0,0.0,0.0,0.0,0.0,0.0,0.0,0.0,0.0,0.0
2.0,140.0,0.0,0.0,0.0,0.0,0.0,0.0,0.0,0.0,0.0,0.0,0.0,0.0,0.0,0.0,0.0,0.0,0.0,0.0,0.0,0.0,0.0,0.0,0.0,0.0,0.0
2.0,150.0,0.0,0.0,0.0,0.0,0.0,0.0,0.0,0.0,0.0,0.0,0.0,0.0,0.0,0.0,0.0,0.0,0.0,0.0,0.0,0.0,0.0,0.0,0.0,0.0,0.0
2.0,160.0,0.0,0.0,0.0,0.0,0.0,0.0,0.0,0.0,0.0,0.0,0.0,0.0,0.0,0.0,0.0,0.0,0.0,0.0,0.0,0.0,0.0,0.0,0.0,0.0,0.0
3.0,0.0,0.0,0.0,0.0,0.0,0.0,0.0,0.0,0.0,0.0,0.0,0.0,0.0,0.0,0.0,0.0,0.0,0.0,0.0,0.0,0.0,0.0,0.0,0.0,0.0,0.0
3.0,10.0,0.0,0.0,0.0,0.0,0.0,0.0,0.0,0.0,0.0,0.0,0.0,0.0,0.0,0.0,0.0,0.0,0.0,0.0,0.0,0.0,0.0,0.0,0.0,0.0,0.0
3.0,20.0,4.0792994,0.28134957,0.03576405,0.29583678,0.0,1.0194111E-6,4.742926E-5,0.11636084,30.631313,0.38028023,0.02138082,0.079632014,4.7627077,9.240957,1.0647622,0.0,0.0,0.0,0.0,0.0,0.0,0.0,0.0,0.0,61.904015
3.0,30.0,13.315607,5.2273254,0.22955064,1.2012477,0.0,2.5811141E-5,4.0535326E-4,1.2696517,109.21085,4.8393903,0.104872935,0.68081343,13.718745,28.33426,7.0544457,0.0,0.0,0.0,0.0,0.0,0.0,0.0,0.0,0.0,207.02478
3.0,40.0,22.420546,23.915075,0.7414902,2.1611414,6.118664E-4,8.751779E-5,0.0016003695,4.994883,231.7337,17.449127,0.326315,2.4213204,24.64754,47.754803,11.662422,0.0,0.0,0.0,0.0,0.0,0.0,0.0,0.0,0.0,423.1973
3.0,50.0,5.215701,10.472426,0.14804696,0.53334695,0.010761365,2.9894954E-5,5.43889E-4,1.2870723,52.54099,5.859314,0.11628315,0.4796157,6.23005,10.308572,2.5528045,0.0,0.0,0.0,0.0,0.0,0.0,0.0,0.0,0.0,97.78661
3.0,60.0,4.3412185,7.6823163,0.10593831,0.3695324,0.02329259,1.4080065E-5,2.5489047E-4,1.0747987,37.73365,3.79879,0.19689617,0.41207427,4.1548057,9.110484,2.0019388,0.0,0.0,0.0,0.0,0.0,0.0,0.0,0.0,0.0,64.1105
3.0,70.0,5.631986,10.816846,0.14987087,0.44152194,0.06257829,1.2358223E-5,3.3126088E-4,1.1753979,49.374664,4.9166837,1.3678197,0.56731635,5.7071886,12.498356,2.6969059,0.0,0.0,0.0,0.0,0.0,0.0,0.0,0.0,0.0,76.244095
3.0,80.0,7.886396,14.957414,0.21808022,0.6582881,0.24605274,1.8210312E-5,0.004626745,1.8369753,72.06642,7.205599,5.058172,0.89064837,8.338257,16.648113,3.8127859,0.0,0.0,0.0,0.0,0.0,0.0,0.0,0.0,0.0,110.36874
3.0,90.0,12.249632,22.294363,0.2860307,1.1045525,0.51618755,0.012454722,0.03819895,2.8241024,105.66997,10.1231785,13.483944,1.2995138,12.684404,26.322914,5.819069,0.0,0.0,0.0,0.0,0.0,0.0,0.0,0.0,0.0,162.11194
3.0,100.0,17.430035,32.527637,0.46116564,1.4667443,0.78156114,0.5926973,0.10003726,3.8147523,152.64037,14.573183,25.793621,1.9003084,18.191381,36.93953,8.3229685,0.0,0.0,0.0,0.0,0.0,0.0,0.0,0.0,0.0,221.83011
3.0,110.0,24.891247,44.87465,0.667748,2.0943213,1.1700563,2.7283995,0.26730147,5.4529724,213.31665,20.968538,36.54127,2.598886,25.884806,52.23842,11.624474,0.0,0.0,0.0,0.0,0.0,0.0,0.0,0.0,0.0,300.8345
3.0,120.0,0.0,0.0,0.0,0.0,0.0,0.0,0.0,0.0,0.0,0.0,0.0,0.0,0.0,0.0,0.0,0.0,0.0,0.0,0.0,0.0,0.0,0.0,0.0,0.0,0.0
3.0,130.0,0.0,0.0,0.0,0.0,0.0,0.0,0.0,0.0,0.0,0.0,0.0,0.0,0.0,0.0,0.0,0.0,0.0,0.0,0.0,0.0,0.0,0.0,0.0,0.0,0.0
3.0,140.0,0.0,0.0,0.0,0.0,0.0,0.0,0.0,0.0,0.0,0.0,0.0,0.0,0.0,0.0,0.0,0.0,0.0,0.0,0.0,0.0,0.0,0.0,0.0,0.0,0.0
3.0,150.0,0.0,0.0,0.0,0.0,0.0,0.0,0.0,0.0,0.0,0.0,0.0,0.0,0.0,0.0,0.0,0.0,0.0,0.0,0.0,0.0,0.0,0.0,0.0,0.0,0.0
3.0,160.0,0.0,0.0,0.0,0.0,0.0,0.0,0.0,0.0,0.0,0.0,0.0,0.0,0.0,0.0,0.0,0.0,0.0,0.0,0.0,0.0,0.0,0.0,0.0,0.0,0.0
4.0,0.0,0.0,0.0,0.0,0.0,0.0,0.0,0.0,0.0,0.0,0.0,0.0,0.0,0.0,0.0,0.0,0.0,0.0,0.0,0.0,0.0,0.0,0.0,0.0,0.0,0.0
4.0,10.0,0.0,0.0,0.0,0.0,0.0,0.0,0.0,0.0,0.0,0.0,0.0,0.0,0.0,0.0,0.0,0.0,0.0,0.0,0.0,0.0,0.0,0.0,0.0,0.0,0.0
4.0,20.0,1.8686891,0.28084904,0.033234473,0.33373415,0.0,7.2974956E-7,2.504885E-4,0.13082047,24.511597,0.27912104,0.027666844,0.26450536,1.1247607,3.3728385,0.1433712,0.0,0.0,0.0,0.0,0.0,0.0,0.0,0.0,0.0,64.5166
4.0,30.0,3.518829,2.459751,0.16931345,0.9171361,0.0,2.1402031E-5,0.0014891155,0.57337767,48.996563,2.3084514,0.08687922,0.8474387,4.491121,6.541704,1.3139263,0.0,0.0,0.0,0.0,0.0,0.0,0.0,0.0,0.0,133.13846
4.0,40.0,11.982801,20.25954,0.76992524,3.1234074,2.8184435E-4,7.880068E-5,0.005011536,4.481058,157.25308,12.9165945,0.44669172,3.1997843,13.616992,20.611835,5.2366457,0.0,0.0,0.0,0.0,0.0,0.0,0.0,0.0,0.0,405.37857
4.0,50.0,11.5309725,34.676674,0.93086064,4.223661,0.04143826,1.7700443E-4,0.0064043016,5.0586843,165.22829,19.675919,0.59000736,4.2280135,23.4489,24.17028,5.640674,0.0,0.0,0.0,0.0,0.0,0.0,0.0,0.0,0.0,435.30014
4.0,60.0,2.4687252,7.3450933,0.22309014,0.77548057,0.023052948,6.96178E-5,9.5873995E-4,0.92047757,32.647537,4.624241,0.1377952,0.90390646,3.594527,4.134284,1.0595868,0.0,0.0,0.0,0.0,0.0,0.0,0.0,0.0,0.0,77.94887
4.0,70.0,3.0007904,9.384664,0.21343717,0.86571026,0.052789602,7.6024E-5,8.342256E-4,1.2354906,41.57938,5.7454734,0.45713776,1.0578883,4.166121,6.263168,1.3997792,0.0,0.0,0.0,0.0,0.0,0.0,0.0,0.0,0.0,95.33453
4.0,80.0,4.5896964,13.422915,0.33980832,1.2775348,0.18953176,1.4366437E-4,0.0019160615,1.6796926,56.628883,8.005092,4.2160807,1.5680183,6.3465867,7.8699374,2.127503,0.0,0.0,0.0,0.0,0.0,0.0,0.0,0.0,0.0,128.58588
4.0,90.0,6.5165825,20.498854,0.55202097,1.7365395,0.5670327,1.6550686E-4,0.002829014,2.541902,86.845436,11.562503,12.618588,2.2895164,9.273135,12.126005,2.8001902,0.0,0.0,0.0,0.0,0.0,0.0,0.0,0.0,0.0,186.76666
4.0,100.0,8.910383,29.732363,0.7283877,2.5285466,1.0968461,4.006907E-4,0.023423927,3.745727,122.96039,16.948149,27.225773,3.2653441,13.411869,17.163887,3.9091382,0.0,0.0,0.0,0.0,0.0,0.0,0.0,0.0,0.0,254.98468
4.0,110.0,10.927592,34.492176,0.94606906,2.9364142,1.3913767,0.13924296,0.08688971,4.4471464,144.34914,19.920092,33.263256,3.824329,15.315589,20.15257,4.804948,0.0,0.0,0.0,0.0,0.0,0.0,0.0,0.0,0.0,292.989
4.0,120.0,0.0,0.0,0.0,0.0,0.0,0.0,0.0,0.0,0.0,0.0,0.0,0.0,0.0,0.0,0.0,0.0,0.0,0.0,0.0,0.0,0.0,0.0,0.0,0.0,0.0
4.0,130.0,0.0,0.0,0.0,0.0,0.0,0.0,0.0,0.0,0.0,0.0,0.0,0.0,0.0,0.0,0.0,0.0,0.0,0.0,0.0,0.0,0.0,0.0,0.0,0.0,0.0
4.0,140.0,0.0,0.0,0.0,0.0,0.0,0.0,0.0,0.0,0.0,0.0,0.0,0.0,0.0,0.0,0.0,0.0,0.0,0.0,0.0,0.0,0.0,0.0,0.0,0.0,0.0
4.0,150.0,0.0,0.0,0.0,0.0,0.0,0.0,0.0,0.0,0.0,0.0,0.0,0.0,0.0,0.0,0.0,0.0,0.0,0.0,0.0,0.0,0.0,0.0,0.0,0.0,0.0
4.0,160.0,0.0,0.0,0.0,0.0,0.0,0.0,0.0,0.0,0.0,0.0,0.0,0.0,0.0,0.0,0.0,0.0,0.0,0.0,0.0,0.0,0.0,0.0,0.0,0.0,0.0
5.0,0.0,0.0,0.0,0.0,0.0,0.0,0.0,0.0,0.0,0.0,0.0,0.0,0.0,0.0,0.0,0.0,0.0,0.0,0.0,0.0,0.0,0.0,0.0,0.0,0.0,0.0
5.0,10.0,0.0,0.0,0.0,0.0,0.0,0.0,0.0,0.0,0.0,0.0,0.0,0.0,0.0,0.0,0.0,0.0,0.0,0.0,0.0,0.0,0.0,0.0,0.0,0.0,0.0
5.0,20.0,1.2756976,0.27580923,0.09444338,0.6018734,0.0,4.979518E-7,5.635289E-4,0.08218493,20.910786,0.42935932,0.031934895,0.7048905,2.606072,2.3873363,0.18759777,0.0,0.0,0.0,0.0,0.0,0.0,0.0,0.0,0.0,69.19504
5.0,30.0,2.7006056,3.1243167,0.4217075,2.1092024,0.0,3.9266586E-5,0.001956985,0.5205693,38.016018,2.1978898,0.08590086,1.8859376,9.744893,5.511852,0.950433,0.0,0.0,0.0,0.0,0.0,0.0,0.0,0.0,0.0,135.46194
5.0,40.0,2.9667513,8.485777,0.6242412,2.6112568,4.304279E-5,3.589724E-5,0.004483538,1.7278718,47.089714,5.738179,0.21973218,2.8947017,10.272132,6.592659,1.5837026,0.0,0.0,0.0,0.0,0.0,0.0,0.0,0.0,0.0,158.291
5.0,50.0,13.821267,53.973583,3.1229885,10.851939,0.09276431,3.477515E-4,0.025088215,7.1384115,206.8124,33.01938,1.2192042,12.087881,41.747475,29.280867,6.109729,0.0,0.0,0.0,0.0,0.0,0.0,0.0,0.0,0.0,625.11566
5.0,60.0,5.1213074,24.727703,1.3864434,5.450643,0.042060018,1.6226289E-4,0.01191311,2.820479,73.32286,12.804544,0.5644925,4.8976865,25.960732,11.8376255,2.8063843,0.0,0.0,0.0,0.0,0.0,0.0,0.0,0.0,0.0,232.58684
5.0,70.0,2.3444471,9.486019,0.4380354,1.8445007,0.05024071,1.2865318E-4,0.0062950547,1.3085368,33.848297,6.0334663,0.23245224,2.2263906,7.091815,5.142572,1.0321853,0.0,0.0,0.0,0.0,0.0,0.0,0.0,0.0,0.0,95.57965
5.0,80.0,3.2640898,14.053555,0.67137027,2.6124432,0.12331332,2.608364E-4,0.0049281567,1.7753888,45.181442,8.259576,2.0160782,2.6515062,10.55153,6.680506,1.3817086,0.0,0.0,0.0,0.0,0.0,0.0,0.0,0.0,0.0,125.79452
5.0,90.0,4.8306837,21.60663,1.074453,4.06938,0.35252088,4.3177966E-4,0.0074672084,2.6078045,67.72327,12.385618,8.798474,4.400907,15.1599455,9.626732,2.1460083,0.0,0.0,0.0,0.0,0.0,0.0,0.0,0.0,0.0,182.6949
5.0,100.0,6.953226,30.886496,1.4932457,5.793491,0.9621616,5.749058E-4,0.00987131,3.8523095,96.71859,17.432438,23.291182,6.113683,22.83539,14.656793,3.0543737,0.0,0.0,0.0,0.0,0.0,0.0,0.0,0.0,0.0,252.89311
5.0,110.0,6.994835,30.517567,1.5235463,5.791175,1.3563468,7.552743E-4,0.015858972,3.6569011,98.61339,17.710953,24.958454,5.8817277,22.752424,14.845094,3.119841,0.0,0.0,0.0,0.0,0.0,0.0,0.0,0.0,0.0,245.50127
5.0,120.0,0.0,0.0,0.0,0.0,0.0,0.0,0.0,0.0,0.0,0.0,0.0,0.0,0.0,0.0,0.0,0.0,0.0,0.0,0.0,0.0,0.0,0.0,0.0,0.0,0.0
5.0,130.0,0.0,0.0,0.0,0.0,0.0,0.0,0.0,0.0,0.0,0.0,0.0,0.0,0.0,0.0,0.0,0.0,0.0,0.0,0.0,0.0,0.0,0.0,0.0,0.0,0.0
5.0,140.0,0.0,0.0,0.0,0.0,0.0,0.0,0.0,0.0,0.0,0.0,0.0,0.0,0.0,0.0,0.0,0.0,0.0,0.0,0.0,0.0,0.0,0.0,0.0,0.0,0.0
5.0,150.0,0.0,0.0,0.0,0.0,0.0,0.0,0.0,0.0,0.0,0.0,0.0,0.0,0.0,0.0,0.0,0.0,0.0,0.0,0.0,0.0,0.0,0.0,0.0,0.0,0.0
5.0,160.0,0.0,0.0,0.0,0.0,0.0,0.0,0.0,0.0,0.0,0.0,0.0,0.0,0.0,0.0,0.0,0.0,0.0,0.0,0.0,0.0,0.0,0.0,0.0,0.0,0.0
6.0,0.0,0.0,0.0,0.0,0.0,0.0,0.0,0.0,0.0,0.0,0.0,0.0,0.0,0.0,0.0,0.0,0.0,0.0,0.0,0.0,0.0,0.0,0.0,0.0,0.0,0.0
6.0,10.0,0.0,0.0,0.0,0.0,0.0,0.0,0.0,0.0,0.0,0.0,0.0,0.0,0.0,0.0,0.0,0.0,0.0,0.0,0.0,0.0,0.0,0.0,0.0,0.0,0.0
6.0,20.0,1.8001502,0.5238064,0.16354729,1.4907228,0.0,4.3025418E-7,0.0012217655,0.036402136,18.649712,0.7308506,0.024755487,0.06023088,3.8855531,3.288168,0.37343344,0.0,0.0,0.0,0.0,0.0,0.0,0.0,0.0,0.0,70.46689
6.0,30.0,3.9758532,4.235927,0.93840754,4.907408,0.0,7.031272E-6,0.003486876,0.32128486,46.96532,4.9712973,0.09963582,0.8041287,14.3037,9.34928,1.6459736,0.0,0.0,0.0,0.0,0.0,0.0,0.0,0.0,0.0,167.82129
6.0,40.0,3.316234,8.758295,0.9888374,4.2112937,1.1482045E-5,1.7094251E-5,0.0044534355,0.9959327,40.989365,5.9504027,0.18011156,1.1312741,12.287859,7.732939,1.5533574,0.0,0.0,0.0,0.0,0.0,0.0,0.0,0.0,0.0,132.2377
6.0,50.0,9.672549,36.182228,2.2152154,10.680652,0.07582065,3.034079E-4,0.019961884,3.3749015,105.57615,20.494215,0.7757065,4.1595654,24.80048,22.130972,4.480447,0.0,0.0,0.0,0.0,0.0,0.0,0.0,0.0,0.0,314.90356
6.0,60.0,16.76058,79.16132,5.180175,22.981007,0.16530634,4.9398304E-4,0.031751223,5.889172,194.50214,42.751076,1.8984709,7.091532,64.3444,38.09396,8.376924,0.0,0.0,0.0,0.0,0.0,0.0,0.0,0.0,0.0,568.31433
6.0,70.0,2.8437307,13.102434,0.8564567,3.144129,0.060445942,9.960365E-5,0.009472928,1.0395883,31.452066,7.1959825,0.33369946,1.1162137,8.843745,6.1597395,1.4801476,0.0,0.0,0.0,0.0,0.0,0.0,0.0,0.0,0.0,89.15142
6.0,80.0,3.9888542,15.746726,0.9290228,4.6004267,0.11919762,1.7568762E-4,0.009738814,1.3172042,40.098515,9.173959,0.5999441,1.6583543,12.25198,8.13673,1.8536915,0.0,0.0,0.0,0.0,0.0,0.0,0.0,0.0,0.0,112.68163
6.0,90.0,5.834449,23.081741,1.6087487,6.47781,0.24329656,2.2303099E-4,0.01228321,2.0399494,60.813908,14.6238365,5.1408195,2.279968,18.120584,12.51026,2.86424,0.0,0.0,0.0,0.0,0.0,0.0,0.0,0.0,0.0,164.84703
6.0,100.0,8.107242,35.55457,2.352008,9.301445,0.5679211,6.2586315E-4,0.02021819,2.9974184,89.00432,20.74229,17.48953,3.3163104,26.617111,18.080187,3.9976256,0.0,0.0,0.0,0.0,0.0,0.0,0.0,0.0,0.0,228.85162
6.0,110.0,7.0582886,30.207972,2.0170655,8.169988,0.96253556,5.578194E-4,0.018369382,2.5501287,76.84344,18.008078,17.442476,2.9175708,22.463802,15.770606,3.4788282,0.0,0.0,0.0,0.0,0.0,0.0,0.0,0.0,0.0,190.72281
6.0,120.0,0.0,0.0,0.0,0.0,0.0,0.0,0.0,0.0,0.0,0.0,0.0,0.0,0.0,0.0,0.0,0.0,0.0,0.0,0.0,0.0,0.0,0.0,0.0,0.0,0.0
6.0,130.0,0.0,0.0,0.0,0.0,0.0,0.0,0.0,0.0,0.0,0.0,0.0,0.0,0.0,0.0,0.0,0.0,0.0,0.0,0.0,0.0,0.0,0.0,0.0,0.0,0.0
6.0,140.0,0.0,0.0,0.0,0.0,0.0,0.0,0.0,0.0,0.0,0.0,0.0,0.0,0.0,0.0,0.0,0.0,0.0,0.0,0.0,0.0,0.0,0.0,0.0,0.0,0.0
6.0,150.0,0.0,0.0,0.0,0.0,0.0,0.0,0.0,0.0,0.0,0.0,0.0,0.0,0.0,0.0,0.0,0.0,0.0,0.0,0.0,0.0,0.0,0.0,0.0,0.0,0.0
6.0,160.0,0.0,0.0,0.0,0.0,0.0,0.0,0.0,0.0,0.0,0.0,0.0,0.0,0.0,0.0,0.0,0.0,0.0,0.0,0.0,0.0,0.0,0.0,0.0,0.0,0.0
7.0,0.0,0.0,0.0,0.0,0.0,0.0,0.0,0.0,0.0,0.0,0.0,0.0,0.0,0.0,0.0,0.0,0.0,0.0,0.0,0.0,0.0,0.0,0.0,0.0,0.0,0.0
7.0,10.0,0.0,0.0,0.0,0.0,0.0,0.0,0.0,0.0,0.0,0.0,0.0,0.0,0.0,0.0,0.0,0.0,0.0,0.0,0.0,0.0,0.0,0.0,0.0,0.0,0.0
7.0,20.0,2.7164707,0.19568121,0.16132462,1.7205387,0.0,1.8027937E-7,4.5072308E-4,9.02004E-4,21.271975,0.3067947,0.018907098,0.28659487,3.3563595,2.921185,0.22561675,0.0,0.0,0.0,0.0,0.0,0.0,0.0,0.0,0.0,62.237343
7.0,30.0,7.0945044,3.9073567,1.1708038,6.342971,0.0,6.956458E-6,0.002460624,0.090058506,58.957813,3.9825423,0.105918676,1.2116262,11.699796,9.242336,1.5988541,0.0,0.0,0.0,0.0,0.0,0.0,0.0,0.0,0.0,178.36006
7.0,40.0,7.9241667,11.583753,1.9650187,8.272731,1.8590314E-5,1.9959814E-5,0.006696029,0.59026885,64.07336,8.53302,0.2738111,1.9630784,12.102667,10.177482,2.2224545,0.0,0.0,0.0,0.0,0.0,0.0,0.0,0.0,0.0,185.18005
7.0,50.0,6.5533943,19.159548,1.2581109,6.9234576,0.02311189,4.1506493E-5,0.0055199806,0.8321357,55.678185,8.926114,0.40165,1.4408592,10.410305,9.19351,2.0525882,0.0,0.0,0.0,0.0,0.0,0.0,0.0,0.0,0.0,136.04263
7.0,60.0,31.716005,93.93452,7.1389513,28.635035,0.22606793,3.2771434E-4,0.06431679,3.9868882,247.98183,46.9592,2.8323658,8.213267,46.319542,43.060333,9.503626,0.0,0.0,0.0,0.0,0.0,0.0,0.0,0.0,0.0,616.78845
7.0,70.0,10.755106,34.04639,2.876027,11.6207075,0.14233342,9.196599E-5,0.034847874,1.3809382,84.35229,18.236574,1.291195,3.5209012,20.288065,12.738468,3.0035064,0.0,0.0,0.0,0.0,0.0,0.0,0.0,0.0,0.0,213.82298
7.0,80.0,5.602794,15.853325,1.2894292,5.5414753,0.13220815,8.640549E-5,0.015426995,0.6875183,44.456978,8.1274605,0.68433523,1.4312125,8.246903,7.5378256,1.6988997,0.0,0.0,0.0,0.0,0.0,0.0,0.0,0.0,0.0,102.12807
7.0,90.0,8.131137,24.706245,2.0776772,7.7023244,0.2552176,1.0115889E-4,0.027841212,1.0951629,64.84401,13.117847,2.1967652,2.4758453,13.260531,10.963701,2.413339,0.0,0.0,0.0,0.0,0.0,0.0,0.0,0.0,0.0,150.69557
7.0,100.0,12.143603,35.473118,2.915755,11.735233,0.45966735,2.559921E-4,0.03848179,1.5237395,96.723366,19.177391,12.771478,3.3436,18.481384,16.508076,3.6279182,0.0,0.0,0.0,0.0,0.0,0.0,0.0,0.0,0.0,210.25253
7.0,110.0,9.155803,26.558868,2.2365282,8.899278,0.5346249,2.3923551E-4,0.030145723,1.1704257,72.571754,14.228586,12.860197,2.5586977,14.198684,12.223327,2.7920437,0.0,0.0,0.0,0.0,0.0,0.0,0.0,0.0,0.0,154.94594
7.0,120.0,0.0,0.0,0.0,0.0,0.0,0.0,0.0,0.0,0.0,0.0,0.0,0.0,0.0,0.0,0.0,0.0,0.0,0.0,0.0,0.0,0.0,0.0,0.0,0.0,0.0
7.0,130.0,0.0,0.0,0.0,0.0,0.0,0.0,0.0,0.0,0.0,0.0,0.0,0.0,0.0,0.0,0.0,0.0,0.0,0.0,0.0,0.0,0.0,0.0,0.0,0.0,0.0
7.0,140.0,0.0,0.0,0.0,0.0,0.0,0.0,0.0,0.0,0.0,0.0,0.0,0.0,0.0,0.0,0.0,0.0,0.0,0.0,0.0,0.0,0.0,0.0,0.0,0.0,0.0
7.0,150.0,0.0,0.0,0.0,0.0,0.0,0.0,0.0,0.0,0.0,0.0,0.0,0.0,0.0,0.0,0.0,0.0,0.0,0.0,0.0,0.0,0.0,0.0,0.0,0.0,0.0
7.0,160.0,0.0,0.0,0.0,0.0,0.0,0.0,0.0,0.0,0.0,0.0,0.0,0.0,0.0,0.0,0.0,0.0,0.0,0.0,0.0,0.0,0.0,0.0,0.0,0.0,0.0
8.0,0.0,0.0,0.0,0.0,0.0,0.0,0.0,0.0,0.0,0.0,0.0,0.0,0.0,0.0,0.0,0.0,0.0,0.0,0.0,0.0,0.0,0.0,0.0,0.0,0.0,0.0
8.0,10.0,0.0,0.0,0.0,0.0,0.0,0.0,0.0,0.0,0.0,0.0,0.0,0.0,0.0,0.0,0.0,0.0,0.0,0.0,0.0,0.0,0.0,0.0,0.0,0.0,0.0
8.0,20.0,2.6954687,0.36785597,0.18617278,1.8022113,0.0,1.7529585E-7,1.8326254E-4,0.035121225,19.929493,0.3099998,0.021354413,0.5157465,1.5248358,2.0086215,0.3260048,0.0,0.0,0.0,0.0,0.0,0.0,0.0,0.0,0.0,59.332474
8.0,30.0,7.0866246,4.824792,1.5450108,8.269988,0.0,8.67784E-6,0.003074329,0.2566077,57.648052,3.312062,0.10183126,2.3897998,6.880709,8.37742,1.2027045,0.0,0.0,0.0,0.0,0.0,0.0,0.0,0.0,0.0,178.13849
8.0,40.0,9.74895,13.229235,2.5719671,12.714898,5.3411743E-5,2.635458E-5,0.006248251,0.85875493,76.10793,9.090131,0.34225473,3.8757195,9.759853,12.100252,2.490072,0.0,0.0,0.0,0.0,0.0,0.0,0.0,0.0,0.0,233.96468
8.0,50.0,7.311781,18.655313,2.03247,9.67991,0.020137716,6.3327454E-5,0.00834881,0.78594273,59.096077,9.131656,0.45872197,3.034044,7.405206,9.606196,1.6734881,0.0,0.0,0.0,0.0,0.0,0.0,0.0,0.0,0.0,157.76524
8.0,60.0,17.25841,47.060596,4.1146493,20.247458,0.11353557,1.6663579E-4,0.049292844,1.5679888,135.84004,21.69055,1.7908002,6.3407793,13.333239,21.299692,4.1042027,0.0,0.0,0.0,0.0,0.0,0.0,0.0,0.0,0.0,330.3922
8.0,70.0,25.494234,80.043495,9.197726,36.580353,0.3095074,5.1216525E-4,0.09459656,3.1146696,204.44844,45.40401,4.099782,12.077763,31.205723,34.39011,6.336108,0.0,0.0,0.0,0.0,0.0,0.0,0.0,0.0,0.0,558.102
8.0,80.0,4.8990026,15.207146,1.6652678,7.0485535,0.13359864,6.213361E-5,0.01717607,0.5848833,41.210186,7.4223332,0.92664975,2.1069374,5.024483,6.3612685,1.2194557,0.0,0.0,0.0,0.0,0.0,0.0,0.0,0.0,0.0,101.28445
8.0,90.0,7.8680835,22.208002,2.3439615,10.06106,0.28084397,2.0256989E-4,0.02485693,0.88731956,60.574596,11.70521,1.4772189,3.0919292,7.626371,9.610327,1.8498708,0.0,0.0,0.0,0.0,0.0,0.0,0.0,0.0,0.0,142.85423
8.0,100.0,11.607395,31.775953,3.4317012,14.535847,0.510999,3.6336534E-4,0.043446876,1.2830485,89.56614,17.051933,8.605292,4.6368413,10.887121,14.347642,2.6645257,0.0,0.0,0.0,0.0,0.0,0.0,0.0,0.0,0.0,205.95332
8.0,110.0,7.999408,22.266594,2.3557067,9.814061,0.412923,2.5398843E-4,0.033964057,0.8954767,61.078476,11.6347475,10.168428,3.1374013,7.482896,9.654779,1.8945386,0.0,0.0,0.0,0.0,0.0,0.0,0.0,0.0,0.0,135.72528
8.0,120.0,0.0,0.0,0.0,0.0,0.0,0.0,0.0,0.0,0.0,0.0,0.0,0.0,0.0,0.0,0.0,0.0,0.0,0.0,0.0,0.0,0.0,0.0,0.0,0.0,0.0
8.0,130.0,0.0,0.0,0.0,0.0,0.0,0.0,0.0,0.0,0.0,0.0,0.0,0.0,0.0,0.0,0.0,0.0,0.0,0.0,0.0,0.0,0.0,0.0,0.0,0.0,0.0
8.0,140.0,0.0,0.0,0.0,0.0,0.0,0.0,0.0,0.0,0.0,0.0,0.0,0.0,0.0,0.0,0.0,0.0,0.0,0.0,0.0,0.0,0.0,0.0,0.0,0.0,0.0
8.0,150.0,0.0,0.0,0.0,0.0,0.0,0.0,0.0,0.0,0.0,0.0,0.0,0.0,0.0,0.0,0.0,0.0,0.0,0.0,0.0,0.0,0.0,0.0,0.0,0.0,0.0
8.0,160.0,0.0,0.0,0.0,0.0,0.0,0.0,0.0,0.0,0.0,0.0,0.0,0.0,0.0,0.0,0.0,0.0,0.0,0.0,0.0,0.0,0.0,0.0,0.0,0.0,0.0
9.0,0.0,0.0,0.0,0.0,0.0,0.0,0.0,0.0,0.0,0.0,0.0,0.0,0.0,0.0,0.0,0.0,0.0,0.0,0.0,0.0,0.0,0.0,0.0,0.0,0.0,0.0
9.0,10.0,0.0,0.0,0.0,0.0,0.0,0.0,0.0,0.0,0.0,0.0,0.0,0.0,0.0,0.0,0.0,0.0,0.0,0.0,0.0,0.0,0.0,0.0,0.0,0.0,0.0
9.0,20.0,2.5264056,0.67698765,0.22955179,1.596502,0.0,9.845434E-8,1.05135085E-4,0.07609359,17.698122,0.20451935,0.014830757,0.2332109,1.1520214,2.1642036,0.23447663,0.0,0.0,0.0,0.0,0.0,0.0,0.0,0.0,0.0,56.127266
9.0,30.0,7.2308574,6.8109493,1.4269252,8.307659,0.0,6.5765953E-6,0.0013019516,0.53402233,51.819107,2.8035707,0.095798716,1.2182751,5.608088,7.518537,0.97953016,0.0,0.0,0.0,0.0,0.0,0.0,0.0,0.0,0.0,171.12608
9.0,40.0,10.533131,18.99945,2.814373,14.591978,2.2769325E-5,1.25761335E-5,0.004639354,1.4404689,77.80361,8.206503,0.33836934,2.983177,8.411503,10.712938,1.824333,0.0,0.0,0.0,0.0,0.0,0.0,0.0,0.0,0.0,239.48805
9.0,50.0,10.552762,26.35441,2.6228046,14.265832,0.023513757,3.9420836E-5,0.01595242,1.7108351,77.74264,11.389357,0.65663844,3.1385212,8.265423,12.139044,1.7612535,0.0,0.0,0.0,0.0,0.0,0.0,0.0,0.0,0.0,217.78854
9.0,60.0,8.600639,23.698599,2.3854356,11.758497,0.04680335,6.183434E-5,0.0121354535,1.144278,59.948536,10.105161,0.9032658,2.4442196,5.8279977,9.767256,1.59997,0.0,0.0,0.0,0.0,0.0,0.0,0.0,0.0,0.0,165.05005
9.0,70.0,36.8115,116.87804,11.653586,52.80906,0.46616307,5.277056E-4,0.11471658,5.827873,273.89767,49.63668,6.20745,12.019262,31.528732,42.722828,7.266721,0.0,0.0,0.0,0.0,0.0,0.0,0.0,0.0,0.0,735.15295
9.0,80.0,5.114805,15.412615,1.6580068,8.0238695,0.14039072,1.0534529E-4,0.01374401,0.86108613,41.430325,7.2538743,1.3205067,1.8615375,4.85262,6.7232018,1.1054705,0.0,0.0,0.0,0.0,0.0,0.0,0.0,0.0,0.0,110.916306
9.0,90.0,7.3912835,21.350595,2.2167137,10.768254,0.27045015,1.6765582E-4,0.03549422,1.1726407,55.419308,9.717303,1.8350062,2.4114697,5.7803583,8.620296,1.398911,0.0,0.0,0.0,0.0,0.0,0.0,0.0,0.0,0.0,135.84409
9.0,100.0,11.58483,32.308426,3.2296834,15.514195,0.5397581,4.3221703E-4,0.061970197,1.7253574,81.60871,15.281637,5.129618,3.58203,8.875442,12.588979,2.039641,0.0,0.0,0.0,0.0,0.0,0.0,0.0,0.0,0.0,198.66548
9.0,110.0,7.070108,20.167236,2.0136852,9.840953,0.39870268,2.885461E-4,0.040890843,1.1176434,50.47548,9.201522,7.93721,2.230863,5.4453177,7.67607,1.2863877,0.0,0.0,0.0,0.0,0.0,0.0,0.0,0.0,0.0,118.27386
9.0,120.0,0.0,0.0,0.0,0.0,0.0,0.0,0.0,0.0,0.0,0.0,0.0,0.0,0.0,0.0,0.0,0.0,0.0,0.0,0.0,0.0,0.0,0.0,0.0,0.0,0.0
9.0,130.0,0.0,0.0,0.0,0.0,0.0,0.0,0.0,0.0,0.0,0.0,0.0,0.0,0.0,0.0,0.0,0.0,0.0,0.0,0.0,0.0,0.0,0.0,0.0,0.0,0.0
9.0,140.0,0.0,0.0,0.0,0.0,0.0,0.0,0.0,0.0,0.0,0.0,0.0,0.0,0.0,0.0,0.0,0.0,0.0,0.0,0.0,0.0,0.0,0.0,0.0,0.0,0.0
9.0,150.0,0.0,0.0,0.0,0.0,0.0,0.0,0.0,0.0,0.0,0.0,0.0,0.0,0.0,0.0,0.0,0.0,0.0,0.0,0.0,0.0,0.0,0.0,0.0,0.0,0.0
9.0,160.0,0.0,0.0,0.0,0.0,0.0,0.0,0.0,0.0,0.0,0.0,0.0,0.0,0.0,0.0,0.0,0.0,0.0,0.0,0.0,0.0,0.0,0.0,0.0,0.0,0.0
10.0,0.0,0.0,0.0,0.0,0.0,0.0,0.0,0.0,0.0,0.0,0.0,0.0,0.0,0.0,0.0,0.0,0.0,0.0,0.0,0.0,0.0,0.0,0.0,0.0,0.0,0.0
10.0,10.0,0.0,0.0,0.0,0.0,0.0,0.0,0.0,0.0,0.0,0.0,0.0,0.0,0.0,0.0,0.0,0.0,0.0,0.0,0.0,0.0,0.0,0.0,0.0,0.0,0.0
10.0,20.0,2.2885404,1.0220016,0.2051943,2.2130203,0.0,7.440131E-8,7.5789176E-5,0.112515844,17.227188,0.5026632,0.015787715,0.3197668,1.1158206,1.804068,0.19661978,0.0,0.0,0.0,0.0,0.0,0.0,0.0,0.0,0.0,59.338657
10.0,30.0,5.6979785,6.9767723,1.5422622,8.949701,0.0,4.7760773E-6,6.6308904E-4,0.60739595,49.33533,3.4017339,0.08899234,1.423086,4.9204726,6.732082,0.9767888,0.0,0.0,0.0,0.0,0.0,0.0,0.0,0.0,0.0,164.66573
10.0,40.0,8.797228,21.18416,3.0540857,17.371628,7.543195E-5,8.533104E-6,0.0013606155,1.6830298,71.84662,7.9998207,0.2977706,2.778958,7.4380574,9.827738,1.578059,0.0,0.0,0.0,0.0,0.0,0.0,0.0,0.0,0.0,233.68114
10.0,50.0,10.335304,33.679306,2.9433625,19.412094,0.034656525,2.2729868E-5,0.0024930125,2.2060304,84.850044,13.348877,0.73102766,3.2206998,8.387759,12.053231,1.7829072,0.0,0.0,0.0,0.0,0.0,0.0,0.0,0.0,0.0,242.72466
10.0,60.0,7.950711,29.426647,3.1200054,15.887813,0.04940952,1.71699E-5,0.0059849224,1.720308,66.14666,12.05026,0.9524378,2.823141,7.1956477,9.852609,1.3543476,0.0,0.0,0.0,0.0,0.0,0.0,0.0,0.0,0.0,187.32118
10.0,70.0,23.62275,85.39362,8.550313,45.66238,0.37629288,6.911863E-5,0.050574433,5.063339,189.84871,33.408634,4.509237,9.03616,19.34563,28.002611,4.312072,0.0,0.0,0.0,0.0,0.0,0.0,0.0,0.0,0.0,502.52402
10.0,80.0,14.954739,58.75902,5.6680202,30.58808,0.38682267,6.97121E-5,0.053172834,3.2646697,123.37485,24.200895,4.0346947,5.0879197,13.735649,17.843048,3.1159034,0.0,0.0,0.0,0.0,0.0,0.0,0.0,0.0,0.0,343.26523
10.0,90.0,6.2603393,22.228924,2.2741842,12.046483,0.2672997,1.18744436E-4,0.029938517,1.5125968,50.83015,8.967382,2.1237469,2.2219222,5.1790075,7.4993315,1.1777449,0.0,0.0,0.0,0.0,0.0,0.0,0.0,0.0,0.0,131.60338
10.0,100.0,9.518067,32.62632,3.5811582,17.450548,0.5300992,1.3852208E-4,0.054453004,2.1043105,74.08033,13.939045,3.765952,3.4235911,7.8041906,11.100142,1.716102,0.0,0.0,0.0,0.0,0.0,0.0,0.0,0.0,0.0,186.87308
10.0,110.0,5.307303,18.268862,1.9682504,9.817147,0.36695883,1.1748063E-4,0.029397791,1.1743802,41.208157,7.709917,5.897589,1.924992,4.4497023,6.172338,0.9652732,0.0,0.0,0.0,0.0,0.0,0.0,0.0,0.0,0.0,101.46078
10.0,120.0,0.0,0.0,0.0,0.0,0.0,0.0,0.0,0.0,0.0,0.0,0.0,0.0,0.0,0.0,0.0,0.0,0.0,0.0,0.0,0.0,0.0,0.0,0.0,0.0,0.0
10.0,130.0,0.0,0.0,0.0,0.0,0.0,0.0,0.0,0.0,0.0,0.0,0.0,0.0,0.0,0.0,0.0,0.0,0.0,0.0,0.0,0.0,0.0,0.0,0.0,0.0,0.0
10.0,140.0,0.0,0.0,0.0,0.0,0.0,0.0,0.0,0.0,0.0,0.0,0.0,0.0,0.0,0.0,0.0,0.0,0.0,0.0,0.0,0.0,0.0,0.0,0.0,0.0,0.0
10.0,150.0,0.0,0.0,0.0,0.0,0.0,0.0,0.0,0.0,0.0,0.0,0.0,0.0,0.0,0.0,0.0,0.0,0.0,0.0,0.0,0.0,0.0,0.0,0.0,0.0,0.0
10.0,160.0,0.0,0.0,0.0,0.0,0.0,0.0,0.0,0.0,0.0,0.0,0.0,0.0,0.0,0.0,0.0,0.0,0.0,0.0,0.0,0.0,0.0,0.0,0.0,0.0,0.0
11.0,0.0,0.0,0.0,0.0,0.0,0.0,0.0,0.0,0.0,0.0,0.0,0.0,0.0,0.0,0.0,0.0,0.0,0.0,0.0,0.0,0.0,0.0,0.0,0.0,0.0,0.0
11.0,10.0,0.0,0.0,0.0,0.0,0.0,0.0,0.0,0.0,0.0,0.0,0.0,0.0,0.0,0.0,0.0,0.0,0.0,0.0,0.0,0.0,0.0,0.0,0.0,0.0,0.0
11.0,20.0,3.4160876,0.8748725,0.41278294,3.531479,0.0,1.7251617E-7,1.6303475E-4,0.23500146,28.894857,0.7071682,0.028047659,0.78461474,1.6167357,2.5726254,0.34064776,0.0,0.0,0.0,0.0,0.0,0.0,0.0,0.0,0.0,101.89076
11.0,30.0,7.5483665,8.992228,2.8936737,15.054757,0.0,5.592725E-6,0.0014288495,1.0587646,70.53887,5.2342196,0.110388,3.2987545,7.920181,8.660183,1.0177668,0.0,0.0,0.0,0.0,0.0,0.0,0.0,0.0,0.0,262.21323
11.0,40.0,6.979614,20.493359,3.1183488,17.235952,1.2357523E-4,1.2892875E-5,0.0012679369,1.9333866,66.22314,9.623109,0.27973273,3.9446223,6.802341,8.615856,1.23619,0.0,0.0,0.0,0.0,0.0,0.0,0.0,0.0,0.0,228.68704
11.0,50.0,9.333529,35.088142,3.0161514,21.433384,0.0614826,2.9225526E-5,0.0014264631,2.5206447,78.63165,14.812782,0.6865337,4.332863,7.417929,10.588807,1.4229256,0.0,0.0,0.0,0.0,0.0,0.0,0.0,0.0,0.0,245.41948
11.0,60.0,9.1449375,37.941227,4.18807,20.776659,0.117647596,3.2199758E-5,0.0021974249,2.5747752,80.860954,15.4078045,1.2870026,5.1343336,8.603975,10.552471,1.3236108,0.0,0.0,0.0,0.0,0.0,0.0,0.0,0.0,0.0,247.13199
11.0,70.0,7.1732078,31.79619,3.1578388,17.826479,0.18602775,2.264944E-5,0.002158741,2.2472107,65.36573,14.991903,1.5853486,3.965394,7.2634587,8.7633915,1.2653104,0.0,0.0,0.0,0.0,0.0,0.0,0.0,0.0,0.0,187.82318
11.0,80.0,25.886148,107.73727,11.831482,62.532635,0.98085487,2.2116062E-4,0.04092932,7.8857417,229.3106,47.60249,8.389932,14.754024,24.079166,32.119865,3.9140487,0.0,0.0,0.0,0.0,0.0,0.0,0.0,0.0,0.0,664.8605
11.0,90.0,5.4148626,21.773218,2.1862376,11.886877,0.29649252,4.019677E-5,0.012445261,1.4973482,47.087708,9.41525,2.2930343,2.8463356,4.37762,5.861584,0.89215666,0.0,0.0,0.0,0.0,0.0,0.0,0.0,0.0,0.0,125.904816
11.0,100.0,7.744174,31.496788,3.4789448,17.800287,0.5591531,6.8266345E-5,0.03610203,2.3545287,66.271126,13.208646,3.7246506,4.1680827,6.906593,8.994417,1.3487275,0.0,0.0,0.0,0.0,0.0,0.0,0.0,0.0,0.0,179.77599
11.0,110.0,3.9945674,16.240683,1.7473485,9.060692,0.35908753,4.7668964E-5,0.02582957,1.1627941,33.85453,6.948471,4.1461124,2.201392,3.4743629,4.644115,0.65772045,0.0,0.0,0.0,0.0,0.0,0.0,0.0,0.0,0.0,88.98719
11.0,120.0,0.0,0.0,0.0,0.0,0.0,0.0,0.0,0.0,0.0,0.0,0.0,0.0,0.0,0.0,0.0,0.0,0.0,0.0,0.0,0.0,0.0,0.0,0.0,0.0,0.0
11.0,130.0,0.0,0.0,0.0,0.0,0.0,0.0,0.0,0.0,0.0,0.0,0.0,0.0,0.0,0.0,0.0,0.0,0.0,0.0,0.0,0.0,0.0,0.0,0.0,0.0,0.0
11.0,140.0,0.0,0.0,0.0,0.0,0.0,0.0,0.0,0.0,0.0,0.0,0.0,0.0,0.0,0.0,0.0,0.0,0.0,0.0,0.0,0.0,0.0,0.0,0.0,0.0,0.0
11.0,150.0,0.0,0.0,0.0,0.0,0.0,0.0,0.0,0.0,0.0,0.0,0.0,0.0,0.0,0.0,0.0,0.0,0.0,0.0,0.0,0.0,0.0,0.0,0.0,0.0,0.0
11.0,160.0,0.0,0.0,0.0,0.0,0.0,0.0,0.0,0.0,0.0,0.0,0.0,0.0,0.0,0.0,0.0,0.0,0.0,0.0,0.0,0.0,0.0,0.0,0.0,0.0,0.0
12.0,0.0,0.0,0.0,0.0,0.0,0.0,0.0,0.0,0.0,0.0,0.0,0.0,0.0,0.0,0.0,0.0,0.0,0.0,0.0,0.0,0.0,0.0,0.0,0.0,0.0,0.0
12.0,10.0,0.0,0.0,0.0,0.0,0.0,0.0,0.0,0.0,0.0,0.0,0.0,0.0,0.0,0.0,0.0,0.0,0.0,0.0,0.0,0.0,0.0,0.0,0.0,0.0,0.0
12.0,20.0,5.7548532,0.42165065,0.6467672,5.453236,0.0,1.5911849E-7,6.0507405E-4,0.12840587,37.314644,0.5113777,0.030891562,0.5147957,2.3466842,4.802989,0.3448087,0.0,0.0,0.0,0.0,0.0,0.0,0.0,0.0,0.0,144.07939
12.0,30.0,14.22432,9.538489,5.731514,27.200037,0.0,8.662678E-6,0.0030908987,1.2684103,115.316635,7.145513,0.17441152,3.1138663,15.948219,16.512695,1.4049245,0.0,0.0,0.0,0.0,0.0,0.0,0.0,0.0,0.0,432.8988
12.0,40.0,12.268052,23.58148,5.630848,28.869331,5.462111E-5,1.5166413E-5,0.004556089,2.9398775,101.36642,13.433056,0.36438414,4.5122347,14.326859,13.652373,1.4823427,0.0,0.0,0.0,0.0,0.0,0.0,0.0,0.0,0.0,352.80283
12.0,50.0,10.131247,32.591515,3.4545527,22.051928,0.07735282,2.6934285E-5,0.0037688469,2.0895963,76.23124,13.494665,0.6067132,3.923782,8.472975,11.846423,1.1364093,0.0,0.0,0.0,0.0,0.0,0.0,0.0,0.0,0.0,236.54985
12.0,60.0,10.837967,41.96768,5.227785,26.838623,0.1948667,9.531343E-5,0.0029778695,2.704873,90.72836,16.678139,1.294309,4.3012996,10.868219,12.950157,1.2079209,0.0,0.0,0.0,0.0,0.0,0.0,0.0,0.0,0.0,269.90036
12.0,70.0,7.615311,29.100819,3.8472703,19.094736,0.26690203,1.5242095E-4,0.0017092741,1.9960517,58.27586,11.7233,1.4374756,3.206214,8.487354,8.775689,1.0507163,0.0,0.0,0.0,0.0,0.0,0.0,0.0,0.0,0.0,177.47511
12.0,80.0,31.062906,112.877045,14.096835,72.56573,1.8298784,5.3958665E-4,0.015976653,7.698122,231.75952,45.826397,9.45311,13.182408,29.369493,36.762665,3.7072132,0.0,0.0,0.0,0.0,0.0,0.0,0.0,0.0,0.0,678.2683
12.0,90.0,5.706161,20.25593,2.6666453,13.506807,0.41693795,1.3115884E-4,0.009230821,1.4443423,42.779186,8.654985,2.371269,2.4250631,5.0204716,6.575818,0.7306789,0.0,0.0,0.0,0.0,0.0,0.0,0.0,0.0,0.0,121.15752
12.0,100.0,8.082191,28.247995,3.671426,18.575377,0.6915931,2.614429E-4,0.020536449,1.942898,60.05669,11.853556,3.8731835,3.1569397,7.7359877,9.477176,0.9985531,0.0,0.0,0.0,0.0,0.0,0.0,0.0,0.0,0.0,163.98582
12.0,110.0,4.027786,13.7523575,1.803166,8.995701,0.3986598,1.2242887E-4,0.01077339,0.94056076,29.357576,5.8651805,2.796746,1.5961915,3.4988396,4.6957955,0.47916573,0.0,0.0,0.0,0.0,0.0,0.0,0.0,0.0,0.0,77.68745
12.0,120.0,0.0,0.0,0.0,0.0,0.0,0.0,0.0,0.0,0.0,0.0,0.0,0.0,0.0,0.0,0.0,0.0,0.0,0.0,0.0,0.0,0.0,0.0,0.0,0.0,0.0
12.0,130.0,0.0,0.0,0.0,0.0,0.0,0.0,0.0,0.0,0.0,0.0,0.0,0.0,0.0,0.0,0.0,0.0,0.0,0.0,0.0,0.0,0.0,0.0,0.0,0.0,0.0
12.0,140.0,0.0,0.0,0.0,0.0,0.0,0.0,0.0,0.0,0.0,0.0,0.0,0.0,0.0,0.0,0.0,0.0,0.0,0.0,0.0,0.0,0.0,0.0,0.0,0.0,0.0
12.0,150.0,0.0,0.0,0.0,0.0,0.0,0.0,0.0,0.0,0.0,0.0,0.0,0.0,0.0,0.0,0.0,0.0,0.0,0.0,0.0,0.0,0.0,0.0,0.0,0.0,0.0
12.0,160.0,0.0,0.0,0.0,0.0,0.0,0.0,0.0,0.0,0.0,0.0,0.0,0.0,0.0,0.0,0.0,0.0,0.0,0.0,0.0,0.0,0.0,0.0,0.0,0.0,0.0
13.0,0.0,0.0,0.0,0.0,0.0,0.0,0.0,0.0,0.0,0.0,0.0,0.0,0.0,0.0,0.0,0.0,0.0,0.0,0.0,0.0,0.0,0.0,0.0,0.0,0.0,0.0
13.0,10.0,0.0,0.0,0.0,0.0,0.0,0.0,0.0,0.0,0.0,0.0,0.0,0.0,0.0,0.0,0.0,0.0,0.0,0.0,0.0,0.0,0.0,0.0,0.0,0.0,0.0
13.0,20.0,5.236823,0.6122178,0.71756315,6.629619,0.0,1.8259627E-7,3.7832704E-4,0.29042092,39.14985,0.54506737,0.01890178,0.52748024,2.3153834,6.284708,0.20512739,0.0,0.0,0.0,0.0,0.0,0.0,0.0,0.0,0.0,133.12114
13.0,30.0,17.841043,10.480797,5.959291,36.003002,0.0,7.643453E-6,0.0044707763,2.232131,143.029,7.5270596,0.13777302,3.4632127,14.846085,23.05901,1.8491932,0.0,0.0,0.0,0.0,0.0,0.0,0.0,0.0,0.0,502.44333
13.0,40.0,23.296043,37.885338,10.436516,62.923485,5.698023E-4,1.4980236E-5,0.015009644,5.8927264,189.1185,18.389563,0.5207107,6.6765084,21.59596,30.109768,3.1605148,0.0,0.0,0.0,0.0,0.0,0.0,0.0,0.0,0.0,656.53577
13.0,50.0,11.623688,36.316776,4.257344,30.111544,0.07293733,1.4228518E-5,0.011819484,2.8740025,96.57223,13.173554,0.5857527,4.0815835,11.424343,15.933534,1.4125437,0.0,0.0,0.0,0.0,0.0,0.0,0.0,0.0,0.0,285.52917
13.0,60.0,11.99435,41.0242,4.9583845,30.553947,0.19490027,3.7777543E-5,0.011020534,2.9885895,91.07947,14.979981,1.1699243,3.6725512,9.783018,15.845833,1.5334302,0.0,0.0,0.0,0.0,0.0,0.0,0.0,0.0,0.0,270.44882
13.0,70.0,9.920855,36.34249,4.920548,26.580992,0.38150898,4.2251217E-5,0.013290928,2.8074708,79.75105,13.257012,1.7207074,3.4120674,9.358428,13.443084,1.28024,0.0,0.0,0.0,0.0,0.0,0.0,0.0,0.0,0.0,229.35075
13.0,80.0,26.677149,82.97689,10.814698,62.30491,2.158038,4.4545575E-4,0.019783692,6.4707217,199.01018,32.779476,8.075851,8.3903885,18.11016,34.71635,3.053596,0.0,0.0,0.0,0.0,0.0,0.0,0.0,0.0,0.0,533.48035
13.0,90.0,10.399369,38.35107,5.764575,28.815268,1.1538812,2.1041324E-4,0.02131473,2.7785668,81.95409,14.137327,4.258085,3.2384334,11.680526,12.789755,1.3036329,0.0,0.0,0.0,0.0,0.0,0.0,0.0,0.0,0.0,230.20204
13.0,100.0,7.6862144,24.702305,3.5027077,18.64229,0.90116596,2.766358E-4,0.016432678,1.8742423,57.747383,9.785549,3.8544059,2.3273542,6.0107317,9.793881,0.98640674,0.0,0.0,0.0,0.0,0.0,0.0,0.0,0.0,0.0,148.93857
13.0,110.0,3.4213293,11.355362,1.541345,8.381581,0.4556922,1.4818378E-4,0.0070575145,0.8475678,25.664576,4.456478,1.9103693,1.0863186,2.6926758,4.394399,0.42696047,0.0,0.0,0.0,0.0,0.0,0.0,0.0,0.0,0.0,65.45626
13.0,120.0,0.0,0.0,0.0,0.0,0.0,0.0,0.0,0.0,0.0,0.0,0.0,0.0,0.0,0.0,0.0,0.0,0.0,0.0,0.0,0.0,0.0,0.0,0.0,0.0,0.0
13.0,130.0,0.0,0.0,0.0,0.0,0.0,0.0,0.0,0.0,0.0,0.0,0.0,0.0,0.0,0.0,0.0,0.0,0.0,0.0,0.0,0.0,0.0,0.0,0.0,0.0,0.0
13.0,140.0,0.0,0.0,0.0,0.0,0.0,0.0,0.0,0.0,0.0,0.0,0.0,0.0,0.0,0.0,0.0,0.0,0.0,0.0,0.0,0.0,0.0,0.0,0.0,0.0,0.0
13.0,150.0,0.0,0.0,0.0,0.0,0.0,0.0,0.0,0.0,0.0,0.0,0.0,0.0,0.0,0.0,0.0,0.0,0.0,0.0,0.0,0.0,0.0,0.0,0.0,0.0,0.0
13.0,160.0,0.0,0.0,0.0,0.0,0.0,0.0,0.0,0.0,0.0,0.0,0.0,0.0,0.0,0.0,0.0,0.0,0.0,0.0,0.0,0.0,0.0,0.0,0.0,0.0,0.0
14.0,0.0,0.0,0.0,0.0,0.0,0.0,0.0,0.0,0.0,0.0,0.0,0.0,0.0,0.0,0.0,0.0,0.0,0.0,0.0,0.0,0.0,0.0,0.0,0.0,0.0,0.0
14.0,10.0,0.0,0.0,0.0,0.0,0.0,0.0,0.0,0.0,0.0,0.0,0.0,0.0,0.0,0.0,0.0,0.0,0.0,0.0,0.0,0.0,0.0,0.0,0.0,0.0,0.0
14.0,20.0,6.332658,1.1428274,0.73066354,6.7695007,0.0,1.3407102E-7,4.1052964E-4,0.49400184,35.839924,0.54162645,0.009209029,0.6890997,1.4907099,3.025852,0.17974842,0.0,0.0,0.0,0.0,0.0,0.0,0.0,0.0,0.0,124.930016
14.0,30.0,22.865488,15.045211,5.9468846,36.866108,0.0,5.7633606E-6,0.004948455,2.7561104,142.94337,8.02255,0.07366285,4.6775126,10.209444,16.405762,1.7074425,0.0,0.0,0.0,0.0,0.0,0.0,0.0,0.0,0.0,489.7955
14.0,40.0,43.06171,57.080997,14.203884,87.97013,4.94835E-4,7.719537E-6,0.0125155,9.564882,259.66132,23.911926,0.33936986,10.844163,19.496702,30.13838,3.773667,0.0,0.0,0.0,0.0,0.0,0.0,0.0,0.0,0.0,864.8148
14.0,50.0,29.302263,66.65813,9.038526,65.49428,0.11752712,2.0560756E-5,0.030975025,7.103748,185.00177,23.679691,0.6656985,8.533064,15.591881,23.326563,2.9302025,0.0,0.0,0.0,0.0,0.0,0.0,0.0,0.0,0.0,572.652
14.0,60.0,16.277903,39.038254,5.3483543,31.434158,0.19363444,2.192597E-5,0.022740304,3.8023937,94.775665,12.809744,0.9032945,4.55772,7.082496,11.672835,1.5613781,0.0,0.0,0.0,0.0,0.0,0.0,0.0,0.0,0.0,275.09338
14.0,70.0,16.646202,42.037537,6.12467,33.391003,0.44929257,4.0317E-5,0.028335253,3.946683,99.16361,14.681833,1.7135564,4.4237795,8.690422,12.668982,1.4688299,0.0,0.0,0.0,0.0,0.0,0.0,0.0,0.0,0.0,277.7981
14.0,80.0,19.613161,43.5824,5.680945,32.465324,1.2328993,9.4816E-5,0.03529497,4.626086,103.650276,15.386311,3.823304,5.027967,5.925611,13.556503,1.5034738,0.0,0.0,0.0,0.0,0.0,0.0,0.0,0.0,0.0,279.28668
14.0,90.0,27.866613,74.33558,12.009057,60.536926,2.9110806,1.6264683E-4,0.08099775,7.251845,167.76106,25.709793,8.154569,8.835442,15.295155,21.480282,2.9026282,0.0,0.0,0.0,0.0,0.0,0.0,0.0,0.0,0.0,475.71222
14.0,100.0,9.516647,22.555397,3.3439484,18.58461,1.1838574,1.3009584E-4,0.026295496,2.2342663,55.182175,8.046386,3.6825461,2.7119594,4.0227695,7.159648,0.86263597,0.0,0.0,0.0,0.0,0.0,0.0,0.0,0.0,0.0,142.41858
14.0,110.0,3.7037427,9.189266,1.3189281,7.3052063,0.51383704,1.11307025E-4,0.009852199,0.9193134,21.544752,3.151168,1.625587,1.029209,1.7074999,2.747626,0.3541912,0.0,0.0,0.0,0.0,0.0,0.0,0.0,0.0,0.0,54.20609
14.0,120.0,0.0,0.0,0.0,0.0,0.0,0.0,0.0,0.0,0.0,0.0,0.0,0.0,0.0,0.0,0.0,0.0,0.0,0.0,0.0,0.0,0.0,0.0,0.0,0.0,0.0
14.0,130.0,0.0,0.0,0.0,0.0,0.0,0.0,0.0,0.0,0.0,0.0,0.0,0.0,0.0,0.0,0.0,0.0,0.0,0.0,0.0,0.0,0.0,0.0,0.0,0.0,0.0
14.0,140.0,0.0,0.0,0.0,0.0,0.0,0.0,0.0,0.0,0.0,0.0,0.0,0.0,0.0,0.0,0.0,0.0,0.0,0.0,0.0,0.0,0.0,0.0,0.0,0.0,0.0
14.0,150.0,0.0,0.0,0.0,0.0,0.0,0.0,0.0,0.0,0.0,0.0,0.0,0.0,0.0,0.0,0.0,0.0,0.0,0.0,0.0,0.0,0.0,0.0,0.0,0.0,0.0
14.0,160.0,0.0,0.0,0.0,0.0,0.0,0.0,0.0,0.0,0.0,0.0,0.0,0.0,0.0,0.0,0.0,0.0,0.0,0.0,0.0,0.0,0.0,0.0,0.0,0.0,0.0
15.0,0.0,0.0,0.0,0.0,0.0,0.0,0.0,0.0,0.0,0.0,0.0,0.0,0.0,0.0,0.0,0.0,0.0,0.0,0.0,0.0,0.0,0.0,0.0,0.0,0.0,0.0
15.0,10.0,0.0,0.0,0.0,0.0,0.0,0.0,0.0,0.0,0.0,0.0,0.0,0.0,0.0,0.0,0.0,0.0,0.0,0.0,0.0,0.0,0.0,0.0,0.0,0.0,0.0
15.0,20.0,5.0813046,1.2403932,0.5547756,6.3097954,0.0,8.500182E-8,7.324162E-5,0.30179024,32.330982,0.80957246,0.012157323,0.66447824,1.2821325,2.8916683,0.25557065,0.0,0.0,0.0,0.0,0.0,0.0,0.0,0.0,0.0,120.52962
15.0,30.0,17.55398,16.47255,5.566581,35.84454,0.0,2.1681174E-6,0.0023307772,2.5554094,125.821526,8.610204,0.08031491,4.4509745,9.195333,15.062083,1.7039639,0.0,0.0,0.0,0.0,0.0,0.0,0.0,0.0,0.0,468.64273
15.0,40.0,35.02918,69.65667,15.350777,94.080124,7.7596185E-4,8.055414E-6,0.005539024,10.196199,253.6026,28.11106,0.33362988,11.188306,18.576836,29.73017,4.302529,0.0,0.0,0.0,0.0,0.0,0.0,0.0,0.0,0.0,881.5037
15.0,50.0,40.91747,121.38348,16.40387,116.210686,0.23305444,3.0295112E-5,0.03774774,13.016915,303.2379,42.67116,0.73978484,15.129395,23.5168,38.888393,4.8793263,0.0,0.0,0.0,0.0,0.0,0.0,0.0,0.0,0.0,965.4859
15.0,60.0,17.528494,61.74833,9.815616,49.784145,0.229251,3.014416E-5,0.025092216,6.4525766,129.88705,20.335392,0.6494242,6.613011,11.8950205,16.656265,2.6192858,0.0,0.0,0.0,0.0,0.0,0.0,0.0,0.0,0.0,423.4884
15.0,70.0,13.480968,43.21387,7.0050435,38.079525,0.47727513,8.103591E-5,0.031583633,4.6837335,100.270996,15.709474,1.2946624,5.50054,8.642802,12.327551,1.7833114,0.0,0.0,0.0,0.0,0.0,0.0,0.0,0.0,0.0,296.18515
15.0,80.0,10.218318,30.111988,4.6853747,25.735928,0.75002724,8.086825E-5,0.021686526,3.2874746,69.008934,10.165593,2.0311599,3.4081988,4.77534,9.130942,1.1362611,0.0,0.0,0.0,0.0,0.0,0.0,0.0,0.0,0.0,197.84666
15.0,90.0,29.219315,87.85708,14.069537,78.56138,3.704329,1.7051469E-4,0.10849281,9.794598,202.51668,34.16692,9.583616,10.618469,15.521558,26.740757,3.2948112,0.0,0.0,0.0,0.0,0.0,0.0,0.0,0.0,0.0,580.5604
15.0,100.0,7.1607814,21.6049,3.353726,18.340658,1.3441247,8.039417E-5,0.025634095,2.3118947,48.857227,7.8350186,3.3218925,2.6519399,3.879831,6.6035376,0.8649779,0.0,0.0,0.0,0.0,0.0,0.0,0.0,0.0,0.0,133.80598
15.0,110.0,2.4057753,7.255028,1.1025431,6.271552,0.54338324,4.6603804E-5,0.008230903,0.7797139,16.61533,2.661474,1.3673477,0.92216414,1.2467803,2.181271,0.28792495,0.0,0.0,0.0,0.0,0.0,0.0,0.0,0.0,0.0,44.38832
15.0,120.0,0.0,0.0,0.0,0.0,0.0,0.0,0.0,0.0,0.0,0.0,0.0,0.0,0.0,0.0,0.0,0.0,0.0,0.0,0.0,0.0,0.0,0.0,0.0,0.0,0.0
15.0,130.0,0.0,0.0,0.0,0.0,0.0,0.0,0.0,0.0,0.0,0.0,0.0,0.0,0.0,0.0,0.0,0.0,0.0,0.0,0.0,0.0,0.0,0.0,0.0,0.0,0.0
15.0,140.0,0.0,0.0,0.0,0.0,0.0,0.0,0.0,0.0,0.0,0.0,0.0,0.0,0.0,0.0,0.0,0.0,0.0,0.0,0.0,0.0,0.0,0.0,0.0,0.0,0.0
15.0,150.0,0.0,0.0,0.0,0.0,0.0,0.0,0.0,0.0,0.0,0.0,0.0,0.0,0.0,0.0,0.0,0.0,0.0,0.0,0.0,0.0,0.0,0.0,0.0,0.0,0.0
15.0,160.0,0.0,0.0,0.0,0.0,0.0,0.0,0.0,0.0,0.0,0.0,0.0,0.0,0.0,0.0,0.0,0.0,0.0,0.0,0.0,0.0,0.0,0.0,0.0,0.0,0.0
16.0,0.0,0.0,0.0,0.0,0.0,0.0,0.0,0.0,0.0,0.0,0.0,0.0,0.0,0.0,0.0,0.0,0.0,0.0,0.0,0.0,0.0,0.0,0.0,0.0,0.0,0.0
16.0,10.0,0.0,0.0,0.0,0.0,0.0,0.0,0.0,0.0,0.0,0.0,0.0,0.0,0.0,0.0,0.0,0.0,0.0,0.0,0.0,0.0,0.0,0.0,0.0,0.0,0.0
16.0,20.0,4.766078,1.3544878,0.7573847,6.3349147,0.0,7.126412E-8,1.3633081E-4,0.29897353,29.34012,0.75935924,0.010543635,0.57433087,1.4537522,3.2253084,0.3361815,0.0,0.0,0.0,0.0,0.0,0.0,0.0,0.0,0.0,121.201584
16.0,30.0,15.758511,15.817691,6.2470837,36.789253,0.0,3.258187E-6,0.002301597,1.8551562,114.33666,8.001796,0.076518334,4.1341076,9.938215,15.222399,1.715754,0.0,0.0,0.0,0.0,0.0,0.0,0.0,0.0,0.0,461.14645
16.0,40.0,29.48064,61.865658,14.935296,92.4631,5.0960353E-4,7.716209E-6,0.0048100357,8.610206,225.7587,30.584715,0.34045342,10.94415,20.2183,29.910069,4.9367347,0.0,0.0,0.0,0.0,0.0,0.0,0.0,0.0,0.0,847.73596
16.0,50.0,49.0782,138.12717,19.854353,139.48262,0.32236975,2.9308367E-5,0.011751933,15.042341,333.86847,58.449852,0.9800882,15.739743,28.929756,47.385506,7.6617494,0.0,0.0,0.0,0.0,0.0,0.0,0.0,0.0,0.0,1167.9615
16.0,60.0,31.508343,119.920395,19.930801,106.28229,0.46954003,6.607985E-5,0.018787097,11.101682,249.13892,48.285866,1.0897928,12.829261,27.473274,31.460808,5.1839767,0.0,0.0,0.0,0.0,0.0,0.0,0.0,0.0,0.0,855.96423
16.0,70.0,12.65861,45.73738,7.334914,41.58885,0.4993961,3.9406685E-5,0.014553888,4.644228,91.87807,17.066309,0.7785304,4.931891,10.193351,13.723037,2.1016672,0.0,0.0,0.0,0.0,0.0,0.0,0.0,0.0,0.0,313.07663
16.0,80.0,10.476877,36.462543,5.5999284,32.870384,0.84943825,9.0205904E-5,0.022475775,3.4190364,74.237656,13.9042635,1.8062788,4.051557,6.500024,10.929427,1.6038334,0.0,0.0,0.0,0.0,0.0,0.0,0.0,0.0,0.0,239.90553
16.0,90.0,27.048996,87.93078,14.804484,78.04028,3.6762962,2.3766866E-4,0.09987375,8.836546,182.11568,34.978786,8.598241,9.697847,17.945692,25.617304,4.5010433,0.0,0.0,0.0,0.0,0.0,0.0,0.0,0.0,0.0,581.937
16.0,100.0,5.6540685,19.660059,3.2982879,17.55253,1.2661048,9.102138E-5,0.020797376,1.8833818,41.67333,7.9228683,2.7641385,2.1289144,3.9163785,5.800953,0.91772187,0.0,0.0,0.0,0.0,0.0,0.0,0.0,0.0,0.0,124.200516
16.0,110.0,1.8611048,6.0268397,1.023148,5.5335994,0.53061527,3.4364297E-5,0.0074353977,0.61721164,12.891946,2.4610326,1.1316785,0.6828323,1.1771586,1.8476619,0.2914955,0.0,0.0,0.0,0.0,0.0,0.0,0.0,0.0,0.0,37.68997
16.0,120.0,0.0,0.0,0.0,0.0,0.0,0.0,0.0,0.0,0.0,0.0,0.0,0.0,0.0,0.0,0.0,0.0,0.0,0.0,0.0,0.0,0.0,0.0,0.0,0.0,0.0
16.0,130.0,0.0,0.0,0.0,0.0,0.0,0.0,0.0,0.0,0.0,0.0,0.0,0.0,0.0,0.0,0.0,0.0,0.0,0.0,0.0,0.0,0.0,0.0,0.0,0.0,0.0
16.0,140.0,0.0,0.0,0.0,0.0,0.0,0.0,0.0,0.0,0.0,0.0,0.0,0.0,0.0,0.0,0.0,0.0,0.0,0.0,0.0,0.0,0.0,0.0,0.0,0.0,0.0
16.0,150.0,0.0,0.0,0.0,0.0,0.0,0.0,0.0,0.0,0.0,0.0,0.0,0.0,0.0,0.0,0.0,0.0,0.0,0.0,0.0,0.0,0.0,0.0,0.0,0.0,0.0
16.0,160.0,0.0,0.0,0.0,0.0,0.0,0.0,0.0,0.0,0.0,0.0,0.0,0.0,0.0,0.0,0.0,0.0,0.0,0.0,0.0,0.0,0.0,0.0,0.0,0.0,0.0
17.0,0.0,0.0,0.0,0.0,0.0,0.0,0.0,0.0,0.0,0.0,0.0,0.0,0.0,0.0,0.0,0.0,0.0,0.0,0.0,0.0,0.0,0.0,0.0,0.0,0.0,0.0
17.0,10.0,0.0,0.0,0.0,0.0,0.0,0.0,0.0,0.0,0.0,0.0,0.0,0.0,0.0,0.0,0.0,0.0,0.0,0.0,0.0,0.0,0.0,0.0,0.0,0.0,0.0
17.0,20.0,5.4185777,0.7849905,0.8577158,6.932024,0.0,5.988921E-8,2.560894E-4,0.30047596,28.076647,0.57023966,0.011237906,0.56505316,1.5018814,4.022491,0.3289835,0.0,0.0,0.0,0.0,0.0,0.0,0.0,0.0,0.0,122.01444
17.0,30.0,17.904076,11.680901,5.5446014,38.99674,0.0,4.825745E-7,0.003188034,2.0110152,113.12031,6.131357,0.07370756,3.684931,10.258549,15.816976,1.9712113,0.0,0.0,0.0,0.0,0.0,0.0,0.0,0.0,0.0,464.58273
17.0,40.0,34.40945,52.81821,13.045386,96.03548,3.1490656E-4,8.640066E-6,0.009881915,7.712599,203.89505,28.03767,0.3086203,9.172789,18.896511,30.77895,4.5316463,0.0,0.0,0.0,0.0,0.0,0.0,0.0,0.0,0.0,840.34576
17.0,50.0,53.888367,128.37856,17.65469,144.22552,0.3380069,6.148811E-5,0.034408152,13.637264,326.91364,56.81091,0.90937513,14.994344,26.668312,51.999226,6.382296,0.0,0.0,0.0,0.0,0.0,0.0,0.0,0.0,0.0,1167.3654
17.0,60.0,63.355957,172.53476,26.586424,173.2379,0.856034,1.2967082E-4,0.044947643,17.343126,380.0084,72.10019,1.7922333,18.360783,36.467293,60.98618,8.011889,0.0,0.0,0.0,0.0,0.0,0.0,0.0,0.0,0.0,1355.8141
17.0,70.0,20.011408,63.173443,10.710366,61.05785,0.6779343,8.24819E-5,0.02581635,5.9706035,132.802,24.99364,0.9551484,6.637306,14.8842,20.123611,2.5985377,0.0,0.0,0.0,0.0,0.0,0.0,0.0,0.0,0.0,455.42285
17.0,80.0,14.976055,39.934937,6.0915437,40.478073,1.0342165,1.0371876E-4,0.012375288,3.9910853,89.85806,16.796335,1.4285481,4.663252,7.54301,13.847432,1.8766143,0.0,0.0,0.0,0.0,0.0,0.0,0.0,0.0,0.0,290.5608
17.0,90.0,29.347694,81.428444,12.802977,79.735115,3.8624866,3.830027E-4,0.05336419,7.493244,175.31085,33.654034,7.1298304,8.858938,16.269535,28.085434,3.5057688,0.0,0.0,0.0,0.0,0.0,0.0,0.0,0.0,0.0,561.5362
17.0,100.0,6.4080014,17.421505,2.795224,17.41302,1.2009952,9.709736E-5,0.017408434,1.739798,38.645527,7.4485197,2.3372805,1.9381872,3.4818082,6.220765,0.8074962,0.0,0.0,0.0,0.0,0.0,0.0,0.0,0.0,0.0,118.29757
17.0,110.0,1.7184767,4.664111,0.77933663,4.594965,0.44584313,2.6544003E-5,0.0050436235,0.44664362,10.10806,1.9152793,0.8724746,0.5077847,0.92424935,1.6000097,0.2101413,0.0,0.0,0.0,0.0,0.0,0.0,0.0,0.0,0.0,30.767801
17.0,120.0,0.0,0.0,0.0,0.0,0.0,0.0,0.0,0.0,0.0,0.0,0.0,0.0,0.0,0.0,0.0,0.0,0.0,0.0,0.0,0.0,0.0,0.0,0.0,0.0,0.0
17.0,130.0,0.0,0.0,0.0,0.0,0.0,0.0,0.0,0.0,0.0,0.0,0.0,0.0,0.0,0.0,0.0,0.0,0.0,0.0,0.0,0.0,0.0,0.0,0.0,0.0,0.0
17.0,140.0,0.0,0.0,0.0,0.0,0.0,0.0,0.0,0.0,0.0,0.0,0.0,0.0,0.0,0.0,0.0,0.0,0.0,0.0,0.0,0.0,0.0,0.0,0.0,0.0,0.0
17.0,150.0,0.0,0.0,0.0,0.0,0.0,0.0,0.0,0.0,0.0,0.0,0.0,0.0,0.0,0.0,0.0,0.0,0.0,0.0,0.0,0.0,0.0,0.0,0.0,0.0,0.0
17.0,160.0,0.0,0.0,0.0,0.0,0.0,0.0,0.0,0.0,0.0,0.0,0.0,0.0,0.0,0.0,0.0,0.0,0.0,0.0,0.0,0.0,0.0,0.0,0.0,0.0,0.0
18.0,0.0,0.0,0.0,0.0,0.0,0.0,0.0,0.0,0.0,0.0,0.0,0.0,0.0,0.0,0.0,0.0,0.0,0.0,0.0,0.0,0.0,0.0,0.0,0.0,0.0,0.0
18.0,10.0,0.0,0.0,0.0,0.0,0.0,0.0,0.0,0.0,0.0,0.0,0.0,0.0,0.0,0.0,0.0,0.0,0.0,0.0,0.0,0.0,0.0,0.0,0.0,0.0,0.0
18.0,20.0,5.0076475,0.71845156,0.81475866,7.1030545,0.0,4.7476753E-8,1.257792E-4,0.13443673,27.840199,0.38246545,0.011413399,0.5319036,0.97360694,5.2613363,0.2992224,0.0,0.0,0.0,0.0,0.0,0.0,0.0,0.0,0.0,124.61588
18.0,30.0,18.504183,10.688719,6.3260946,39.885334,0.0,2.122865E-6,0.0016025596,1.5538946,113.06863,5.215586,0.07922267,3.5212712,6.480491,20.435564,1.8344276,0.0,0.0,0.0,0.0,0.0,0.0,0.0,0.0,0.0,471.88757
18.0,40.0,35.4529,48.06156,14.319439,98.25778,7.466952E-4,3.2411863E-6,0.0089984285,7.373681,207.62987,22.201532,0.3134227,8.670392,12.206044,39.24241,3.932408,0.0,0.0,0.0,0.0,0.0,0.0,0.0,0.0,0.0,847.5676
18.0,50.0,54.469276,115.12346,17.724432,145.26434,0.3221548,5.822691E-6,0.04994184,12.121151,311.56155,44.04213,0.8434246,14.233922,16.747805,62.699127,6.074913,0.0,0.0,0.0,0.0,0.0,0.0,0.0,0.0,0.0,1133.629
18.0,60.0,77.13184,191.33768,29.689169,214.25519,1.101872,6.3894613E-6,0.12894921,17.553175,444.6983,71.683685,1.971127,20.919668,26.629314,88.49742,9.146137,0.0,0.0,0.0,0.0,0.0,0.0,0.0,0.0,0.0,1581.5485
18.0,70.0,39.39262,112.66945,20.991106,127.5077,1.3748164,6.4934434E-6,0.074412204,11.539235,260.10608,42.21807,1.7438327,12.925358,19.326025,50.06888,5.0408235,0.0,0.0,0.0,0.0,0.0,0.0,0.0,0.0,0.0,909.68085
18.0,80.0,16.51491,41.7893,7.008765,44.933315,1.2503335,8.3685365E-5,0.027337696,3.7650146,97.31114,15.82406,1.1467628,4.6604753,5.3253794,19.327724,1.8104597,0.0,0.0,0.0,0.0,0.0,0.0,0.0,0.0,0.0,324.0265
18.0,90.0,27.66854,69.95814,12.826581,75.32708,3.889657,1.411038E-4,0.0455045,6.8456283,166.04327,26.14556,5.360678,7.5519958,9.5807705,32.42814,3.2392726,0.0,0.0,0.0,0.0,0.0,0.0,0.0,0.0,0.0,527.10187
18.0,100.0,7.656045,21.687479,3.5380938,22.848152,1.5017676,5.748565E-5,0.013500216,2.032262,48.032642,8.078026,2.4063401,2.3399806,3.5060546,9.241268,0.90299505,0.0,0.0,0.0,0.0,0.0,0.0,0.0,0.0,0.0,154.96593
18.0,110.0,1.3440154,3.4738305,0.5973804,3.842831,0.35078567,2.9243347E-5,0.0042979447,0.32935232,7.90942,1.3317969,0.63713384,0.3747175,0.48983756,1.6542763,0.15546644,0.0,0.0,0.0,0.0,0.0,0.0,0.0,0.0,0.0,24.571232
18.0,120.0,0.0,0.0,0.0,0.0,0.0,0.0,0.0,0.0,0.0,0.0,0.0,0.0,0.0,0.0,0.0,0.0,0.0,0.0,0.0,0.0,0.0,0.0,0.0,0.0,0.0
18.0,130.0,0.0,0.0,0.0,0.0,0.0,0.0,0.0,0.0,0.0,0.0,0.0,0.0,0.0,0.0,0.0,0.0,0.0,0.0,0.0,0.0,0.0,0.0,0.0,0.0,0.0
18.0,140.0,0.0,0.0,0.0,0.0,0.0,0.0,0.0,0.0,0.0,0.0,0.0,0.0,0.0,0.0,0.0,0.0,0.0,0.0,0.0,0.0,0.0,0.0,0.0,0.0,0.0
18.0,150.0,0.0,0.0,0.0,0.0,0.0,0.0,0.0,0.0,0.0,0.0,0.0,0.0,0.0,0.0,0.0,0.0,0.0,0.0,0.0,0.0,0.0,0.0,0.0,0.0,0.0
18.0,160.0,0.0,0.0,0.0,0.0,0.0,0.0,0.0,0.0,0.0,0.0,0.0,0.0,0.0,0.0,0.0,0.0,0.0,0.0,0.0,0.0,0.0,0.0,0.0,0.0,0.0
19.0,0.0,0.0,0.0,0.0,0.0,0.0,0.0,0.0,0.0,0.0,0.0,0.0,0.0,0.0,0.0,0.0,0.0,0.0,0.0,0.0,0.0,0.0,0.0,0.0,0.0,0.0
19.0,10.0,0.0,0.0,0.0,0.0,0.0,0.0,0.0,0.0,0.0,0.0,0.0,0.0,0.0,0.0,0.0,0.0,0.0,0.0,0.0,0.0,0.0,0.0,0.0,0.0,0.0
19.0,20.0,5.346085,0.87359977,0.8177418,7.0708504,0.0,4.1140236E-8,2.4727118E-4,0.17265059,30.66348,0.3767224,0.009066185,0.37119898,1.0068741,5.4699745,0.40984133,0.0,0.0,0.0,0.0,0.0,0.0,0.0,0.0,0.0,123.52698
19.0,30.0,17.046358,10.639143,6.4169817,42.4353,0.0,1.4634904E-6,0.0021154224,1.7226273,120.52317,4.054467,0.06783578,2.2304387,7.1211953,22.29293,2.2039504,0.0,0.0,0.0,0.0,0.0,0.0,0.0,0.0,0.0,468.5183
19.0,40.0,31.375387,44.832523,16.481405,102.87711,0.0011177359,4.162126E-6,0.0062130955,7.3646774,229.20764,16.732603,0.28778714,5.898212,14.164851,41.44193,4.8340983,0.0,0.0,0.0,0.0,0.0,0.0,0.0,0.0,0.0,848.56586
19.0,50.0,47.510662,108.00101,20.684706,150.10034,0.3385714,2.13908E-5,0.0104442425,11.512206,332.33755,34.214767,0.75279045,9.785819,18.860912,66.346756,6.811929,0.0,0.0,0.0,0.0,0.0,0.0,0.0,0.0,0.0,1114.7488
19.0,60.0,67.642136,180.1445,32.95018,216.07379,1.0615202,3.235359E-5,0.023282684,17.544937,486.29065,55.48254,1.7662216,15.268603,29.010998,94.006256,10.306497,0.0,0.0,0.0,0.0,0.0,0.0,0.0,0.0,0.0,1550.397
19.0,70.0,67.07538,177.83994,38.221073,218.73357,2.3648973,1.0707564E-4,0.059481762,18.875528,481.6823,57.323944,2.6395943,15.654041,33.758568,90.47692,10.237326,0.0,0.0,0.0,0.0,0.0,0.0,0.0,0.0,0.0,1530.8821
19.0,80.0,16.326641,41.953365,8.037823,50.80486,1.3069651,2.7600365E-5,0.027395332,4.1180196,116.30263,13.359466,1.0802634,3.6208117,6.518873,23.068727,2.4285982,0.0,0.0,0.0,0.0,0.0,0.0,0.0,0.0,0.0,346.50662
19.0,90.0,17.144835,44.700005,9.665655,54.427956,2.6220548,3.6834175E-5,0.03169182,4.6628046,119.01168,14.159908,2.3879669,3.987051,6.5518484,23.090517,2.7318008,0.0,0.0,0.0,0.0,0.0,0.0,0.0,0.0,0.0,363.07474
19.0,100.0,15.862658,42.815636,8.119301,50.892467,2.9547794,5.701379E-5,0.01867454,4.1238384,111.57211,13.42453,3.3737388,3.6437612,7.8456044,21.940458,2.3649943,0.0,0.0,0.0,0.0,0.0,0.0,0.0,0.0,0.0,323.8923
19.0,110.0,1.1294086,2.7322264,0.57496834,3.4034572,0.3013433,1.1379981E-5,0.0017443327,0.27888948,7.6069965,0.910094,0.49047908,0.2620464,0.45029804,1.4851722,0.16285804,0.0,0.0,0.0,0.0,0.0,0.0,0.0,0.0,0.0,21.330929
19.0,120.0,0.0,0.0,0.0,0.0,0.0,0.0,0.0,0.0,0.0,0.0,0.0,0.0,0.0,0.0,0.0,0.0,0.0,0.0,0.0,0.0,0.0,0.0,0.0,0.0,0.0
19.0,130.0,0.0,0.0,0.0,0.0,0.0,0.0,0.0,0.0,0.0,0.0,0.0,0.0,0.0,0.0,0.0,0.0,0.0,0.0,0.0,0.0,0.0,0.0,0.0,0.0,0.0
19.0,140.0,0.0,0.0,0.0,0.0,0.0,0.0,0.0,0.0,0.0,0.0,0.0,0.0,0.0,0.0,0.0,0.0,0.0,0.0,0.0,0.0,0.0,0.0,0.0,0.0,0.0
19.0,150.0,0.0,0.0,0.0,0.0,0.0,0.0,0.0,0.0,0.0,0.0,0.0,0.0,0.0,0.0,0.0,0.0,0.0,0.0,0.0,0.0,0.0,0.0,0.0,0.0,0.0
19.0,160.0,0.0,0.0,0.0,0.0,0.0,0.0,0.0,0.0,0.0,0.0,0.0,0.0,0.0,0.0,0.0,0.0,0.0,0.0,0.0,0.0,0.0,0.0,0.0,0.0,0.0
20.0,0.0,0.0,0.0,0.0,0.0,0.0,0.0,0.0,0.0,0.0,0.0,0.0,0.0,0.0,0.0,0.0,0.0,0.0,0.0,0.0,0.0,0.0,0.0,0.0,0.0,0.0
20.0,10.0,0.0,0.0,0.0,0.0,0.0,0.0,0.0,0.0,0.0,0.0,0.0,0.0,0.0,0.0,0.0,0.0,0.0,0.0,0.0,0.0,0.0,0.0,0.0,0.0,0.0
20.0,20.0,5.2099576,0.3732808,0.8223452,7.6958365,0.0,4.0513463E-8,3.418966E-4,0.11999603,35.23807,0.25730124,0.010117324,0.32157663,1.4342856,4.977082,0.35798067,0.0,0.0,0.0,0.0,0.0,0.0,0.0,0.0,0.0,130.90121
20.0,30.0,16.980003,7.651456,6.9187,42.50231,0.0,1.6842831E-6,0.0018416771,1.0850234,127.14091,3.1912427,0.05870327,2.206713,10.537124,20.455046,1.8644019,0.0,0.0,0.0,0.0,0.0,0.0,0.0,0.0,0.0,480.21976
20.0,40.0,31.608068,39.38078,17.032846,103.528854,4.1587444E-4,5.001984E-6,0.0041012513,6.8417697,239.58258,12.8075905,0.24241517,6.27724,19.121975,37.58655,4.3270183,0.0,0.0,0.0,0.0,0.0,0.0,0.0,0.0,0.0,866.4357
20.0,50.0,49.698277,100.75388,20.322802,153.21909,0.35163644,2.4831968E-5,0.0069169463,11.461088,342.8577,27.98226,0.66039634,9.21735,28.11774,61.856007,6.1545453,0.0,0.0,0.0,0.0,0.0,0.0,0.0,0.0,0.0,1138.4061
20.0,60.0,68.93022,157.03545,35.014317,210.56097,1.0858984,7.196176E-5,0.025655093,15.360316,472.55478,43.713966,1.4971569,14.28167,39.01683,84.899155,9.895495,0.0,0.0,0.0,0.0,0.0,0.0,0.0,0.0,0.0,1536.1326
20.0,70.0,86.46359,215.35048,50.211395,279.13754,3.3169143,1.2098015E-4,0.02671117,22.466623,629.208,61.98258,2.8910193,18.471897,56.138657,105.28797,12.223278,0.0,0.0,0.0,0.0,0.0,0.0,0.0,0.0,0.0,1950.03
20.0,80.0,28.848917,65.62181,15.588472,88.92046,2.1624935,9.295128E-5,0.016077023,6.3565564,197.67854,18.690996,1.4718894,6.1731906,15.621655,33.28902,3.97242,0.0,0.0,0.0,0.0,0.0,0.0,0.0,0.0,0.0,606.2339
20.0,90.0,11.433905,29.299406,7.089986,38.995575,1.7032632,5.56534E-5,0.02169687,2.9413557,85.38016,8.52441,1.0392002,2.5146816,7.438529,15.13609,1.8069596,0.0,0.0,0.0,0.0,0.0,0.0,0.0,0.0,0.0,257.8122
20.0,100.0,22.704834,49.572956,12.151443,69.6236,4.2961206,1.4601079E-4,0.032129128,5.7770996,153.89662,15.220107,3.3227594,4.7577877,13.077386,27.321983,3.217394,0.0,0.0,0.0,0.0,0.0,0.0,0.0,0.0,0.0,455.00732
20.0,110.0,0.9509412,2.1955125,0.522904,2.9193306,0.25999677,5.35255E-6,0.0014447748,0.22850215,6.4746404,0.65379465,0.36618477,0.20543738,0.5505611,1.1401501,0.13413846,0.0,0.0,0.0,0.0,0.0,0.0,0.0,0.0,0.0,18.320513
20.0,120.0,0.0,0.0,0.0,0.0,0.0,0.0,0.0,0.0,0.0,0.0,0.0,0.0,0.0,0.0,0.0,0.0,0.0,0.0,0.0,0.0,0.0,0.0,0.0,0.0,0.0
20.0,130.0,0.0,0.0,0.0,0.0,0.0,0.0,0.0,0.0,0.0,0.0,0.0,0.0,0.0,0.0,0.0,0.0,0.0,0.0,0.0,0.0,0.0,0.0,0.0,0.0,0.0
20.0,140.0,0.0,0.0,0.0,0.0,0.0,0.0,0.0,0.0,0.0,0.0,0.0,0.0,0.0,0.0,0.0,0.0,0.0,0.0,0.0,0.0,0.0,0.0,0.0,0.0,0.0
20.0,150.0,0.0,0.0,0.0,0.0,0.0,0.0,0.0,0.0,0.0,0.0,0.0,0.0,0.0,0.0,0.0,0.0,0.0,0.0,0.0,0.0,0.0,0.0,0.0,0.0,0.0
20.0,160.0,0.0,0.0,0.0,0.0,0.0,0.0,0.0,0.0,0.0,0.0,0.0,0.0,0.0,0.0,0.0,0.0,0.0,0.0,0.0,0.0,0.0,0.0,0.0,0.0,0.0
