"Predation (Mpred), Starvation (Mstarv), Additional mortality (Madd), Fishing (F) & Out-of-domain (Z) mortality rates per time step of saving and per size class. Z is the total mortality for migratory fish outside the simulation grid. To get annual mortality rates, sum the mortality rates within one year."
"Time","Age","Mpred","Mstar","Mnat","F","Z","Mfor","Dis","Age"
1.0,0.0,5.6917944,0.19477598,2.5227294,0.0,0.0,0.0,0.0,0.0
1.0,2.0,0.52794594,1.020074,0.039998267,0.082952045,0.0,0.0,8.378994E-4,0.0
1.0,4.0,0.30082536,0.6721622,0.039795667,0.10623068,0.0,0.0,0.0010730373,0.0
1.0,6.0,0.25900498,0.5009837,0.039824974,0.106491156,0.0,0.0,0.0010756683,0.0
1.0,8.0,0.23894045,0.42090073,0.03965788,0.10630249,0.0,0.0,0.0010737625,0.0
1.0,10.0,0.23245965,0.42690805,0.039688796,0.10599746,0.0,0.0,0.0010706814,0.0
1.0,12.0,0.23921876,0.42082176,0.03967294,0.10616336,0.0,0.0,0.0010723572,0.0
1.0,14.0,0.0,0.0,0.0,0.0,0.0,0.0,0.0,0.0
1.0,16.0,0.0,0.0,0.0,0.0,0.0,0.0,0.0,0.0
1.0,18.0,0.0,0.0,0.0,0.0,0.0,0.0,0.0,0.0
1.0,20.0,0.0,0.0,0.0,0.0,0.0,0.0,0.0,0.0
1.0,22.0,0.0,0.0,0.0,0.0,0.0,0.0,0.0,0.0
1.0,24.0,0.0,0.0,0.0,0.0,0.0,0.0,0.0,0.0
1.0,26.0,0.0,0.0,0.0,0.0,0.0,0.0,0.0,0.0
1.0,28.0,0.0,0.0,0.0,0.0,0.0,0.0,0.0,0.0
1.0,30.0,0.0,0.0,0.0,0.0,0.0,0.0,0.0,0.0
1.0,32.0,0.0,0.0,0.0,0.0,0.0,0.0,0.0,0.0
1.0,34.0,0.0,0.0,0.0,0.0,0.0,0.0,0.0,0.0
1.0,36.0,0.0,0.0,0.0,0.0,0.0,0.0,0.0,0.0
1.0,38.0,0.0,0.0,0.0,0.0,0.0,0.0,0.0,0.0
1.0,40.0,0.0,0.0,0.0,0.0,0.0,0.0,0.0,0.0
2.0,0.0,3.7987208,0.2753983,2.087822,6.000822E-7,0.0,0.0,6.0614367E-9,0.0
2.0,2.0,1.0433532,0.74332917,0.039124675,0.1294255,0.0,0.0,0.0013073282,0.0
2.0,4.0,0.65825343,0.60461265,0.039588083,0.14022431,0.0,0.0,0.0014164072,0.0
2.0,6.0,0.47321352,0.5873052,0.039726708,0.14048238,0.0,0.0,0.001419014,0.0
2.0,8.0,0.39543796,0.54657215,0.03965621,0.1402748,0.0,0.0,0.0014169171,0.0
2.0,10.0,0.36487678,0.5424562,0.03965113,0.14025143,0.0,0.0,0.0014166811,0.0
2.0,12.0,0.37268412,0.5473291,0.039688606,0.13968182,0.0,0.0,0.0014109274,0.0
2.0,14.0,0.0,0.0,0.0,0.0,0.0,0.0,0.0,0.0
2.0,16.0,0.0,0.0,0.0,0.0,0.0,0.0,0.0,0.0
2.0,18.0,0.0,0.0,0.0,0.0,0.0,0.0,0.0,0.0
2.0,20.0,0.0,0.0,0.0,0.0,0.0,0.0,0.0,0.0
2.0,22.0,0.0,0.0,0.0,0.0,0.0,0.0,0.0,0.0
2.0,24.0,0.0,0.0,0.0,0.0,0.0,0.0,0.0,0.0
2.0,26.0,0.0,0.0,0.0,0.0,0.0,0.0,0.0,0.0
2.0,28.0,0.0,0.0,0.0,0.0,0.0,0.0,0.0,0.0
2.0,30.0,0.0,0.0,0.0,0.0,0.0,0.0,0.0,0.0
2.0,32.0,0.0,0.0,0.0,0.0,0.0,0.0,0.0,0.0
2.0,34.0,0.0,0.0,0.0,0.0,0.0,0.0,0.0,0.0
2.0,36.0,0.0,0.0,0.0,0.0,0.0,0.0,0.0,0.0
2.0,38.0,0.0,0.0,0.0,0.0,0.0,0.0,0.0,0.0
2.0,40.0,0.0,0.0,0.0,0.0,0.0,0.0,0.0,0.0
3.0,0.0,3.6111145,0.3698475,1.9843752,0.0,0.0,0.0,0.0,0.0
3.0,2.0,0.79127216,1.4331789,0.041499954,0.017162645,0.0,0.0,1.7336005E-4,0.0
3.0,4.0,1.4979476,0.51932997,0.03880526,0.05103143,0.0,0.0,5.15469E-4,0.0
3.0,6.0,1.1537254,0.52083987,0.039292328,0.051625267,0.0,0.0,5.2146736E-4,0.0
3.0,8.0,1.025131,0.53971004,0.03954216,0.05194172,0.0,0.0,5.2466383E-4,0.0
3.0,10.0,1.0282866,0.5510437,0.039584044,0.051928032,0.0,0.0,5.245256E-4,0.0
3.0,12.0,1.0575151,0.5319944,0.039653607,0.05192528,0.0,0.0,5.2449777E-4,0.0
3.0,14.0,0.0,0.0,0.0,0.0,0.0,0.0,0.0,0.0
3.0,16.0,0.0,0.0,0.0,0.0,0.0,0.0,0.0,0.0
3.0,18.0,0.0,0.0,0.0,0.0,0.0,0.0,0.0,0.0
3.0,20.0,0.0,0.0,0.0,0.0,0.0,0.0,0.0,0.0
3.0,22.0,0.0,0.0,0.0,0.0,0.0,0.0,0.0,0.0
3.0,24.0,0.0,0.0,0.0,0.0,0.0,0.0,0.0,0.0
3.0,26.0,0.0,0.0,0.0,0.0,0.0,0.0,0.0,0.0
3.0,28.0,0.0,0.0,0.0,0.0,0.0,0.0,0.0,0.0
3.0,30.0,0.0,0.0,0.0,0.0,0.0,0.0,0.0,0.0
3.0,32.0,0.0,0.0,0.0,0.0,0.0,0.0,0.0,0.0
3.0,34.0,0.0,0.0,0.0,0.0,0.0,0.0,0.0,0.0
3.0,36.0,0.0,0.0,0.0,0.0,0.0,0.0,0.0,0.0
3.0,38.0,0.0,0.0,0.0,0.0,0.0,0.0,0.0,0.0
3.0,40.0,0.0,0.0,0.0,0.0,0.0,0.0,0.0,0.0
4.0,0.0,3.324303,0.2600742,2.1818383,0.0,0.0,0.0,0.0,0.0
4.0,2.0,0.57484144,1.7323607,0.044213295,0.007966874,0.0,0.0,8.0473474E-5,0.0
4.0,4.0,2.3961637,0.42689824,0.03734292,0.08230564,0.0,0.0,8.313701E-4,0.0
4.0,6.0,1.9035373,0.47225505,0.03868342,0.08492544,0.0,0.0,8.578327E-4,0.0
4.0,8.0,1.7464929,0.4770742,0.038942643,0.08552837,0.0,0.0,8.6392293E-4,0.0
4.0,10.0,1.6816131,0.46333307,0.03912595,0.085876934,0.0,0.0,8.674438E-4,0.0
4.0,12.0,1.7076373,0.44312432,0.039249044,0.08618178,0.0,0.0,8.7052304E-4,0.0
4.0,14.0,0.0,0.0,0.0,0.0,0.0,0.0,0.0,0.0
4.0,16.0,0.0,0.0,0.0,0.0,0.0,0.0,0.0,0.0
4.0,18.0,0.0,0.0,0.0,0.0,0.0,0.0,0.0,0.0
4.0,20.0,0.0,0.0,0.0,0.0,0.0,0.0,0.0,0.0
4.0,22.0,0.0,0.0,0.0,0.0,0.0,0.0,0.0,0.0
4.0,24.0,0.0,0.0,0.0,0.0,0.0,0.0,0.0,0.0
4.0,26.0,0.0,0.0,0.0,0.0,0.0,0.0,0.0,0.0
4.0,28.0,0.0,0.0,0.0,0.0,0.0,0.0,0.0,0.0
4.0,30.0,0.0,0.0,0.0,0.0,0.0,0.0,0.0,0.0
4.0,32.0,0.0,0.0,0.0,0.0,0.0,0.0,0.0,0.0
4.0,34.0,0.0,0.0,0.0,0.0,0.0,0.0,0.0,0.0
4.0,36.0,0.0,0.0,0.0,0.0,0.0,0.0,0.0,0.0
4.0,38.0,0.0,0.0,0.0,0.0,0.0,0.0,0.0,0.0
4.0,40.0,0.0,0.0,0.0,0.0,0.0,0.0,0.0,0.0
5.0,0.0,2.9694893,0.22984634,1.9961277,0.0,0.0,0.0,0.0,0.0
5.0,2.0,0.53516483,1.3471553,0.04146527,0.03786089,0.0,0.0,3.8243324E-4,0.0
5.0,4.0,1.4090068,0.6426427,0.04101377,0.14187704,0.0,0.0,0.0014331015,0.0
5.0,6.0,1.6322167,0.2913679,0.037662897,0.13183327,0.0,0.0,0.0013316493,0.0
5.0,8.0,1.8746512,0.35390958,0.03838014,0.13399194,0.0,0.0,0.001353454,0.0
5.0,10.0,1.6278887,0.3387572,0.03893381,0.13640264,0.0,0.0,0.0013778044,0.0
5.0,12.0,1.6838852,0.37230757,0.03898449,0.13544737,0.0,0.0,0.0013681552,0.0
5.0,14.0,0.0,0.0,0.0,0.0,0.0,0.0,0.0,0.0
5.0,16.0,0.0,0.0,0.0,0.0,0.0,0.0,0.0,0.0
5.0,18.0,0.0,0.0,0.0,0.0,0.0,0.0,0.0,0.0
5.0,20.0,0.0,0.0,0.0,0.0,0.0,0.0,0.0,0.0
5.0,22.0,0.0,0.0,0.0,0.0,0.0,0.0,0.0,0.0
5.0,24.0,0.0,0.0,0.0,0.0,0.0,0.0,0.0,0.0
5.0,26.0,0.0,0.0,0.0,0.0,0.0,0.0,0.0,0.0
5.0,28.0,0.0,0.0,0.0,0.0,0.0,0.0,0.0,0.0
5.0,30.0,0.0,0.0,0.0,0.0,0.0,0.0,0.0,0.0
5.0,32.0,0.0,0.0,0.0,0.0,0.0,0.0,0.0,0.0
5.0,34.0,0.0,0.0,0.0,0.0,0.0,0.0,0.0,0.0
5.0,36.0,0.0,0.0,0.0,0.0,0.0,0.0,0.0,0.0
5.0,38.0,0.0,0.0,0.0,0.0,0.0,0.0,0.0,0.0
5.0,40.0,0.0,0.0,0.0,0.0,0.0,0.0,0.0,0.0
6.0,0.0,3.1969383,0.40918463,1.8787556,0.0,0.0,0.0,0.0,0.0
6.0,2.0,0.53584814,1.81443,0.04680806,0.037921924,0.0,0.0,3.8304972E-4,0.0
6.0,4.0,0.48275977,0.49373347,0.04224228,0.21448663,0.0,0.0,0.0021665315,0.0
6.0,6.0,3.7951152,0.18631801,0.020415124,0.103893936,0.0,0.0,0.0010494337,0.0
6.0,8.0,1.6565399,0.3166078,0.038245395,0.19440079,0.0,0.0,0.0019636443,0.0
6.0,10.0,1.9484799,0.4314422,0.037922356,0.18997449,0.0,0.0,0.0019189342,0.0
6.0,12.0,1.5873381,0.389606,0.038905643,0.19788225,0.0,0.0,0.0019988106,0.0
6.0,14.0,0.0,0.0,0.0,0.0,0.0,0.0,0.0,0.0
6.0,16.0,0.0,0.0,0.0,0.0,0.0,0.0,0.0,0.0
6.0,18.0,0.0,0.0,0.0,0.0,0.0,0.0,0.0,0.0
6.0,20.0,0.0,0.0,0.0,0.0,0.0,0.0,0.0,0.0
6.0,22.0,0.0,0.0,0.0,0.0,0.0,0.0,0.0,0.0
6.0,24.0,0.0,0.0,0.0,0.0,0.0,0.0,0.0,0.0
6.0,26.0,0.0,0.0,0.0,0.0,0.0,0.0,0.0,0.0
6.0,28.0,0.0,0.0,0.0,0.0,0.0,0.0,0.0,0.0
6.0,30.0,0.0,0.0,0.0,0.0,0.0,0.0,0.0,0.0
6.0,32.0,0.0,0.0,0.0,0.0,0.0,0.0,0.0,0.0
6.0,34.0,0.0,0.0,0.0,0.0,0.0,0.0,0.0,0.0
6.0,36.0,0.0,0.0,0.0,0.0,0.0,0.0,0.0,0.0
6.0,38.0,0.0,0.0,0.0,0.0,0.0,0.0,0.0,0.0
6.0,40.0,0.0,0.0,0.0,0.0,0.0,0.0,0.0,0.0
7.0,0.0,3.4168966,0.3023732,2.2074122,0.0,0.0,0.0,0.0,0.0
7.0,2.0,0.47462127,1.8084842,0.044868115,0.0050349673,0.0,0.0,5.0858256E-5,0.0
7.0,4.0,0.476397,0.47269642,0.04028451,0.06749155,0.0,0.0,6.8173284E-4,0.0
7.0,6.0,0.35995793,0.35864738,0.02819532,0.049069963,0.0,0.0,4.956562E-4,0.0
7.0,8.0,0.54185015,0.24934953,0.038106594,0.066365324,0.0,0.0,6.703568E-4,0.0
7.0,10.0,1.756694,0.11083803,0.030568948,0.05166514,0.0,0.0,5.218701E-4,0.0
7.0,12.0,0.6653393,0.15915811,0.03822034,0.06652754,0.0,0.0,6.7199534E-4,0.0
7.0,14.0,0.0,0.0,0.0,0.0,0.0,0.0,0.0,0.0
7.0,16.0,0.0,0.0,0.0,0.0,0.0,0.0,0.0,0.0
7.0,18.0,0.0,0.0,0.0,0.0,0.0,0.0,0.0,0.0
7.0,20.0,0.0,0.0,0.0,0.0,0.0,0.0,0.0,0.0
7.0,22.0,0.0,0.0,0.0,0.0,0.0,0.0,0.0,0.0
7.0,24.0,0.0,0.0,0.0,0.0,0.0,0.0,0.0,0.0
7.0,26.0,0.0,0.0,0.0,0.0,0.0,0.0,0.0,0.0
7.0,28.0,0.0,0.0,0.0,0.0,0.0,0.0,0.0,0.0
7.0,30.0,0.0,0.0,0.0,0.0,0.0,0.0,0.0,0.0
7.0,32.0,0.0,0.0,0.0,0.0,0.0,0.0,0.0,0.0
7.0,34.0,0.0,0.0,0.0,0.0,0.0,0.0,0.0,0.0
7.0,36.0,0.0,0.0,0.0,0.0,0.0,0.0,0.0,0.0
7.0,38.0,0.0,0.0,0.0,0.0,0.0,0.0,0.0,0.0
7.0,40.0,0.0,0.0,0.0,0.0,0.0,0.0,0.0,0.0
8.0,0.0,3.3298316,0.28425294,2.0549371,0.0,0.0,0.0,0.0,0.0
8.0,2.0,0.45603275,1.5848259,0.042006854,0.007848256,0.0,0.0,7.927531E-5,0.0
8.0,4.0,0.48102778,0.5477763,0.04323118,0.062482152,0.0,0.0,6.3113286E-4,0.0
8.0,6.0,0.4506022,0.3237087,0.04274221,0.061562236,0.0,0.0,6.2184077E-4,0.0
8.0,8.0,0.2605451,0.0,0.0051077786,0.0074602277,0.0,0.0,7.5355834E-5,0.0
8.0,10.0,0.0,0.0,0.0,0.0,0.0,0.0,0.0,0.0
8.0,12.0,0.12914903,0.12502356,0.012879514,0.018956922,0.0,0.0,1.9148407E-4,0.0
8.0,14.0,0.0,0.0,0.0,0.0,0.0,0.0,0.0,0.0
8.0,16.0,0.0,0.0,0.0,0.0,0.0,0.0,0.0,0.0
8.0,18.0,0.0,0.0,0.0,0.0,0.0,0.0,0.0,0.0
8.0,20.0,0.0,0.0,0.0,0.0,0.0,0.0,0.0,0.0
8.0,22.0,0.0,0.0,0.0,0.0,0.0,0.0,0.0,0.0
8.0,24.0,0.0,0.0,0.0,0.0,0.0,0.0,0.0,0.0
8.0,26.0,0.0,0.0,0.0,0.0,0.0,0.0,0.0,0.0
8.0,28.0,0.0,0.0,0.0,0.0,0.0,0.0,0.0,0.0
8.0,30.0,0.0,0.0,0.0,0.0,0.0,0.0,0.0,0.0
8.0,32.0,0.0,0.0,0.0,0.0,0.0,0.0,0.0,0.0
8.0,34.0,0.0,0.0,0.0,0.0,0.0,0.0,0.0,0.0
8.0,36.0,0.0,0.0,0.0,0.0,0.0,0.0,0.0,0.0
8.0,38.0,0.0,0.0,0.0,0.0,0.0,0.0,0.0,0.0
8.0,40.0,0.0,0.0,0.0,0.0,0.0,0.0,0.0,0.0
9.0,0.0,3.5516877,0.37397838,2.1452825,0.0,0.0,0.0,0.0,0.0
9.0,2.0,0.45340696,1.8077961,0.04527405,0.0054391674,0.0,0.0,5.4941083E-5,0.0
9.0,4.0,0.41003764,0.6247846,0.04226784,0.036599956,0.0,0.0,3.6969653E-4,0.0
9.0,6.0,0.4724117,0.29919294,0.040215153,0.034963988,0.0,0.0,3.5317158E-4,0.0
9.0,8.0,0.3463694,0.24728349,0.029426407,0.025849754,0.0,0.0,2.6110862E-4,0.0
9.0,10.0,0.0,0.0,0.0,0.0,0.0,0.0,0.0,0.0
9.0,12.0,0.0,0.0,0.0,0.0,0.0,0.0,0.0,0.0
9.0,14.0,0.0,0.0,0.0,0.0,0.0,0.0,0.0,0.0
9.0,16.0,0.0,0.0,0.0,0.0,0.0,0.0,0.0,0.0
9.0,18.0,0.0,0.0,0.0,0.0,0.0,0.0,0.0,0.0
9.0,20.0,0.0,0.0,0.0,0.0,0.0,0.0,0.0,0.0
9.0,22.0,0.0,0.0,0.0,0.0,0.0,0.0,0.0,0.0
9.0,24.0,0.0,0.0,0.0,0.0,0.0,0.0,0.0,0.0
9.0,26.0,0.0,0.0,0.0,0.0,0.0,0.0,0.0,0.0
9.0,28.0,0.0,0.0,0.0,0.0,0.0,0.0,0.0,0.0
9.0,30.0,0.0,0.0,0.0,0.0,0.0,0.0,0.0,0.0
9.0,32.0,0.0,0.0,0.0,0.0,0.0,0.0,0.0,0.0
9.0,34.0,0.0,0.0,0.0,0.0,0.0,0.0,0.0,0.0
9.0,36.0,0.0,0.0,0.0,0.0,0.0,0.0,0.0,0.0
9.0,38.0,0.0,0.0,0.0,0.0,0.0,0.0,0.0,0.0
9.0,40.0,0.0,0.0,0.0,0.0,0.0,0.0,0.0,0.0
10.0,0.0,3.7879295,0.32176638,2.2003415,0.0,0.0,0.0,0.0,0.0
10.0,2.0,0.431921,1.7488526,0.04410441,0.014705033,0.0,0.0,1.4853569E-4,0.0
10.0,4.0,0.37389782,0.5261754,0.040495943,0.15742655,0.0,0.0,0.0015901672,0.0
10.0,6.0,0.40556484,0.32568386,0.042586587,0.16562518,0.0,0.0,0.0016729818,0.0
10.0,8.0,0.43980554,0.24641961,0.043217562,0.17076917,0.0,0.0,0.0017249412,0.0
10.0,10.0,0.0,0.0,0.0,0.0,0.0,0.0,0.0,0.0
10.0,12.0,0.0,0.0,0.0,0.0,0.0,0.0,0.0,0.0
10.0,14.0,0.0,0.0,0.0,0.0,0.0,0.0,0.0,0.0
10.0,16.0,0.0,0.0,0.0,0.0,0.0,0.0,0.0,0.0
10.0,18.0,0.0,0.0,0.0,0.0,0.0,0.0,0.0,0.0
10.0,20.0,0.0,0.0,0.0,0.0,0.0,0.0,0.0,0.0
10.0,22.0,0.0,0.0,0.0,0.0,0.0,0.0,0.0,0.0
10.0,24.0,0.0,0.0,0.0,0.0,0.0,0.0,0.0,0.0
10.0,26.0,0.0,0.0,0.0,0.0,0.0,0.0,0.0,0.0
10.0,28.0,0.0,0.0,0.0,0.0,0.0,0.0,0.0,0.0
10.0,30.0,0.0,0.0,0.0,0.0,0.0,0.0,0.0,0.0
10.0,32.0,0.0,0.0,0.0,0.0,0.0,0.0,0.0,0.0
10.0,34.0,0.0,0.0,0.0,0.0,0.0,0.0,0.0,0.0
10.0,36.0,0.0,0.0,0.0,0.0,0.0,0.0,0.0,0.0
10.0,38.0,0.0,0.0,0.0,0.0,0.0,0.0,0.0,0.0
10.0,40.0,0.0,0.0,0.0,0.0,0.0,0.0,0.0,0.0
11.0,0.0,3.6309898,0.27126276,2.2328,0.0,0.0,0.0,0.0,0.0
11.0,2.0,0.38825533,1.5017211,0.042477325,0.010584955,0.0,0.0,1.06918735E-4,0.0
11.0,4.0,0.35367015,0.5801385,0.042196877,0.06772389,0.0,0.0,6.840797E-4,0.0
11.0,6.0,0.38847396,0.36515936,0.041877806,0.06780347,0.0,0.0,6.8488356E-4,0.0
11.0,8.0,0.43140408,0.34169674,0.040283907,0.064798616,0.0,0.0,6.5453147E-4,0.0
11.0,10.0,0.49963164,0.033931527,0.04748897,0.07725038,0.0,0.0,7.803068E-4,0.0
11.0,12.0,0.0,0.0,0.0,0.0,0.0,0.0,0.0,0.0
11.0,14.0,0.0,0.0,0.0,0.0,0.0,0.0,0.0,0.0
11.0,16.0,0.0,0.0,0.0,0.0,0.0,0.0,0.0,0.0
11.0,18.0,0.0,0.0,0.0,0.0,0.0,0.0,0.0,0.0
11.0,20.0,0.0,0.0,0.0,0.0,0.0,0.0,0.0,0.0
11.0,22.0,0.0,0.0,0.0,0.0,0.0,0.0,0.0,0.0
11.0,24.0,0.0,0.0,0.0,0.0,0.0,0.0,0.0,0.0
11.0,26.0,0.0,0.0,0.0,0.0,0.0,0.0,0.0,0.0
11.0,28.0,0.0,0.0,0.0,0.0,0.0,0.0,0.0,0.0
11.0,30.0,0.0,0.0,0.0,0.0,0.0,0.0,0.0,0.0
11.0,32.0,0.0,0.0,0.0,0.0,0.0,0.0,0.0,0.0
11.0,34.0,0.0,0.0,0.0,0.0,0.0,0.0,0.0,0.0
11.0,36.0,0.0,0.0,0.0,0.0,0.0,0.0,0.0,0.0
11.0,38.0,0.0,0.0,0.0,0.0,0.0,0.0,0.0,0.0
11.0,40.0,0.0,0.0,0.0,0.0,0.0,0.0,0.0,0.0
12.0,0.0,3.596634,0.34312567,2.0953019,0.0,0.0,0.0,0.0,0.0
12.0,2.0,0.4482429,1.664052,0.043420237,0.015784048,0.0,0.0,1.5943483E-4,0.0
12.0,4.0,0.32667723,0.63588184,0.041936383,0.1021213,0.0,0.0,0.0010315283,0.0
12.0,6.0,0.35513833,0.3513914,0.040367182,0.099621005,0.0,0.0,0.0010062727,0.0
12.0,8.0,0.40773183,0.27637485,0.04243645,0.105200626,0.0,0.0,0.0010626327,0.0
12.0,10.0,0.380753,0.38017362,0.043168385,0.1070017,0.0,0.0,0.0010808252,0.0
12.0,12.0,0.0,0.0,0.0,0.0,0.0,0.0,0.0,0.0
12.0,14.0,0.0,0.0,0.0,0.0,0.0,0.0,0.0,0.0
12.0,16.0,0.0,0.0,0.0,0.0,0.0,0.0,0.0,0.0
12.0,18.0,0.0,0.0,0.0,0.0,0.0,0.0,0.0,0.0
12.0,20.0,0.0,0.0,0.0,0.0,0.0,0.0,0.0,0.0
12.0,22.0,0.0,0.0,0.0,0.0,0.0,0.0,0.0,0.0
12.0,24.0,0.0,0.0,0.0,0.0,0.0,0.0,0.0,0.0
12.0,26.0,0.0,0.0,0.0,0.0,0.0,0.0,0.0,0.0
12.0,28.0,0.0,0.0,0.0,0.0,0.0,0.0,0.0,0.0
12.0,30.0,0.0,0.0,0.0,0.0,0.0,0.0,0.0,0.0
12.0,32.0,0.0,0.0,0.0,0.0,0.0,0.0,0.0,0.0
12.0,34.0,0.0,0.0,0.0,0.0,0.0,0.0,0.0,0.0
12.0,36.0,0.0,0.0,0.0,0.0,0.0,0.0,0.0,0.0
12.0,38.0,0.0,0.0,0.0,0.0,0.0,0.0,0.0,0.0
12.0,40.0,0.0,0.0,0.0,0.0,0.0,0.0,0.0,0.0
13.0,0.0,4.0150113,0.36763424,2.133832,0.0,0.0,0.0,0.0,0.0
13.0,2.0,0.46432424,1.6978806,0.04425023,0.011763536,0.0,0.0,1.18823606E-4,0.0
13.0,4.0,0.29077035,0.48878938,0.04059251,0.09250563,0.0,0.0,9.3440025E-4,0.0
13.0,6.0,0.2971491,0.372437,0.041589476,0.09502239,0.0,0.0,9.598221E-4,0.0
13.0,8.0,0.37833422,0.24283867,0.041906506,0.09568139,0.0,0.0,9.664787E-4,0.0
13.0,10.0,0.56301266,0.14782739,0.04026278,0.09285632,0.0,0.0,9.379426E-4,0.0
13.0,12.0,0.40735257,0.097147636,0.050789148,0.11710887,0.0,0.0,0.0011829179,0.0
13.0,14.0,0.0,0.0,0.0,0.0,0.0,0.0,0.0,0.0
13.0,16.0,0.0,0.0,0.0,0.0,0.0,0.0,0.0,0.0
13.0,18.0,0.0,0.0,0.0,0.0,0.0,0.0,0.0,0.0
13.0,20.0,0.0,0.0,0.0,0.0,0.0,0.0,0.0,0.0
13.0,22.0,0.0,0.0,0.0,0.0,0.0,0.0,0.0,0.0
13.0,24.0,0.0,0.0,0.0,0.0,0.0,0.0,0.0,0.0
13.0,26.0,0.0,0.0,0.0,0.0,0.0,0.0,0.0,0.0
13.0,28.0,0.0,0.0,0.0,0.0,0.0,0.0,0.0,0.0
13.0,30.0,0.0,0.0,0.0,0.0,0.0,0.0,0.0,0.0
13.0,32.0,0.0,0.0,0.0,0.0,0.0,0.0,0.0,0.0
13.0,34.0,0.0,0.0,0.0,0.0,0.0,0.0,0.0,0.0
13.0,36.0,0.0,0.0,0.0,0.0,0.0,0.0,0.0,0.0
13.0,38.0,0.0,0.0,0.0,0.0,0.0,0.0,0.0,0.0
13.0,40.0,0.0,0.0,0.0,0.0,0.0,0.0,0.0,0.0
14.0,0.0,4.04102,0.2828509,2.2419066,0.0,0.0,0.0,0.0,0.0
14.0,2.0,0.5088684,1.672468,0.043191813,0.009442742,0.0,0.0,9.5381234E-5,0.0
14.0,4.0,0.31144255,0.5474617,0.04094951,0.094133966,0.0,0.0,9.5084816E-4,0.0
14.0,6.0,0.27367094,0.40935627,0.04171409,0.09455453,0.0,0.0,9.550962E-4,0.0
14.0,8.0,0.2624424,0.2939075,0.040329833,0.09352864,0.0,0.0,9.447338E-4,0.0
14.0,10.0,0.3239093,0.32438454,0.04288609,0.09838455,0.0,0.0,9.937834E-4,0.0
14.0,12.0,0.23820305,0.24233067,0.042432785,0.09760778,0.0,0.0,9.859371E-4,0.0
14.0,14.0,0.0,0.0,0.0,0.0,0.0,0.0,0.0,0.0
14.0,16.0,0.0,0.0,0.0,0.0,0.0,0.0,0.0,0.0
14.0,18.0,0.0,0.0,0.0,0.0,0.0,0.0,0.0,0.0
14.0,20.0,0.0,0.0,0.0,0.0,0.0,0.0,0.0,0.0
14.0,22.0,0.0,0.0,0.0,0.0,0.0,0.0,0.0,0.0
14.0,24.0,0.0,0.0,0.0,0.0,0.0,0.0,0.0,0.0
14.0,26.0,0.0,0.0,0.0,0.0,0.0,0.0,0.0,0.0
14.0,28.0,0.0,0.0,0.0,0.0,0.0,0.0,0.0,0.0
14.0,30.0,0.0,0.0,0.0,0.0,0.0,0.0,0.0,0.0
14.0,32.0,0.0,0.0,0.0,0.0,0.0,0.0,0.0,0.0
14.0,34.0,0.0,0.0,0.0,0.0,0.0,0.0,0.0,0.0
14.0,36.0,0.0,0.0,0.0,0.0,0.0,0.0,0.0,0.0
14.0,38.0,0.0,0.0,0.0,0.0,0.0,0.0,0.0,0.0
14.0,40.0,0.0,0.0,0.0,0.0,0.0,0.0,0.0,0.0
15.0,0.0,3.9050417,0.28295752,2.1539018,0.0,0.0,0.0,0.0,0.0
15.0,2.0,0.5507359,1.540896,0.04240096,0.02815421,0.0,0.0,2.8438595E-4,0.0
15.0,4.0,0.30700836,0.5842415,0.04141804,0.13748825,0.0,0.0,0.0013887701,0.0
15.0,6.0,0.23576629,0.34756798,0.040245153,0.13678749,0.0,0.0,0.0013816919,0.0
15.0,8.0,0.25560305,0.2768132,0.041376125,0.13958828,0.0,0.0,0.0014099826,0.0
15.0,10.0,0.34390432,0.28322086,0.042358093,0.14462884,0.0,0.0,0.0014608974,0.0
15.0,12.0,0.2688819,0.22831309,0.03992693,0.1364585,0.0,0.0,0.0013783687,0.0
15.0,14.0,0.0,0.0,0.0,0.0,0.0,0.0,0.0,0.0
15.0,16.0,0.0,0.0,0.0,0.0,0.0,0.0,0.0,0.0
15.0,18.0,0.0,0.0,0.0,0.0,0.0,0.0,0.0,0.0
15.0,20.0,0.0,0.0,0.0,0.0,0.0,0.0,0.0,0.0
15.0,22.0,0.0,0.0,0.0,0.0,0.0,0.0,0.0,0.0
15.0,24.0,0.0,0.0,0.0,0.0,0.0,0.0,0.0,0.0
15.0,26.0,0.0,0.0,0.0,0.0,0.0,0.0,0.0,0.0
15.0,28.0,0.0,0.0,0.0,0.0,0.0,0.0,0.0,0.0
15.0,30.0,0.0,0.0,0.0,0.0,0.0,0.0,0.0,0.0
15.0,32.0,0.0,0.0,0.0,0.0,0.0,0.0,0.0,0.0
15.0,34.0,0.0,0.0,0.0,0.0,0.0,0.0,0.0,0.0
15.0,36.0,0.0,0.0,0.0,0.0,0.0,0.0,0.0,0.0
15.0,38.0,0.0,0.0,0.0,0.0,0.0,0.0,0.0,0.0
15.0,40.0,0.0,0.0,0.0,0.0,0.0,0.0,0.0,0.0
16.0,0.0,3.6032333,0.27797684,2.160795,0.0,0.0,0.0,0.0,0.0
16.0,2.0,0.7091999,1.7572069,0.045565076,0.019402422,0.0,0.0,1.9598406E-4,0.0
16.0,4.0,0.34892637,0.50740325,0.041067686,0.119290926,0.0,0.0,0.0012049589,0.0
16.0,6.0,0.23465705,0.28931668,0.04047524,0.11790508,0.0,0.0,0.0011909604,0.0
16.0,8.0,0.23583096,0.27702743,0.041521717,0.12109106,0.0,0.0,0.001223142,0.0
16.0,10.0,0.27903795,0.19317451,0.040367115,0.11717977,0.0,0.0,0.001183634,0.0
16.0,12.0,0.23810987,0.18127927,0.042552188,0.123374544,0.0,0.0,0.0012462075,0.0
16.0,14.0,0.0,0.0,0.0,0.0,0.0,0.0,0.0,0.0
16.0,16.0,0.0,0.0,0.0,0.0,0.0,0.0,0.0,0.0
16.0,18.0,0.0,0.0,0.0,0.0,0.0,0.0,0.0,0.0
16.0,20.0,0.0,0.0,0.0,0.0,0.0,0.0,0.0,0.0
16.0,22.0,0.0,0.0,0.0,0.0,0.0,0.0,0.0,0.0
16.0,24.0,0.0,0.0,0.0,0.0,0.0,0.0,0.0,0.0
16.0,26.0,0.0,0.0,0.0,0.0,0.0,0.0,0.0,0.0
16.0,28.0,0.0,0.0,0.0,0.0,0.0,0.0,0.0,0.0
16.0,30.0,0.0,0.0,0.0,0.0,0.0,0.0,0.0,0.0
16.0,32.0,0.0,0.0,0.0,0.0,0.0,0.0,0.0,0.0
16.0,34.0,0.0,0.0,0.0,0.0,0.0,0.0,0.0,0.0
16.0,36.0,0.0,0.0,0.0,0.0,0.0,0.0,0.0,0.0
16.0,38.0,0.0,0.0,0.0,0.0,0.0,0.0,0.0,0.0
16.0,40.0,0.0,0.0,0.0,0.0,0.0,0.0,0.0,0.0
17.0,0.0,4.02416,0.2320237,2.1836126,0.0,0.0,0.0,0.0,0.0
17.0,2.0,0.7562968,1.5924464,0.043458004,0.02142084,0.0,0.0,2.1637212E-4,0.0
17.0,4.0,0.35286316,0.52511835,0.040103532,0.17076838,0.0,0.0,0.0017249332,0.0
17.0,6.0,0.27514246,0.33646202,0.04077382,0.17524067,0.0,0.0,0.0017701078,0.0
17.0,8.0,0.22810593,0.24559012,0.040134583,0.17158203,0.0,0.0,0.0017331517,0.0
17.0,10.0,0.25363103,0.22437441,0.04126292,0.17236397,0.0,0.0,0.0017410502,0.0
17.0,12.0,0.3061083,0.20487714,0.042326268,0.18169373,0.0,0.0,0.0018352902,0.0
17.0,14.0,0.0,0.0,0.0,0.0,0.0,0.0,0.0,0.0
17.0,16.0,0.0,0.0,0.0,0.0,0.0,0.0,0.0,0.0
17.0,18.0,0.0,0.0,0.0,0.0,0.0,0.0,0.0,0.0
17.0,20.0,0.0,0.0,0.0,0.0,0.0,0.0,0.0,0.0
17.0,22.0,0.0,0.0,0.0,0.0,0.0,0.0,0.0,0.0
17.0,24.0,0.0,0.0,0.0,0.0,0.0,0.0,0.0,0.0
17.0,26.0,0.0,0.0,0.0,0.0,0.0,0.0,0.0,0.0
17.0,28.0,0.0,0.0,0.0,0.0,0.0,0.0,0.0,0.0
17.0,30.0,0.0,0.0,0.0,0.0,0.0,0.0,0.0,0.0
17.0,32.0,0.0,0.0,0.0,0.0,0.0,0.0,0.0,0.0
17.0,34.0,0.0,0.0,0.0,0.0,0.0,0.0,0.0,0.0
17.0,36.0,0.0,0.0,0.0,0.0,0.0,0.0,0.0,0.0
17.0,38.0,0.0,0.0,0.0,0.0,0.0,0.0,0.0,0.0
17.0,40.0,0.0,0.0,0.0,0.0,0.0,0.0,0.0,0.0
18.0,0.0,4.084984,0.22616948,2.2343814,0.0,0.0,0.0,0.0,0.0
18.0,2.0,0.94827473,1.6986419,0.044574033,0.0071876342,0.0,0.0,7.2602365E-5,0.0
18.0,4.0,0.41414607,0.47863016,0.041187387,0.05075034,0.0,0.0,5.1262975E-4,0.0
18.0,6.0,0.26566613,0.32124576,0.040521204,0.05026923,0.0,0.0,5.0777E-4,0.0
18.0,8.0,0.23464662,0.2770676,0.040271796,0.0496639,0.0,0.0,5.0165557E-4,0.0
18.0,10.0,0.25834438,0.20238632,0.041585006,0.050863326,0.0,0.0,5.1377097E-4,0.0
18.0,12.0,0.24750526,0.1824254,0.040305857,0.049880963,0.0,0.0,5.038481E-4,0.0
18.0,14.0,0.0,0.0,0.0,0.0,0.0,0.0,0.0,0.0
18.0,16.0,0.0,0.0,0.0,0.0,0.0,0.0,0.0,0.0
18.0,18.0,0.0,0.0,0.0,0.0,0.0,0.0,0.0,0.0
18.0,20.0,0.0,0.0,0.0,0.0,0.0,0.0,0.0,0.0
18.0,22.0,0.0,0.0,0.0,0.0,0.0,0.0,0.0,0.0
18.0,24.0,0.0,0.0,0.0,0.0,0.0,0.0,0.0,0.0
18.0,26.0,0.0,0.0,0.0,0.0,0.0,0.0,0.0,0.0
18.0,28.0,0.0,0.0,0.0,0.0,0.0,0.0,0.0,0.0
18.0,30.0,0.0,0.0,0.0,0.0,0.0,0.0,0.0,0.0
18.0,32.0,0.0,0.0,0.0,0.0,0.0,0.0,0.0,0.0
18.0,34.0,0.0,0.0,0.0,0.0,0.0,0.0,0.0,0.0
18.0,36.0,0.0,0.0,0.0,0.0,0.0,0.0,0.0,0.0
18.0,38.0,0.0,0.0,0.0,0.0,0.0,0.0,0.0,0.0
18.0,40.0,0.0,0.0,0.0,0.0,0.0,0.0,0.0,0.0
19.0,0.0,4.0616345,0.19981329,2.1211011,0.0,0.0,0.0,0.0,0.0
19.0,2.0,1.1194618,1.6306667,0.04355782,0.024282243,0.0,0.0,2.4527518E-4,0.0
19.0,4.0,0.52678496,0.5231851,0.040951297,0.13767974,0.0,0.0,0.0013907044,0.0
19.0,6.0,0.3075029,0.31311348,0.039699107,0.13302284,0.0,0.0,0.0013436652,0.0
19.0,8.0,0.29011184,0.24849078,0.040586885,0.13696021,0.0,0.0,0.0013834364,0.0
19.0,10.0,0.27609053,0.219399,0.04002165,0.13398945,0.0,0.0,0.0013534288,0.0
19.0,12.0,0.3090091,0.16721258,0.041267343,0.13961709,0.0,0.0,0.0014102736,0.0
19.0,14.0,0.0,0.0,0.0,0.0,0.0,0.0,0.0,0.0
19.0,16.0,0.0,0.0,0.0,0.0,0.0,0.0,0.0,0.0
19.0,18.0,0.0,0.0,0.0,0.0,0.0,0.0,0.0,0.0
19.0,20.0,0.0,0.0,0.0,0.0,0.0,0.0,0.0,0.0
19.0,22.0,0.0,0.0,0.0,0.0,0.0,0.0,0.0,0.0
19.0,24.0,0.0,0.0,0.0,0.0,0.0,0.0,0.0,0.0
19.0,26.0,0.0,0.0,0.0,0.0,0.0,0.0,0.0,0.0
19.0,28.0,0.0,0.0,0.0,0.0,0.0,0.0,0.0,0.0
19.0,30.0,0.0,0.0,0.0,0.0,0.0,0.0,0.0,0.0
19.0,32.0,0.0,0.0,0.0,0.0,0.0,0.0,0.0,0.0
19.0,34.0,0.0,0.0,0.0,0.0,0.0,0.0,0.0,0.0
19.0,36.0,0.0,0.0,0.0,0.0,0.0,0.0,0.0,0.0
19.0,38.0,0.0,0.0,0.0,0.0,0.0,0.0,0.0,0.0
19.0,40.0,0.0,0.0,0.0,0.0,0.0,0.0,0.0,0.0
20.0,0.0,4.304788,0.21113202,2.1477227,0.0,0.0,0.0,0.0,0.0
20.0,2.0,1.3264604,1.5814404,0.04454664,0.019164598,0.0,0.0,1.935818E-4,0.0
20.0,4.0,0.61400574,0.54165053,0.04125618,0.12836309,0.0,0.0,0.0012965968,0.0
20.0,6.0,0.36974287,0.27825636,0.040338,0.12545963,0.0,0.0,0.001267269,0.0
20.0,8.0,0.30779004,0.2445969,0.0404223,0.12586845,0.0,0.0,0.0012713985,0.0
20.0,10.0,0.30214828,0.24164188,0.040192436,0.12567674,0.0,0.0,0.001269462,0.0
20.0,12.0,0.32680804,0.20764235,0.041486833,0.1278887,0.0,0.0,0.0012918051,0.0
20.0,14.0,0.0,0.0,0.0,0.0,0.0,0.0,0.0,0.0
20.0,16.0,0.0,0.0,0.0,0.0,0.0,0.0,0.0,0.0
20.0,18.0,0.0,0.0,0.0,0.0,0.0,0.0,0.0,0.0
20.0,20.0,0.0,0.0,0.0,0.0,0.0,0.0,0.0,0.0
20.0,22.0,0.0,0.0,0.0,0.0,0.0,0.0,0.0,0.0
20.0,24.0,0.0,0.0,0.0,0.0,0.0,0.0,0.0,0.0
20.0,26.0,0.0,0.0,0.0,0.0,0.0,0.0,0.0,0.0
20.0,28.0,0.0,0.0,0.0,0.0,0.0,0.0,0.0,0.0
20.0,30.0,0.0,0.0,0.0,0.0,0.0,0.0,0.0,0.0
20.0,32.0,0.0,0.0,0.0,0.0,0.0,0.0,0.0,0.0
20.0,34.0,0.0,0.0,0.0,0.0,0.0,0.0,0.0,0.0
20.0,36.0,0.0,0.0,0.0,0.0,0.0,0.0,0.0,0.0
20.0,38.0,0.0,0.0,0.0,0.0,0.0,0.0,0.0,0.0
20.0,40.0,0.0,0.0,0.0,0.0,0.0,0.0,0.0,0.0
